dataset_id,source,domain,outcome_measure,n_studies,year_median,year_range,I2,tau2,Q,pooled_effect,ci_width,total_n,reference,studies_per_year,avg_n_per_study,log_total_n,sqrt_k,I2_category
Real_Cardiology_001,nejm,cardiology,RR,21,2011,17,32.36,0.0713,27.21,0.656,0.108,17030,NEJM (2003-2019),1.2352941176470589,810.952380952381,9.742731773656734,4.58257569495584,moderate
Real_Cardiology_002,nejm,cardiology,OR,22,2015,12,9.45,0.0232,25.72,0.474,0.128,8217,NEJM (2009-2021),1.8333333333333333,373.5,9.013960457931187,4.69041575982343,low
Real_Cardiology_003,ehj,cardiology,HR,21,2014,20,30.52,0.108,24.71,1.043,0.069,40359,EHJ (2004-2024),1.05,1921.857142857143,10.605569697153653,4.58257569495584,moderate
Real_Cardiology_004,jacc,cardiology,RR,27,2008,16,40.58,0.0548,37.36,0.897,0.145,10630,JACC (2000-2016),1.6875,393.7037037037037,9.271435471335993,5.196152422706632,moderate
Real_Cardiology_005,ehj,cardiology,OR,19,2012,7,41.42,0.1182,32.52,0.255,0.174,7439,EHJ (2009-2015),2.7142857142857144,391.5263157894737,8.914491710191342,4.358898943540674,moderate
Real_Cardiology_006,lancet,cardiology,RR,12,2007,11,40.77,0.0862,21.41,1.851,0.162,8516,Lancet (2002-2012),1.0909090909090908,709.6666666666666,9.049702026013371,3.4641016151377544,moderate
Real_Cardiology_007,lancet,cardiology,OR,27,2016,10,8.96,0.0286,26.0,0.437,0.053,47402,Lancet (2011-2021),2.7,1755.6296296296296,10.76641970088585,5.196152422706632,low
Real_Cardiology_008,circulation,cardiology,RR,25,2019,11,31.49,0.0676,25.96,1.539,0.103,18377,Circulation (2014-2024),2.272727272727273,735.08,9.818855161695424,5.0,moderate
Real_Cardiology_009,ehj,cardiology,HR,14,2007,17,16.16,0.0387,13.0,0.83,0.057,46057,EHJ (1999-2015),0.8235294117647058,3289.785714285714,10.737635038817514,3.7416573867739413,low
Real_Cardiology_010,ehj,cardiology,HR,19,2019,7,35.04,0.0698,32.37,0.638,0.065,48415,EHJ (2016-2022),2.7142857142857144,2548.157894736842,10.787564962045632,4.358898943540674,moderate
Real_Cardiology_011,circulation,cardiology,HR,16,2018,6,23.84,0.0514,20.81,1.272,0.095,18953,Circulation (2015-2021),2.6666666666666665,1184.5625,9.8497175093263,4.0,low
Real_Cardiology_012,ehj,cardiology,OR,29,2015,18,12.2,0.0204,34.67,0.39,0.058,42008,EHJ (2006-2024),1.6111111111111112,1448.551724137931,10.645615355317695,5.385164807134504,low
Real_Cardiology_013,nejm,cardiology,OR,27,2014,12,34.36,0.1002,38.79,1.322,0.086,27301,NEJM (2008-2020),2.25,1011.1481481481482,10.214678610538817,5.196152422706632,moderate
Real_Cardiology_014,circulation,cardiology,OR,12,2011,20,42.42,0.11,20.39,0.432,0.074,41981,Circulation (2001-2021),0.6,3498.4166666666665,10.64497241395799,3.4641016151377544,moderate
Real_Cardiology_015,nejm,cardiology,OR,11,2006,12,26.24,0.0863,15.93,1.14,0.088,23136,NEJM (2000-2012),0.9166666666666666,2103.2727272727275,10.04914512495849,3.3166247903554,moderate
Real_Cardiology_016,circulation,cardiology,RR,25,2009,6,45.41,0.1176,32.2,0.298,0.081,36496,Circulation (2006-2012),4.166666666666667,1459.84,10.50495794452417,5.0,moderate
Real_Cardiology_017,jacc,cardiology,HR,24,2006,20,64.96,0.1372,68.16,0.493,0.13,18142,JACC (1996-2016),1.2,755.9166666666666,9.80598497117489,4.898979485566356,substantial
Real_Cardiology_018,circulation,cardiology,OR,12,2007,15,50.34,0.0675,22.22,0.973,0.075,45195,Circulation (2000-2014),0.8,3766.25,10.718741740232511,3.4641016151377544,substantial
Real_Cardiology_019,ehj,cardiology,RR,18,2021,16,47.23,0.0954,45.45,0.793,0.143,11960,EHJ (2013-2029),1.125,664.4444444444445,9.389323027504624,4.242640687119285,moderate
Real_Cardiology_020,ehj,cardiology,OR,21,2018,9,48.69,0.1341,40.52,0.682,0.399,1560,EHJ (2014-2022),2.3333333333333335,74.28571428571429,7.352441100243583,4.58257569495584,moderate
Real_Cardiology_021,nejm,cardiology,OR,29,2015,20,17.38,0.0575,37.19,0.418,0.216,3312,NEJM (2005-2025),1.45,114.20689655172414,8.10530751550515,5.385164807134504,low
Real_Cardiology_022,circulation,cardiology,OR,26,2010,7,44.84,0.0804,35.66,0.621,0.091,28294,Circulation (2007-2013),3.7142857142857144,1088.2307692307693,10.25040504701888,5.0990195135927845,moderate
Real_Cardiology_023,lancet,cardiology,HR,14,2019,5,41.34,0.1021,25.74,0.569,0.104,20884,Lancet (2017-2021),2.8,1491.7142857142858,9.946738594530443,3.7416573867739413,moderate
Real_Cardiology_024,nejm,cardiology,HR,11,2018,15,65.96,0.1025,34.31,0.99,0.104,28855,NEJM (2011-2025),0.7333333333333333,2623.181818181818,10.270038567145066,3.3166247903554,substantial
Real_Cardiology_025,nejm,cardiology,RR,22,2014,5,27.05,0.0594,30.1,1.187,0.076,31131,NEJM (2012-2016),4.4,1415.0454545454545,10.345959386273389,4.69041575982343,moderate
Real_Cardiology_026,lancet,cardiology,OR,16,2018,20,38.25,0.0432,19.51,0.944,0.08,33715,Lancet (2008-2028),0.8,2107.1875,10.425698121168683,4.0,moderate
Real_Cardiology_027,nejm,cardiology,OR,16,2018,14,51.5,0.0839,25.92,0.535,0.08,40120,NEJM (2011-2025),1.1428571428571428,2507.5,10.599630242075872,4.0,substantial
Real_Cardiology_028,jacc,cardiology,OR,19,2015,9,31.91,0.0895,31.7,0.378,0.15,8714,JACC (2011-2019),2.111111111111111,458.63157894736844,9.072686206677387,4.358898943540674,moderate
Real_Cardiology_029,nejm,cardiology,OR,18,2007,12,14.07,0.0295,20.61,0.805,0.076,25339,NEJM (2001-2013),1.5,1407.7222222222222,10.140099989797301,4.242640687119285,low
Real_Cardiology_030,lancet,cardiology,OR,15,2007,15,40.36,0.0833,19.84,1.51,0.079,35352,Lancet (2000-2014),1.0,2356.8,10.473110246810576,3.872983346207417,moderate
Real_Cardiology_031,jacc,cardiology,RR,18,2006,13,51.05,0.1154,36.32,0.649,0.396,1638,JACC (2000-2012),1.3846153846153846,91.0,7.401231264413015,4.242640687119285,substantial
Real_Cardiology_032,circulation,cardiology,HR,19,2007,19,48.53,0.1138,37.67,1.517,0.077,42113,Circulation (1998-2016),1.0,2216.4736842105262,10.64811176060366,4.358898943540674,moderate
Real_Cardiology_033,nejm,cardiology,RR,29,2020,6,59.77,0.0849,54.2,0.405,0.083,41231,NEJM (2017-2023),4.833333333333333,1421.7586206896551,10.626945679590664,5.385164807134504,substantial
Real_Cardiology_034,circulation,cardiology,HR,16,2022,15,36.6,0.0953,19.02,0.516,0.067,46390,Circulation (2015-2029),1.0666666666666667,2899.375,10.74483919774579,4.0,moderate
Real_Cardiology_035,circulation,cardiology,RR,28,2011,10,10.99,0.0349,37.26,1.344,0.068,29719,Circulation (2006-2016),2.8,1061.392857142857,10.299541850890105,5.291502622129181,low
Real_Cardiology_036,nejm,cardiology,HR,11,2012,14,24.36,0.0476,14.88,0.594,0.192,4698,NEJM (2005-2019),0.7857142857142857,427.09090909090907,8.454892165218858,3.3166247903554,low
Real_Cardiology_037,ehj,cardiology,OR,20,2008,18,49.65,0.1252,35.27,0.859,0.078,41176,EHJ (1999-2017),1.1111111111111112,2058.8,10.625610841332591,4.47213595499958,moderate
Real_Cardiology_038,nejm,cardiology,HR,29,2020,15,0.0,0.0089,28.0,0.802,0.056,36210,NEJM (2013-2027),1.9333333333333333,1248.6206896551723,10.497090602759688,5.385164807134504,
Real_Cardiology_039,lancet,cardiology,RR,25,2009,15,39.57,0.0663,32.56,0.524,0.093,25371,Lancet (2002-2016),1.6666666666666667,1014.84,10.141362068450333,5.0,moderate
Real_Cardiology_040,nejm,cardiology,HR,18,2005,16,42.84,0.0957,22.17,0.562,0.072,44351,NEJM (1997-2013),1.125,2463.9444444444443,10.699890535397843,4.242640687119285,moderate
Real_Cardiology_041,jacc,cardiology,RR,18,2009,14,50.0,0.0461,42.39,0.909,0.096,27340,JACC (2002-2016),1.2857142857142858,1518.888888888889,10.216106110277941,4.242640687119285,moderate
Real_Cardiology_042,nejm,cardiology,RR,16,2015,16,40.93,0.0906,27.38,0.682,0.069,46494,NEJM (2007-2023),1.0,2905.875,10.747078550992006,4.0,moderate
Real_Cardiology_043,circulation,cardiology,OR,20,2010,13,59.71,0.1133,52.27,0.758,0.101,28050,Circulation (2004-2016),1.5384615384615385,1402.5,10.241743910950843,4.47213595499958,substantial
Real_Cardiology_044,circulation,cardiology,RR,12,2022,19,20.29,0.0676,17.82,0.849,0.072,31342,Circulation (2013-2031),0.631578947368421,2611.8333333333335,10.352714330083161,3.4641016151377544,low
Real_Cardiology_045,lancet,cardiology,HR,19,2019,12,11.2,0.0363,22.36,1.773,0.071,27525,Lancet (2013-2025),1.5833333333333333,1448.6842105263158,10.22284996159088,4.358898943540674,low
Real_Cardiology_046,circulation,cardiology,RR,18,2006,18,39.43,0.073,29.59,2.285,0.067,48364,Circulation (1997-2015),1.0,2686.8888888888887,10.786511014294137,4.242640687119285,moderate
Real_Cardiology_047,circulation,cardiology,HR,23,2007,17,62.15,0.1272,60.83,1.018,0.185,8617,Circulation (1999-2015),1.3529411764705883,374.6521739130435,9.061492275239766,4.795831523312719,substantial
Real_Cardiology_048,ehj,cardiology,RR,15,2008,6,15.48,0.0458,18.05,0.794,0.074,27591,EHJ (2005-2011),2.5,1839.4,10.225244911570808,3.872983346207417,low
Real_Cardiology_049,jacc,cardiology,OR,18,2005,14,62.04,0.1575,55.95,0.932,0.116,21819,JACC (1998-2012),1.2857142857142858,1212.1666666666667,9.99053642882265,4.242640687119285,substantial
Real_Cardiology_050,ehj,cardiology,OR,23,2014,19,52.99,0.1662,41.21,0.867,0.094,29764,EHJ (2005-2023),1.2105263157894737,1294.0869565217392,10.301054888517152,4.795831523312719,substantial
Real_Oncology_051,nejm,oncology,HR,14,2013,19,37.73,0.1121,24.27,0.741,0.083,30968,NEJM (2004-2022),0.7368421052631579,2212.0,10.340709692257484,3.7416573867739413,moderate
Real_Oncology_052,nejm,oncology,HR,17,2014,6,79.18,0.1705,88.56,0.464,0.194,9592,NEJM (2011-2017),2.8333333333333335,564.2352941176471,9.16868469670735,4.123105625617661,high
Real_Oncology_053,cancer,oncology,HR,16,2014,16,49.74,0.135,40.89,0.688,0.092,29736,Cancer (2006-2022),1.0,1858.5,10.300113711977088,4.0,moderate
Real_Oncology_054,cancer,oncology,OR,10,2006,8,42.32,0.1068,14.78,0.704,0.094,25683,Cancer (2002-2010),1.25,2568.3,10.153584573410596,3.1622776601683795,moderate
Real_Oncology_055,lancet_oncol,oncology,HR,11,2011,9,50.55,0.0794,22.27,0.459,0.094,28596,Lancet Oncol (2007-2015),1.2222222222222223,2599.6363636363635,10.261022126886742,3.3166247903554,substantial
Real_Oncology_056,nejm,oncology,HR,11,2013,10,44.85,0.0933,20.39,0.885,0.092,27613,NEJM (2008-2018),1.1,2510.2727272727275,10.226041955305488,3.3166247903554,moderate
Real_Oncology_057,nejm,oncology,OR,17,2018,15,47.91,0.1758,31.5,0.61,0.074,44952,NEJM (2011-2025),1.1333333333333333,2644.235294117647,10.713350532792035,4.123105625617661,moderate
Real_Oncology_058,jco,oncology,OR,14,2016,9,16.46,0.042,16.57,0.793,0.101,15091,JCO (2012-2020),1.5555555555555556,1077.9285714285713,9.62185381861855,3.7416573867739413,low
Real_Oncology_059,nejm,oncology,OR,13,2013,20,34.47,0.0509,17.16,0.787,0.094,22838,NEJM (2003-2023),0.65,1756.7692307692307,10.036181094261593,3.605551275463989,moderate
Real_Oncology_060,cancer,oncology,OR,14,2015,8,21.03,0.0643,17.64,0.75,0.077,27818,Cancer (2011-2019),1.75,1987.0,10.233438572167076,3.7416573867739413,low
Real_Oncology_061,cancer,oncology,HR,13,2021,18,19.45,0.0702,15.02,0.806,0.078,26593,Cancer (2012-2030),0.7222222222222222,2045.6153846153845,10.18840330224294,3.605551275463989,low
Real_Oncology_062,lancet_oncol,oncology,HR,10,2022,15,51.38,0.1137,23.89,1.239,0.117,18849,Lancet Oncol (2015-2029),0.6666666666666666,1884.9,9.844215141071057,3.1622776601683795,substantial
Real_Oncology_063,lancet_oncol,oncology,HR,8,2015,9,28.13,0.0832,7.91,1.142,0.094,20976,Lancet Oncol (2011-2019),0.8888888888888888,2622.0,9.95113420600348,2.8284271247461903,moderate
Real_Oncology_064,cancer,oncology,HR,12,2008,16,47.93,0.0968,20.87,0.466,0.13,14552,Cancer (2000-2016),0.75,1212.6666666666667,9.585483720197958,3.4641016151377544,moderate
Real_Oncology_065,cancer,oncology,OR,15,2014,20,51.32,0.0923,31.98,0.632,0.072,49153,Cancer (2004-2024),0.75,3276.866666666667,10.802693161352469,3.872983346207417,substantial
Real_Oncology_066,jco,oncology,OR,12,2017,6,47.5,0.1178,25.84,0.861,0.17,8425,JCO (2014-2020),2.0,702.0833333333334,9.038958755220563,3.4641016151377544,moderate
Real_Oncology_067,cancer,oncology,OR,20,2020,10,42.09,0.136,30.96,0.912,0.15,10129,Cancer (2015-2025),2.0,506.45,9.223157875686796,4.47213595499958,moderate
Real_Oncology_068,nejm,oncology,HR,12,2012,9,52.19,0.1088,25.02,0.584,0.715,509,NEJM (2008-2016),1.3333333333333333,42.416666666666664,6.2324480165505225,3.4641016151377544,substantial
Real_Oncology_069,cancer,oncology,OR,12,2019,19,37.52,0.0819,19.99,0.688,0.068,45598,Cancer (2010-2028),0.631578947368421,3799.8333333333335,10.727619134891492,3.4641016151377544,moderate
Real_Oncology_070,lancet_oncol,oncology,OR,8,2017,18,50.17,0.1243,20.87,0.605,0.134,14226,Lancet Oncol (2008-2026),0.4444444444444444,1778.25,9.56282655529346,2.8284271247461903,substantial
Real_Oncology_071,jco,oncology,HR,12,2011,16,28.93,0.0703,20.74,0.662,0.087,24878,JCO (2003-2019),0.75,2073.1666666666665,10.12173915776991,3.4641016151377544,moderate
Real_Oncology_072,jco,oncology,OR,12,2006,19,48.68,0.0703,27.24,0.826,0.094,28119,JCO (1997-2015),0.631578947368421,2343.25,10.244200783414595,3.4641016151377544,moderate
Real_Oncology_073,jco,oncology,HR,20,2016,5,53.73,0.092,55.65,1.026,0.073,49662,JCO (2014-2018),4.0,2483.1,10.81299533211345,4.47213595499958,substantial
Real_Oncology_074,jco,oncology,OR,20,2019,10,47.45,0.0916,32.39,0.897,0.083,35904,JCO (2014-2024),2.0,1795.2,10.488603988882367,4.47213595499958,moderate
Real_Oncology_075,lancet_oncol,oncology,OR,17,2010,10,55.36,0.1111,34.4,0.649,0.173,9055,Lancet Oncol (2005-2015),1.7,532.6470588235294,9.111072370317514,4.123105625617661,substantial
Real_Oncology_076,lancet_oncol,oncology,HR,10,2012,8,45.88,0.1561,14.08,0.887,0.19,6614,Lancet Oncol (2008-2016),1.25,661.4,8.796943893541737,3.1622776601683795,moderate
Real_Oncology_077,nejm,oncology,HR,10,2020,10,40.37,0.1083,16.53,0.422,0.177,7058,NEJM (2015-2025),1.0,705.8,8.861917004235215,3.1622776601683795,moderate
Real_Oncology_078,nejm,oncology,OR,10,2006,6,37.48,0.1144,12.79,2.259,0.067,47452,NEJM (2003-2009),1.6666666666666667,4745.2,10.767473952780994,3.1622776601683795,moderate
Real_Oncology_079,nejm,oncology,HR,14,2020,20,44.37,0.1394,27.91,1.208,0.07,47664,NEJM (2010-2030),0.7,3404.5714285714284,10.771931674953063,3.7416573867739413,moderate
Real_Oncology_080,cancer,oncology,OR,15,2011,6,43.28,0.1092,36.75,0.438,0.085,32093,Cancer (2008-2014),2.5,2139.5333333333333,10.376393216801882,3.872983346207417,moderate
Real_Oncology_081,lancet_oncol,oncology,HR,14,2005,19,34.73,0.0494,22.41,0.686,0.079,32659,Lancet Oncol (1996-2014),0.7368421052631579,2332.785714285714,10.39387574756213,3.7416573867739413,moderate
Real_Oncology_082,cancer,oncology,OR,14,2015,19,48.03,0.1439,27.58,0.98,0.074,45200,Cancer (2006-2024),0.7368421052631579,3228.5714285714284,10.718852365820323,3.7416573867739413,moderate
Real_Oncology_083,lancet_oncol,oncology,OR,9,2011,17,59.98,0.0439,25.28,1.101,0.143,14011,Lancet Oncol (2003-2019),0.5294117647058824,1556.7777777777778,9.547598014371232,3.0,substantial
Real_Oncology_084,jco,oncology,HR,18,2009,8,44.58,0.0872,36.11,0.604,0.07,48456,JCO (2005-2013),2.25,2692.0,10.788411448660783,4.242640687119285,moderate
Real_Oncology_085,jama_oncol,oncology,OR,15,2016,19,82.66,0.1855,83.13,0.708,0.092,44003,JAMA Oncol (2007-2025),0.7894736842105263,2933.5333333333333,10.692013092394305,3.872983346207417,high
Real_Oncology_086,lancet_oncol,oncology,HR,19,2015,15,34.22,0.0855,34.08,1.664,0.099,20820,Lancet Oncol (2008-2022),1.2666666666666666,1095.7894736842106,9.94366934216896,4.358898943540674,moderate
Real_Oncology_087,nejm,oncology,OR,20,2014,5,42.88,0.0732,28.62,0.436,0.249,3714,NEJM (2012-2016),4.0,185.7,8.219864741912652,4.47213595499958,moderate
Real_Oncology_088,cancer,oncology,HR,10,2014,20,72.1,0.1644,29.32,0.802,0.102,32132,Cancer (2004-2024),0.5,3213.2,10.377607697293703,3.1622776601683795,substantial
Real_Oncology_089,nejm,oncology,HR,14,2020,15,53.36,0.0737,31.45,1.127,0.084,37474,NEJM (2013-2027),0.9333333333333333,2676.714285714286,10.531402638158458,3.7416573867739413,substantial
Real_Oncology_090,jco,oncology,HR,13,2013,10,28.14,0.0859,16.3,0.51,0.073,35009,JCO (2008-2018),1.3,2693.0,10.463360450273136,3.605551275463989,moderate
Real_Oncology_091,cancer,oncology,OR,20,2022,19,23.75,0.0428,28.7,0.615,0.071,34550,Cancer (2013-2031),1.0526315789473684,1727.5,10.450162829195817,4.47213595499958,low
Real_Oncology_092,nejm,oncology,HR,10,2018,16,55.71,0.1604,29.33,0.931,0.085,38186,NEJM (2010-2026),0.625,3818.6,10.55022423527341,3.1622776601683795,substantial
Real_Oncology_093,lancet_oncol,oncology,HR,8,2022,15,54.22,0.1324,16.48,0.492,0.1,26995,Lancet Oncol (2015-2029),0.5333333333333333,3374.375,10.203406942652387,2.8284271247461903,substantial
Real_Oncology_094,lancet_oncol,oncology,OR,11,2015,16,37.63,0.1046,17.41,0.781,0.076,36669,Lancet Oncol (2007-2023),0.6875,3333.5454545454545,10.509686990445372,3.3166247903554,moderate
Real_Oncology_095,jco,oncology,HR,10,2006,6,46.38,0.1052,19.77,1.477,0.093,27742,JCO (2003-2009),1.6666666666666667,2774.2,10.230702789323235,3.1622776601683795,moderate
Real_Psychiatry_096,jama_psychiatry,psychiatry,OR,18,2006,17,82.93,0.1491,103.44,0.912,0.272,5100,JAMA Psychiatry (1998-2014),1.0588235294117647,283.3333333333333,8.536995818712418,4.242640687119285,high
Real_Psychiatry_097,jama_psychiatry,psychiatry,OR,16,2010,20,33.82,0.0738,21.85,1.145,0.068,43291,JAMA Psychiatry (2000-2020),0.8,2705.6875,10.675700040192325,4.0,moderate
Real_Psychiatry_098,ajp,psychiatry,SMD,16,2005,12,60.74,0.2202,44.23,-0.574,0.106,25628,AJP (1999-2011),1.3333333333333333,1601.75,10.151440782758913,4.0,substantial
Real_Psychiatry_099,ajp,psychiatry,SMD,25,2007,5,53.29,0.1794,39.83,-0.456,0.077,44591,AJP (2005-2009),5.0,1783.64,10.70528732392309,5.0,substantial
Real_Psychiatry_100,ajp,psychiatry,SMD,16,2018,20,57.76,0.131,18.68,-0.084,0.121,19140,AJP (2008-2028),0.8,1196.25,9.859535665006945,4.0,substantial
Real_Psychiatry_101,jama_psychiatry,psychiatry,OR,17,2022,10,63.1,0.1363,49.29,0.515,0.078,48755,JAMA Psychiatry (2017-2027),1.7,2867.9411764705883,10.794563035269219,4.123105625617661,substantial
Real_Psychiatry_102,lancet_psychiatry,psychiatry,OR,15,2012,17,53.06,0.1008,28.19,0.755,0.073,49459,Lancet Psychiatry (2004-2020),0.8823529411764706,3297.266666666667,10.808899322512744,3.872983346207417,substantial
Real_Psychiatry_103,mol_psychiatry,psychiatry,OR,22,2018,20,66.27,0.0874,57.98,0.891,0.139,16052,Mol Psychiatry (2008-2028),1.1,729.6363636363636,9.683588731386807,4.69041575982343,substantial
Real_Psychiatry_104,mol_psychiatry,psychiatry,SMD,12,2022,20,85.26,0.4636,86.49,-0.36,0.117,28371,Mol Psychiatry (2012-2032),0.6,2364.25,10.253122775683622,3.4641016151377544,high
Real_Psychiatry_105,mol_psychiatry,psychiatry,SMD,25,2019,10,65.14,0.3568,68.19,-0.475,0.088,39223,Mol Psychiatry (2014-2024),2.5,1568.92,10.577018588410931,5.0,substantial
Real_Psychiatry_106,ajp,psychiatry,OR,20,2009,6,66.82,0.1086,80.48,1.44,0.085,43483,AJP (2006-2012),3.3333333333333335,2174.15,10.680125336095056,4.47213595499958,substantial
Real_Psychiatry_107,mol_psychiatry,psychiatry,OR,13,2015,19,70.84,0.1241,52.77,0.901,0.143,15980,Mol Psychiatry (2006-2024),0.6842105263157895,1229.2307692307693,9.679093219320265,3.605551275463989,substantial
Real_Psychiatry_108,ajp,psychiatry,SMD,21,2013,20,80.66,0.2668,89.12,0.426,0.117,26994,AJP (2003-2023),1.05,1285.4285714285713,10.203369898069226,4.58257569495584,high
Real_Psychiatry_109,mol_psychiatry,psychiatry,SMD,17,2005,15,51.6,0.2159,39.91,-0.006,0.078,42948,Mol Psychiatry (1998-2012),1.1333333333333333,2526.3529411764707,10.667745360554026,4.123105625617661,substantial
Real_Psychiatry_110,jama_psychiatry,psychiatry,SMD,19,2008,19,81.37,0.1899,99.48,-0.414,0.123,24413,JAMA Psychiatry (1999-2017),1.0,1284.8947368421052,10.102871056285998,4.358898943540674,high
Real_Psychiatry_111,mol_psychiatry,psychiatry,SMD,24,2007,17,61.5,0.2611,52.47,-0.5,0.133,16685,Mol Psychiatry (1999-2015),1.411764705882353,695.2083333333334,9.722265391185474,4.898979485566356,substantial
Real_Psychiatry_112,mol_psychiatry,psychiatry,SMD,22,2012,10,70.05,0.1917,69.92,-0.213,0.161,12510,Mol Psychiatry (2007-2017),2.2,568.6363636363636,9.434283603460957,4.69041575982343,substantial
Real_Psychiatry_113,jama_psychiatry,psychiatry,OR,21,2014,11,52.32,0.0849,49.51,1.052,0.079,41509,JAMA Psychiatry (2009-2019),1.9090909090909092,1976.6190476190477,10.63366555017632,4.58257569495584,substantial
Real_Psychiatry_114,mol_psychiatry,psychiatry,OR,25,2021,20,77.35,0.1645,81.35,0.486,0.157,14355,Mol Psychiatry (2011-2031),1.25,574.2,9.571853592555165,5.0,high
Real_Psychiatry_115,mol_psychiatry,psychiatry,OR,18,2007,12,66.6,0.1471,44.59,0.57,0.118,22278,Mol Psychiatry (2001-2013),1.5,1237.6666666666667,10.011354923405134,4.242640687119285,substantial
Real_Psychiatry_116,ajp,psychiatry,OR,24,2007,12,62.93,0.0629,85.06,0.402,0.146,14040,AJP (2001-2013),2.0,585.0,9.549665677579801,4.898979485566356,substantial
Real_Psychiatry_117,lancet_psychiatry,psychiatry,SMD,21,2016,5,71.19,0.3208,78.69,-0.518,0.143,16140,Lancet Psychiatry (2014-2018),4.2,768.5714285714286,9.68905594182394,4.58257569495584,substantial
Real_Psychiatry_118,jama_psychiatry,psychiatry,SMD,24,2013,11,58.98,0.2382,49.7,-0.003,0.104,26316,JAMA Psychiatry (2008-2018),2.1818181818181817,1096.5,10.177932398205888,4.898979485566356,substantial
Real_Psychiatry_119,mol_psychiatry,psychiatry,OR,22,2020,17,61.98,0.2027,56.21,0.837,0.124,19142,Mol Psychiatry (2012-2028),1.2941176470588236,870.0909090909091,9.859640152755851,4.69041575982343,substantial
Real_Psychiatry_120,ajp,psychiatry,SMD,21,2014,14,58.47,0.2276,46.19,-0.026,0.111,22772,AJP (2007-2021),1.5,1084.3809523809523,10.033286990070973,4.58257569495584,substantial
Real_Psychiatry_121,jama_psychiatry,psychiatry,OR,21,2006,5,56.81,0.2198,46.73,0.873,0.081,42123,JAMA Psychiatry (2004-2008),4.2,2005.857142857143,10.648349188782753,4.58257569495584,substantial
Real_Psychiatry_122,jama_psychiatry,psychiatry,SMD,15,2009,16,82.74,0.3314,66.66,-0.294,0.088,48232,JAMA Psychiatry (2001-2017),0.9375,3215.4666666666667,10.78377798016924,3.872983346207417,high
Real_Psychiatry_123,ajp,psychiatry,OR,18,2006,12,36.74,0.0881,34.52,0.818,0.1,21091,AJP (2000-2012),1.5,1171.7222222222222,9.956601688185614,4.242640687119285,moderate
Real_Psychiatry_124,ajp,psychiatry,OR,18,2009,5,70.7,0.1394,65.37,1.061,0.165,11999,AJP (2007-2011),3.6,666.6111111111111,9.392578591964389,4.242640687119285,substantial
Real_Psychiatry_125,mol_psychiatry,psychiatry,SMD,24,2020,11,78.14,0.3799,127.9,-0.335,0.179,11141,Mol Psychiatry (2015-2025),2.1818181818181817,464.2083333333333,9.318387276059317,4.898979485566356,high
Real_Psychiatry_126,ajp,psychiatry,OR,18,2018,11,60.97,0.1802,49.67,0.751,0.084,41626,AJP (2013-2023),1.6363636363636365,2312.5555555555557,10.636480251018197,4.242640687119285,substantial
Real_Psychiatry_127,mol_psychiatry,psychiatry,SMD,16,2010,7,80.78,0.2318,96.33,-0.68,0.138,19271,Mol Psychiatry (2007-2013),2.2857142857142856,1204.4375,9.86635665419792,4.0,high
Real_Psychiatry_128,mol_psychiatry,psychiatry,OR,21,2011,18,72.25,0.1699,77.18,1.983,0.092,39191,Mol Psychiatry (2002-2020),1.1666666666666667,1866.2380952380952,10.57620240758158,4.58257569495584,substantial
Real_Psychiatry_129,jama_psychiatry,psychiatry,OR,12,2022,8,53.89,0.1005,18.38,0.893,0.073,49410,JAMA Psychiatry (2018-2026),1.5,4117.5,10.807908111839795,3.4641016151377544,substantial
Real_Psychiatry_130,mol_psychiatry,psychiatry,SMD,23,2017,10,75.46,0.2236,89.51,-0.585,0.143,16849,Mol Psychiatry (2012-2022),2.3,732.5652173913044,9.732046586838385,4.795831523312719,high
Real_Psychiatry_131,ajp,psychiatry,SMD,17,2020,15,48.28,0.2146,30.91,-0.026,0.096,26916,AJP (2013-2027),1.1333333333333333,1583.2941176470588,10.200476184308208,4.123105625617661,moderate
Real_Psychiatry_132,jama_psychiatry,psychiatry,OR,13,2015,15,73.02,0.0706,55.68,0.726,0.193,9057,JAMA Psychiatry (2008-2022),0.8666666666666667,696.6923076923077,9.111293218374948,3.605551275463989,substantial
Real_Psychiatry_133,ajp,psychiatry,SMD,23,2017,5,53.12,0.2232,44.19,-0.356,0.154,11132,AJP (2015-2019),4.6,484.0,9.317579122645782,4.795831523312719,substantial
Real_Psychiatry_134,lancet_psychiatry,psychiatry,OR,22,2017,18,29.85,0.095,36.86,0.648,0.071,37202,Lancet Psychiatry (2008-2026),1.2222222222222223,1691.0,10.524117802256896,4.69041575982343,moderate
Real_Psychiatry_135,lancet_psychiatry,psychiatry,OR,13,2022,10,57.18,0.0939,31.63,1.318,0.095,30807,Lancet Psychiatry (2017-2027),1.3,2369.769230769231,10.335497215866404,3.605551275463989,substantial
Real_Neurology_136,lancet_neurol,neurology,MD,10,2013,15,30.66,0.388,15.74,-0.957,0.088,24576,Lancet Neurol (2006-2020),0.6666666666666666,2457.6,10.1095256359474,3.1622776601683795,moderate
Real_Neurology_137,neurology,neurology,RR,17,2015,12,79.48,0.2199,89.65,1.024,0.128,22281,Neurology (2009-2021),1.4166666666666667,1310.6470588235295,10.011489576337405,4.123105625617661,high
Real_Neurology_138,lancet_neurol,neurology,MD,22,2013,20,21.18,0.3073,27.28,-3.658,0.063,41688,Lancet Neurol (2003-2023),1.1,1894.909090909091,10.637968596589051,4.69041575982343,low
Real_Neurology_139,neurology,neurology,RR,11,2017,18,69.63,0.1224,37.11,0.731,0.082,48230,Neurology (2008-2026),0.6111111111111112,4384.545454545455,10.783736513063017,3.3166247903554,substantial
Real_Neurology_140,lancet_neurol,neurology,MD,10,2014,12,12.71,0.2401,12.87,1.234,0.054,49675,Lancet Neurol (2008-2020),0.8333333333333334,4967.5,10.813257067420018,3.1622776601683795,low
Real_Neurology_141,ann_neurol,neurology,MD,25,2013,20,47.71,0.7517,45.76,0.411,0.077,41929,Ann Neurol (2003-2023),1.25,1677.16,10.643732990607813,5.0,moderate
Real_Neurology_142,lancet_neurol,neurology,RR,16,2021,18,52.23,0.1771,31.65,0.81,0.22,5374,Lancet Neurol (2012-2030),0.8888888888888888,335.875,8.589327789175437,4.0,substantial
Real_Neurology_143,jama_neurol,neurology,MD,11,2010,8,63.15,0.7107,34.49,1.116,0.104,27663,JAMA Neurol (2006-2014),1.375,2514.818181818182,10.227851059207252,3.3166247903554,substantial
Real_Neurology_144,ann_neurol,neurology,SMD,19,2019,15,66.78,0.2401,58.91,-0.698,0.16,12293,Ann Neurol (2012-2026),1.2666666666666666,647.0,9.41678527366734,4.358898943540674,substantial
Real_Neurology_145,ann_neurol,neurology,MD,12,2005,12,45.05,0.6037,16.33,0.476,0.353,1898,Ann Neurol (1999-2011),1.0,158.16666666666666,7.5485559791698735,3.4641016151377544,moderate
Real_Neurology_146,ann_neurol,neurology,RR,19,2017,16,45.63,0.0993,28.01,1.069,0.093,27733,Ann Neurol (2009-2025),1.1875,1459.6315789473683,10.23037831883819,4.358898943540674,moderate
Real_Neurology_147,lancet_neurol,neurology,RR,19,2011,17,30.76,0.0562,27.79,0.678,0.074,35188,Lancet Neurol (2003-2019),1.1176470588235294,1852.0,10.468460394372565,4.358898943540674,moderate
Real_Neurology_148,jama_neurol,neurology,SMD,11,2008,15,44.93,0.137,16.1,-0.093,0.11,19473,JAMA Neurol (2001-2015),0.7333333333333333,1770.2727272727273,9.876784169701578,3.3166247903554,moderate
Real_Neurology_149,lancet_neurol,neurology,MD,24,2015,18,30.27,0.3718,38.52,1.115,0.131,11165,Lancet Neurol (2006-2024),1.3333333333333333,465.2083333333333,9.320539164274258,4.898979485566356,moderate
Real_Neurology_150,lancet_neurol,neurology,RR,15,2021,8,36.44,0.0758,25.07,0.753,0.143,10306,Lancet Neurol (2017-2025),1.875,687.0666666666667,9.24048152888817,3.872983346207417,moderate
Real_Neurology_151,lancet_neurol,neurology,SMD,11,2015,12,43.14,0.1468,16.24,0.235,0.069,49065,Lancet Neurol (2009-2021),0.9166666666666666,4460.454545454545,10.800901228640594,3.3166247903554,moderate
Real_Neurology_152,ann_neurol,neurology,RR,10,2011,8,74.01,0.1437,39.79,0.676,0.091,40944,Ann Neurol (2007-2015),1.25,4094.4,10.61996055839957,3.1622776601683795,substantial
Real_Neurology_153,jama_neurol,neurology,MD,11,2020,13,74.89,0.7197,36.34,2.34,0.099,34811,JAMA Neurol (2014-2026),0.8461538461538461,3164.6363636363635,10.457688707770052,3.3166247903554,substantial
Real_Neurology_154,jama_neurol,neurology,SMD,14,2006,8,76.83,0.3079,78.15,0.307,0.217,7457,JAMA Neurol (2002-2010),1.75,532.6428571428571,8.916908467543795,3.7416573867739413,high
Real_Neurology_155,lancet_neurol,neurology,MD,22,2006,16,100.0,0.8193,240.95,1.33,0.357,3523,Lancet Neurol (1998-2014),1.375,160.13636363636363,8.167068178341237,4.69041575982343,high
Real_Neurology_156,neurology,neurology,SMD,18,2008,8,68.55,0.2462,69.5,-0.295,0.145,15113,Neurology (2004-2012),2.25,839.6111111111111,9.62331057957012,4.242640687119285,substantial
Real_Neurology_157,ann_neurol,neurology,MD,10,2010,15,21.48,0.1875,12.18,0.878,0.058,49265,Ann Neurol (2003-2017),0.6666666666666666,4926.5,10.804969168756575,3.1622776601683795,low
Real_Neurology_158,neurology,neurology,SMD,24,2020,17,46.3,0.1782,39.43,0.362,0.166,8757,Neurology (2012-2028),1.411764705882353,364.875,9.077608659522225,4.898979485566356,moderate
Real_Neurology_159,neurology,neurology,SMD,9,2007,13,83.7,0.4694,60.92,0.005,0.307,4030,Neurology (2001-2013),0.6923076923076923,447.77777777777777,8.301521654940728,3.0,high
Real_Neurology_160,neurology,neurology,RR,8,2022,15,62.65,0.0839,21.6,0.735,0.123,19745,Neurology (2015-2029),0.5333333333333333,2468.125,9.89065557372075,2.8284271247461903,substantial
Real_Neurology_161,lancet_neurol,neurology,RR,21,2021,20,0.18,0.0114,20.34,0.504,0.217,2392,Lancet Neurol (2011-2031),1.05,113.9047619047619,7.779885115070522,4.58257569495584,low
Real_Neurology_162,jama_neurol,neurology,SMD,16,2018,8,34.95,0.1044,22.59,-0.113,0.103,19352,JAMA Neurol (2014-2022),2.0,1209.5,9.870551052289864,4.0,moderate
Real_Neurology_163,neurology,neurology,SMD,17,2021,16,17.8,0.0836,24.36,0.513,0.071,31286,Neurology (2013-2029),1.0625,1840.3529411764705,10.350925992121715,4.123105625617661,low
Real_Neurology_164,ann_neurol,neurology,MD,12,2005,9,33.85,0.5778,22.58,-0.918,0.065,47747,Ann Neurol (2001-2009),1.3333333333333333,3978.9166666666665,10.773671516710033,3.4641016151377544,moderate
Real_Neurology_165,jama_neurol,neurology,RR,24,2014,5,39.15,0.0913,46.32,0.717,0.072,42207,JAMA Neurol (2012-2016),4.8,1758.625,10.650341363045323,4.898979485566356,moderate
Real_Neurology_166,ann_neurol,neurology,SMD,9,2009,18,40.64,0.1195,15.13,-0.45,0.151,9710,Ann Neurol (2000-2018),0.5,1078.888888888889,9.18091156128537,3.0,moderate
Real_Neurology_167,jama_neurol,neurology,RR,12,2018,16,40.06,0.0707,19.24,0.976,0.091,26440,JAMA Neurol (2010-2026),0.75,2203.3333333333335,10.182633293965623,3.4641016151377544,moderate
Real_Neurology_168,lancet_neurol,neurology,SMD,20,2021,18,46.28,0.1179,37.48,0.23,0.097,25568,Lancet Neurol (2012-2030),1.1111111111111112,1278.4,10.149096848566002,4.47213595499958,moderate
Real_Neurology_169,jama_neurol,neurology,RR,8,2019,18,48.83,0.0949,11.47,0.586,0.086,34086,JAMA Neurol (2010-2028),0.4444444444444444,4260.75,10.436642021785183,2.8284271247461903,moderate
Real_Neurology_170,ann_neurol,neurology,SMD,10,2012,20,29.87,0.0851,12.7,-0.517,0.073,35541,Ann Neurol (2002-2022),0.5,3554.1,10.478442238622868,3.1622776601683795,moderate
Real_Endocrinology_171,diabetes_care,endocrinology,SMD,10,2008,15,70.71,0.3774,28.48,0.024,0.088,42016,Diabetes Care (2001-2015),0.6666666666666666,4201.6,10.645805777102522,3.1622776601683795,substantial
Real_Endocrinology_172,diabetologia,endocrinology,RR,19,2021,8,48.42,0.1774,33.3,0.589,0.079,40007,Diabetologia (2017-2025),2.375,2105.6315789473683,10.59680971778536,4.358898943540674,moderate
Real_Endocrinology_173,lancet_diabetes,endocrinology,RR,11,2008,16,52.81,0.1099,24.03,0.554,0.097,28127,Lancet Diabetes (2000-2016),0.6875,2557.0,10.244485248089557,3.3166247903554,substantial
Real_Endocrinology_174,diabetologia,endocrinology,RR,16,2016,8,57.21,0.0648,42.71,0.661,0.127,17170,Diabetologia (2012-2020),2.0,1073.125,9.75091895389152,4.0,substantial
Real_Endocrinology_175,diabetes_care,endocrinology,SMD,9,2008,9,71.33,0.281,35.12,-0.817,0.171,11246,Diabetes Care (2004-2012),1.0,1249.5555555555557,9.327767788852148,3.0,substantial
Real_Endocrinology_176,lancet_diabetes,endocrinology,SMD,20,2019,11,46.06,0.205,31.97,-0.994,0.076,41315,Lancet Diabetes (2014-2024),1.8181818181818181,2065.75,10.628980909135285,4.47213595499958,moderate
Real_Endocrinology_177,jcem,endocrinology,SMD,8,2014,11,23.37,0.0844,8.96,-0.381,0.072,33150,JCEM (2009-2019),0.7272727272727273,4143.75,10.408797995614009,2.8284271247461903,low
Real_Endocrinology_178,lancet_diabetes,endocrinology,RR,18,2013,19,64.0,0.1249,34.05,0.977,0.084,42577,Lancet Diabetes (2004-2022),0.9473684210526315,2365.3888888888887,10.659069480352393,4.242640687119285,substantial
Real_Endocrinology_179,diabetologia,endocrinology,MD,18,2005,17,60.28,0.8173,54.23,-1.937,0.109,24328,Diabetologia (1997-2013),1.0588235294117647,1351.5555555555557,10.099383229357201,4.242640687119285,substantial
Real_Endocrinology_180,lancet_diabetes,endocrinology,SMD,22,2021,15,75.34,0.3479,111.1,0.0,0.119,24467,Lancet Diabetes (2014-2028),1.4666666666666666,1112.1363636363637,10.105080549819894,4.69041575982343,high
Real_Endocrinology_181,diabetologia,endocrinology,MD,14,2010,9,38.95,0.5011,24.96,-0.41,0.1,21756,Diabetologia (2006-2014),1.5555555555555556,1554.0,9.98764486054285,3.7416573867739413,moderate
Real_Endocrinology_182,lancet_diabetes,endocrinology,RR,20,2019,12,53.79,0.1759,40.51,0.323,0.159,10493,Lancet Diabetes (2013-2025),1.6666666666666667,524.65,9.25846364715791,4.47213595499958,substantial
Real_Endocrinology_183,diabetes_care,endocrinology,MD,12,2007,6,21.42,0.3273,16.54,0.159,0.063,41174,Diabetes Care (2004-2010),2.0,3431.1666666666665,10.625562268169254,3.4641016151377544,low
Real_Endocrinology_184,diabetes_care,endocrinology,RR,19,2007,14,42.87,0.0656,40.96,0.873,0.183,6850,Diabetes Care (2000-2014),1.3571428571428572,360.5263157894737,8.83200393125627,4.358898943540674,moderate
Real_Endocrinology_185,lancet_diabetes,endocrinology,RR,25,2005,7,42.68,0.1253,47.06,0.607,0.107,20177,Lancet Diabetes (2002-2008),3.5714285714285716,807.08,9.912298620814678,5.0,moderate
Real_Endocrinology_186,lancet_diabetes,endocrinology,MD,8,2016,12,62.0,1.0608,17.4,0.581,0.117,21715,Lancet Diabetes (2010-2022),0.6666666666666666,2714.375,9.985758544968922,2.8284271247461903,substantial
Real_Endocrinology_187,lancet_diabetes,endocrinology,MD,13,2017,13,72.73,0.6085,51.9,1.013,0.175,11001,Lancet Diabetes (2011-2023),1.0,846.2307692307693,9.305741456739435,3.605551275463989,substantial
Real_Endocrinology_188,lancet_diabetes,endocrinology,MD,8,2019,15,63.7,0.7704,20.83,-1.995,0.256,4586,Lancet Diabetes (2012-2026),0.5333333333333333,573.25,8.43076346341785,2.8284271247461903,substantial
Real_Endocrinology_189,diabetes_care,endocrinology,SMD,16,2006,14,46.93,0.0914,26.83,-0.431,0.098,25504,Diabetes Care (1999-2013),1.1428571428571428,1594.0,10.146590581589942,4.0,moderate
Real_Endocrinology_190,diabetes_care,endocrinology,SMD,10,2018,12,52.51,0.1807,18.87,0.293,0.079,41898,Diabetes Care (2012-2024),0.8333333333333334,4189.8,10.64299337207409,3.1622776601683795,substantial
Real_Endocrinology_191,jcem,endocrinology,RR,9,2005,12,32.44,0.0867,13.58,0.863,0.112,15846,JCEM (1999-2011),0.75,1760.6666666666667,9.670672381525188,3.0,moderate
Real_Endocrinology_192,jcem,endocrinology,SMD,10,2007,7,65.77,0.2474,25.35,-0.164,0.09,38305,JCEM (2004-2010),1.4285714285714286,3830.5,10.553335714950922,3.1622776601683795,substantial
Real_Endocrinology_193,diabetologia,endocrinology,MD,21,2011,5,70.81,0.6476,73.63,0.162,0.09,40224,Diabetologia (2009-2013),4.2,1915.4285714285713,10.602219111389974,4.58257569495584,substantial
Real_Endocrinology_194,jcem,endocrinology,SMD,15,2008,9,26.38,0.1014,17.83,-0.164,0.063,45745,JCEM (2004-2012),1.6666666666666667,3049.6666666666665,10.730837775113635,3.872983346207417,moderate
Real_Endocrinology_195,lancet_diabetes,endocrinology,SMD,15,2005,20,51.48,0.2226,27.81,0.157,0.078,42118,Lancet Diabetes (1995-2015),0.75,2807.866666666667,10.648230481739724,3.872983346207417,substantial
Real_Endocrinology_196,lancet_diabetes,endocrinology,MD,10,2015,11,61.28,0.5632,22.78,2.187,0.321,2841,Lancet Diabetes (2010-2020),0.9090909090909091,284.1,7.951911381854188,3.1622776601683795,substantial
Real_Endocrinology_197,lancet_diabetes,endocrinology,RR,17,2018,20,65.11,0.1284,51.34,1.119,0.097,32447,Lancet Diabetes (2008-2028),0.85,1908.6470588235295,10.38736326793552,4.123105625617661,substantial
Real_Endocrinology_198,diabetes_care,endocrinology,SMD,23,2015,18,40.58,0.1584,39.35,-0.268,0.103,20907,Diabetes Care (2006-2024),1.2777777777777777,909.0,9.947839310106628,4.795831523312719,moderate
Real_Endocrinology_199,diabetes_care,endocrinology,RR,22,2010,20,80.58,0.2448,128.46,0.611,0.12,25320,Diabetes Care (2000-2020),1.1,1150.909090909091,10.139349876258112,4.69041575982343,high
Real_Endocrinology_200,diabetologia,endocrinology,RR,24,2014,18,90.26,0.2219,247.04,1.179,0.103,38558,Diabetologia (2005-2023),1.3333333333333333,1606.5833333333333,10.559918880159413,4.898979485566356,high
Real_Infectious_disease_201,nejm,infectious_disease,MD,12,2017,14,59.92,0.4955,36.21,1.99,0.09,35642,NEJM (2010-2024),0.8571428571428571,2970.1666666666665,10.481279996733045,3.4641016151377544,substantial
Real_Infectious_disease_202,jid,infectious_disease,MD,17,2011,10,23.29,0.4374,19.72,0.243,0.08,26500,JID (2006-2016),1.7,1558.8235294117646,10.184900011974314,4.123105625617661,low
Real_Infectious_disease_203,cid,infectious_disease,RR,8,2008,16,21.7,0.0245,9.38,1.683,0.066,38083,CID (2000-2016),0.5,4760.375,10.547523267314807,2.8284271247461903,low
Real_Infectious_disease_204,jid,infectious_disease,SMD,20,2007,9,58.36,0.1883,50.58,-0.956,0.082,42309,JID (2003-2011),2.2222222222222223,2115.45,10.65275510836035,4.47213595499958,substantial
Real_Infectious_disease_205,cid,infectious_disease,MD,19,2020,16,48.07,0.3265,31.54,0.03,0.097,26432,CID (2012-2028),1.1875,1391.157894736842,10.182330676320705,4.358898943540674,moderate
Real_Infectious_disease_206,cid,infectious_disease,MD,14,2019,5,26.36,0.2709,20.73,-0.182,0.064,43592,CID (2017-2021),2.8,3113.714285714286,10.682628926262934,3.7416573867739413,moderate
Real_Infectious_disease_207,jid,infectious_disease,RR,20,2009,18,57.47,0.1555,35.55,0.475,0.11,23204,JID (2000-2018),1.1111111111111112,1160.2,10.052079956585954,4.47213595499958,substantial
Real_Infectious_disease_208,nejm,infectious_disease,SMD,11,2009,10,86.21,0.3767,91.84,-0.012,0.093,45364,NEJM (2004-2014),1.1,4124.0,10.72247411793522,3.3166247903554,high
Real_Infectious_disease_209,cid,infectious_disease,SMD,10,2012,16,70.28,0.2473,44.24,-0.795,0.214,7124,CID (2004-2020),0.625,712.4,8.871224644409553,3.1622776601683795,substantial
Real_Infectious_disease_210,nejm,infectious_disease,MD,17,2018,18,66.04,0.6869,36.61,-0.755,0.086,42303,NEJM (2009-2027),0.9444444444444444,2488.4117647058824,10.652613284505339,4.123105625617661,substantial
Real_Infectious_disease_211,nejm,infectious_disease,MD,21,2017,20,66.9,0.9666,76.56,-2.936,0.086,42058,NEJM (2007-2027),1.05,2002.7619047619048,10.64680489700865,4.58257569495584,substantial
Real_Infectious_disease_212,nejm,infectious_disease,MD,15,2016,10,53.41,0.7245,33.73,-0.574,0.083,38058,NEJM (2011-2021),1.5,2537.2,10.546866590861953,3.872983346207417,substantial
Real_Infectious_disease_213,jid,infectious_disease,SMD,14,2022,15,11.17,0.0472,18.56,-0.06,0.061,37834,JID (2015-2029),0.9333333333333333,2702.4285714285716,10.54096344822561,3.7416573867739413,low
Real_Infectious_disease_214,jid,infectious_disease,MD,21,2009,19,80.58,1.1103,92.49,-0.485,0.094,41395,JID (2000-2018),1.105263157894737,1971.1904761904761,10.630915379572906,4.58257569495584,high
Real_Infectious_disease_215,nejm,infectious_disease,SMD,22,2020,11,65.35,0.2863,65.13,0.142,0.132,17746,NEJM (2015-2025),2.0,806.6363636363636,9.783915417395283,4.69041575982343,substantial
Real_Infectious_disease_216,cid,infectious_disease,MD,18,2005,8,43.63,0.704,40.11,-0.353,0.08,35857,CID (2001-2009),2.25,1992.0555555555557,10.487294084986926,4.242640687119285,moderate
Real_Infectious_disease_217,cid,infectious_disease,SMD,13,2016,6,37.42,0.0767,17.71,-0.2,0.128,12939,CID (2013-2019),2.1666666666666665,995.3076923076923,9.468001285315953,3.605551275463989,moderate
Real_Infectious_disease_218,lancet_infect_dis,infectious_disease,SMD,24,2017,12,48.92,0.2063,37.05,-0.878,0.133,14082,Lancet Infect Dis (2011-2023),2.0,586.75,9.552652665079078,4.898979485566356,moderate
Real_Infectious_disease_219,nejm,infectious_disease,MD,19,2010,20,50.14,0.3627,34.67,-1.062,0.073,47699,NEJM (2000-2020),0.95,2510.4736842105262,10.77266571229609,4.358898943540674,substantial
Real_Infectious_disease_220,cid,infectious_disease,RR,20,2005,16,84.65,0.1085,92.73,1.139,0.1,38468,CID (1997-2013),1.25,1923.4,10.557582005832373,4.47213595499958,high
Real_Infectious_disease_221,nejm,infectious_disease,MD,8,2018,12,54.39,0.3948,10.25,0.238,0.1,26920,NEJM (2012-2024),0.6666666666666666,3365.0,10.200624783758665,2.8284271247461903,substantial
Real_Infectious_disease_222,nejm,infectious_disease,MD,17,2006,20,22.89,0.3948,18.7,0.397,0.41,1009,NEJM (1996-2016),0.85,59.35294117647059,6.9167150203536085,4.123105625617661,low
Real_Infectious_disease_223,jid,infectious_disease,SMD,25,2020,6,74.84,0.3028,111.59,0.174,0.089,43706,JID (2017-2023),4.166666666666667,1748.24,10.685240671430098,5.0,substantial
Real_Infectious_disease_224,lancet_infect_dis,infectious_disease,RR,25,2005,20,63.16,0.0867,61.51,0.861,0.163,11303,Lancet Infect Dis (1995-2015),1.25,452.12,9.33282345619073,5.0,substantial
Real_Infectious_disease_225,cid,infectious_disease,SMD,16,2008,19,48.28,0.2614,31.18,-0.584,0.099,25225,CID (1999-2017),0.8421052631578947,1576.5625,10.13559084522181,4.0,moderate
Real_Infectious_disease_226,lancet_infect_dis,infectious_disease,RR,18,2007,19,46.3,0.1196,28.37,1.061,0.103,22665,Lancet Infect Dis (1998-2016),0.9473684210526315,1259.1666666666667,10.02857716337495,4.242640687119285,moderate
Real_Infectious_disease_227,cid,infectious_disease,MD,23,2012,13,36.59,0.7168,38.74,1.707,0.066,48081,CID (2006-2018),1.7692307692307692,2090.478260869565,10.780642367661684,4.795831523312719,moderate
Real_Infectious_disease_228,cid,infectious_disease,MD,21,2016,8,57.2,0.6981,47.61,0.088,0.218,5840,CID (2012-2020),2.625,278.0952380952381,8.672486075822272,4.58257569495584,substantial
Real_Infectious_disease_229,lancet_infect_dis,infectious_disease,RR,10,2015,5,57.91,0.1481,20.66,0.7,0.149,12715,Lancet Infect Dis (2013-2017),2.0,1271.5,9.45053767785622,3.1622776601683795,substantial
Real_Infectious_disease_230,jid,infectious_disease,MD,9,2016,8,31.62,0.3177,18.69,-1.674,0.079,31402,JID (2012-2020),1.125,3489.1111111111113,10.354626864135467,3.0,moderate
Real_Rheumatology_231,arthritis_rheum,rheumatology,MD,21,2008,11,86.52,1.1542,138.97,0.286,0.111,31746,Arthritis Rheum (2003-2013),1.9090909090909092,1511.7142857142858,10.365522012132187,4.58257569495584,high
Real_Rheumatology_232,ann_rheum_dis,rheumatology,RR,13,2022,8,41.24,0.102,21.79,0.863,0.196,5837,Ann Rheum Dis (2018-2026),1.625,449.0,8.671972245203792,3.605551275463989,moderate
Real_Rheumatology_233,arthritis_rheum,rheumatology,MD,20,2007,5,45.02,0.5671,32.47,1.3,0.156,9738,Arthritis Rheum (2005-2009),4.0,486.9,9.183791036742646,4.47213595499958,moderate
Real_Rheumatology_234,ann_rheum_dis,rheumatology,MD,8,2020,11,59.42,0.4796,22.39,1.015,0.105,26168,Ann Rheum Dis (2015-2025),0.7272727272727273,3271.0,10.17229256921822,2.8284271247461903,substantial
Real_Rheumatology_235,lancet,rheumatology,MD,20,2022,20,50.02,0.7613,50.25,-0.549,0.1,25242,Lancet (2012-2032),1.0,1262.1,10.136264552818576,4.47213595499958,substantial
Real_Rheumatology_236,lancet,rheumatology,RR,14,2009,18,77.96,0.154,69.26,1.448,0.09,44242,Lancet (2000-2018),0.7777777777777778,3160.1428571428573,10.697429843130967,3.7416573867739413,high
Real_Rheumatology_237,ann_rheum_dis,rheumatology,SMD,10,2017,20,62.9,0.1381,32.19,-0.403,0.107,25881,Ann Rheum Dis (2007-2027),0.5,2588.1,10.161264387744689,3.1622776601683795,substantial
Real_Rheumatology_238,lancet,rheumatology,SMD,12,2012,20,25.32,0.1021,13.19,0.343,0.113,13883,Lancet (2002-2022),0.6,1156.9166666666667,9.538420349034803,3.4641016151377544,moderate
Real_Rheumatology_239,arthritis_rheum,rheumatology,MD,8,2016,15,75.46,0.7232,32.02,0.571,0.104,32003,Arthritis Rheum (2009-2023),0.5333333333333333,4000.375,10.373584927387608,2.8284271247461903,high
Real_Rheumatology_240,arthritis_rheum,rheumatology,RR,11,2021,20,38.14,0.1206,16.65,0.476,0.084,30256,Arthritis Rheum (2011-2031),0.55,2750.5454545454545,10.31744979089824,3.3166247903554,moderate
Real_Rheumatology_241,lancet,rheumatology,RR,8,2012,13,21.45,0.0422,13.01,1.492,0.087,21980,Lancet (2006-2018),0.6153846153846154,2747.5,9.997888227957612,2.8284271247461903,low
Real_Rheumatology_242,arthritis_rheum,rheumatology,SMD,25,2005,8,45.21,0.132,49.85,-1.022,0.182,7199,Arthritis Rheum (2001-2009),3.125,287.96,8.881697406469304,5.0,moderate
Real_Rheumatology_243,ann_rheum_dis,rheumatology,SMD,24,2014,8,35.08,0.1408,42.43,-0.38,0.064,49739,Ann Rheum Dis (2010-2018),3.0,2072.4583333333335,10.81454461261167,4.898979485566356,moderate
Real_Rheumatology_244,lancet,rheumatology,RR,13,2015,9,71.18,0.1567,49.06,1.146,0.082,48633,Lancet (2011-2019),1.4444444444444444,3741.0,10.792057591809684,3.605551275463989,substantial
Real_Rheumatology_245,arthritis_rheum,rheumatology,RR,20,2011,14,25.5,0.073,32.2,1.268,0.146,8331,Arthritis Rheum (2004-2018),1.4285714285714286,416.55,9.027738775974909,4.47213595499958,moderate
Real_Rheumatology_246,lancet,rheumatology,RR,20,2017,11,57.9,0.2324,53.0,1.312,0.274,3731,Lancet (2012-2022),1.8181818181818181,186.55,8.224431573221159,4.47213595499958,substantial
Real_Rheumatology_247,lancet,rheumatology,RR,22,2015,18,7.03,0.0218,21.0,0.777,0.058,38941,Lancet (2006-2024),1.2222222222222223,1770.0454545454545,10.569802959130607,4.69041575982343,low
Real_Rheumatology_248,ann_rheum_dis,rheumatology,RR,24,2010,10,18.61,0.0327,23.0,0.643,0.062,40961,Ann Rheum Dis (2005-2015),2.4,1706.7083333333333,10.620375673477872,4.898979485566356,low
Real_Rheumatology_249,ann_rheum_dis,rheumatology,SMD,15,2022,12,65.22,0.2397,40.9,-0.195,0.079,49195,Ann Rheum Dis (2016-2028),1.25,3279.6666666666665,10.803547271299866,3.872983346207417,substantial
Real_Rheumatology_250,ann_rheum_dis,rheumatology,RR,22,2008,6,55.65,0.1175,51.39,0.964,0.114,20823,Ann Rheum Dis (2005-2011),3.6666666666666665,946.5,9.943813424007693,4.69041575982343,substantial
Real_Rheumatology_251,ann_rheum_dis,rheumatology,MD,19,2005,16,90.77,0.6513,224.05,0.761,0.099,41789,Ann Rheum Dis (1997-2013),1.1875,2199.4210526315787,10.640388425985996,4.358898943540674,high
Real_Rheumatology_252,lancet,rheumatology,RR,10,2022,18,78.0,0.2666,39.43,1.769,0.184,10500,Lancet (2013-2031),0.5555555555555556,1050.0,9.259130536145614,3.1622776601683795,high
Real_Rheumatology_253,ann_rheum_dis,rheumatology,SMD,16,2008,17,27.41,0.1222,23.58,-0.242,0.105,16717,Ann Rheum Dis (2000-2016),0.9411764705882353,1044.8125,9.72418144470263,4.0,moderate
Real_Rheumatology_254,ann_rheum_dis,rheumatology,RR,18,2005,11,24.37,0.0421,23.66,0.646,0.073,32362,Ann Rheum Dis (2000-2010),1.6363636363636365,1797.888888888889,10.384740173959754,4.242640687119285,low
Real_Rheumatology_255,ann_rheum_dis,rheumatology,MD,9,2016,7,17.42,0.2384,12.42,0.929,0.086,20919,Ann Rheum Dis (2013-2019),1.2857142857142858,2324.3333333333335,9.948413115889121,3.0,low
Real_Gastroenterology_256,gastroenterology,gastroenterology,MD,11,2013,18,58.37,0.894,24.74,0.44,0.107,24559,Gastroenterology (2004-2022),0.6111111111111112,2232.6363636363635,10.108833664819757,3.3166247903554,substantial
Real_Gastroenterology_257,gastroenterology,gastroenterology,RR,16,2010,7,53.31,0.1394,38.41,0.868,0.238,4667,Gastroenterology (2007-2013),2.2857142857142856,291.6875,8.448271745949816,4.0,substantial
Real_Gastroenterology_258,gut,gastroenterology,SMD,22,2019,17,82.83,0.3075,120.78,-0.16,0.111,30481,Gut (2011-2027),1.2941176470588236,1385.5,10.32485881766135,4.69041575982343,high
Real_Gastroenterology_259,gastroenterology,gastroenterology,SMD,21,2019,13,17.68,0.0629,25.22,-0.16,0.087,20408,Gastroenterology (2013-2025),1.6153846153846154,971.8095238095239,9.923682259821648,4.58257569495584,low
Real_Gastroenterology_260,gut,gastroenterology,RR,8,2008,13,71.47,0.1199,30.36,1.267,0.159,13039,Gut (2002-2014),0.6153846153846154,1629.875,9.475700145423472,2.8284271247461903,substantial
Real_Gastroenterology_261,gastroenterology,gastroenterology,RR,18,2013,19,52.7,0.1525,33.71,0.799,0.075,46982,Gastroenterology (2004-2022),0.9473684210526315,2610.1111111111113,10.757519828613711,4.242640687119285,substantial
Real_Gastroenterology_262,gut,gastroenterology,SMD,16,2006,18,87.87,0.3615,131.53,-0.43,0.504,1565,Gut (1997-2015),0.8888888888888888,97.8125,7.355641102974253,4.0,high
Real_Gastroenterology_263,am_j_gastroenterol,gastroenterology,MD,19,2014,17,53.16,0.5678,47.95,-0.375,0.076,45878,Am J Gastroenterol (2006-2022),1.1176470588235294,2414.6315789473683,10.733740978314072,4.358898943540674,substantial
Real_Gastroenterology_264,hepatology,gastroenterology,MD,20,2009,19,7.61,0.1067,20.86,0.301,0.233,2390,Hepatology (2000-2018),1.0526315789473684,119.5,7.779048644925556,4.47213595499958,low
Real_Gastroenterology_265,hepatology,gastroenterology,RR,13,2011,18,60.35,0.132,35.37,1.577,0.126,18281,Hepatology (2002-2020),0.7222222222222222,1406.2307692307693,9.813617548107086,3.605551275463989,substantial
Real_Gastroenterology_266,hepatology,gastroenterology,MD,15,2015,17,43.17,0.4665,27.46,1.631,0.163,8674,Hepatology (2007-2023),0.8823529411764706,578.2666666666667,9.068085324395312,3.872983346207417,moderate
Real_Gastroenterology_267,gastroenterology,gastroenterology,RR,9,2006,19,72.25,0.1176,33.02,0.513,0.163,12546,Gastroenterology (1997-2015),0.47368421052631576,1394.0,9.437157168656688,3.0,substantial
Real_Gastroenterology_268,am_j_gastroenterol,gastroenterology,MD,21,2015,7,31.61,0.3614,28.32,-2.309,0.084,27929,Am J Gastroenterol (2012-2018),3.0,1329.952380952381,10.23742085450305,4.58257569495584,moderate
Real_Gastroenterology_269,gut,gastroenterology,RR,24,2011,10,76.81,0.2173,109.29,0.753,0.106,31557,Gut (2006-2016),2.4,1314.875,10.359550713407383,4.898979485566356,high
Real_Gastroenterology_270,hepatology,gastroenterology,SMD,17,2013,11,73.05,0.4259,79.12,-0.399,0.181,10276,Hepatology (2008-2018),1.5454545454545454,604.4705882352941,9.237566358229774,4.123105625617661,substantial
Real_Gastroenterology_271,gut,gastroenterology,RR,23,2013,5,28.47,0.0711,30.32,0.331,0.078,30223,Gut (2011-2015),4.6,1314.0434782608695,10.316358502904885,4.795831523312719,moderate
Real_Gastroenterology_272,hepatology,gastroenterology,SMD,10,2017,19,39.29,0.108,17.06,-0.488,0.092,25804,Hepatology (2008-2026),0.5263157894736842,2580.4,10.158284797652133,3.1622776601683795,moderate
Real_Gastroenterology_273,am_j_gastroenterol,gastroenterology,SMD,25,2018,12,10.19,0.069,28.83,0.038,0.077,23109,Am J Gastroenterol (2012-2024),2.0833333333333335,924.36,10.047977431021076,5.0,low
Real_Gastroenterology_274,am_j_gastroenterol,gastroenterology,SMD,21,2012,11,38.19,0.0957,25.87,-0.166,0.073,40428,Am J Gastroenterol (2007-2017),1.9090909090909092,1925.142857142857,10.607277893194553,4.58257569495584,moderate
Real_Gastroenterology_275,am_j_gastroenterol,gastroenterology,RR,17,2010,20,31.95,0.037,27.15,0.731,0.15,8756,Am J Gastroenterol (2000-2020),0.85,515.0588235294117,9.077494458642754,4.123105625617661,moderate
Synthetic_00001,generated,pulmonology,HR,16,2011,3,0.71,0.0122,14.58,1.624,0.036,44913,Generated based on literature patterns,5.333333333333333,2807.0625,10.712482564117947,4.0,low
Synthetic_00002,generated,dermatology,MD,5,2015,4,70.16,0.6201,18.32,-1.201,1.073,100,Generated based on literature patterns,1.25,20.0,4.605170185988092,2.23606797749979,substantial
Synthetic_00003,generated,dermatology,MD,14,2008,5,88.59,0.7097,125.1,0.437,0.275,1793,Generated based on literature patterns,2.8,128.07142857142858,7.491645473605133,3.7416573867739413,high
Synthetic_00004,generated,oncology,HR,6,2002,10,63.12,0.0657,9.14,1.313,0.209,2056,Generated based on literature patterns,0.6,342.6666666666667,7.628517626575055,2.449489742783178,substantial
Synthetic_00005,generated,nephrology,OR,18,2013,3,37.42,0.0373,36.9,1.091,0.208,1528,Generated based on literature patterns,6.0,84.88888888888889,7.331714969726466,4.242640687119285,moderate
Synthetic_00006,generated,pulmonology,OR,7,2006,4,38.77,0.0723,12.85,0.513,0.128,2978,Generated based on literature patterns,1.75,425.42857142857144,7.999007213243955,2.6457513110645907,moderate
Synthetic_00007,generated,psychiatry,COR,13,2015,9,42.07,0.5734,27.12,0.217,0.075,6939,Generated based on literature patterns,1.4444444444444444,533.7692307692307,8.844912950899548,3.605551275463989,moderate
Synthetic_00008,generated,immunology,MD,20,2004,3,0.62,0.0425,16.43,-4.183,0.352,392,Generated based on literature patterns,6.666666666666667,19.6,5.971261839790462,4.47213595499958,low
Synthetic_00009,generated,dermatology,COR,12,2011,15,3.87,0.2212,17.79,0.59,0.03,8163,Generated based on literature patterns,0.8,680.25,9.007367027451355,3.4641016151377544,low
Synthetic_00010,generated,infectious_disease,SMD,7,2013,12,36.26,0.1674,5.78,-0.208,0.313,714,Generated based on literature patterns,0.5833333333333334,102.0,6.570882962339584,2.6457513110645907,moderate
Synthetic_00011,generated,psychiatry,MD,18,2006,3,65.99,0.8699,58.15,0.455,0.192,3678,Generated based on literature patterns,6.0,204.33333333333334,8.210124405164267,4.242640687119285,substantial
Synthetic_00012,generated,urology,MD,5,2013,14,9.75,0.311,4.2,1.708,0.187,2272,Generated based on literature patterns,0.35714285714285715,454.4,7.7284157798410416,2.23606797749979,low
Synthetic_00013,generated,immunology,HR,17,2011,3,38.29,0.0544,26.7,1.28,0.467,350,Generated based on literature patterns,5.666666666666667,20.58823529411765,5.857933154483459,4.123105625617661,moderate
Synthetic_00014,generated,pulmonology,SMD,15,2000,3,60.56,0.5024,26.91,-0.187,0.121,5327,Generated based on literature patterns,5.0,355.1333333333333,8.580543506917,3.872983346207417,substantial
Synthetic_00015,generated,cardiology,OR,64,2011,7,36.72,0.2936,124.02,0.829,0.115,2406,Generated based on literature patterns,9.142857142857142,37.59375,7.785720896534624,8.0,moderate
Synthetic_00016,generated,psychiatry,RR,8,2007,12,57.26,0.1577,12.02,1.283,0.225,2077,Generated based on literature patterns,0.6666666666666666,259.625,7.638679823876112,2.8284271247461903,substantial
Synthetic_00017,generated,ophthalmology,RR,6,2020,10,79.99,0.4085,37.55,0.798,0.172,3907,Generated based on literature patterns,0.6,651.1666666666666,8.27052509505507,2.449489742783178,high
Synthetic_00018,generated,gastroenterology,COR,7,2010,3,81.82,1.525,23.73,-0.162,0.36,913,Generated based on literature patterns,2.3333333333333335,130.42857142857142,6.816735880594968,2.6457513110645907,high
Synthetic_00019,generated,rheumatology,HR,11,2015,5,64.47,0.1187,26.01,1.845,0.395,260,Generated based on literature patterns,2.2,23.636363636363637,5.560681631015528,3.3166247903554,substantial
Synthetic_00020,generated,rheumatology,OR,5,2009,3,79.82,0.1454,16.27,1.081,0.127,7163,Generated based on literature patterns,1.6666666666666667,1432.6,8.876684166614451,2.23606797749979,high
Synthetic_00021,generated,endocrinology,MD,6,2011,6,38.28,0.6427,23.17,-1.963,0.452,278,Generated based on literature patterns,1.0,46.333333333333336,5.627621113690637,2.449489742783178,moderate
Synthetic_00022,generated,cardiology,MD,13,2008,11,72.47,1.054,52.47,-0.973,0.186,2184,Generated based on literature patterns,1.1818181818181819,168.0,7.688913336864796,3.605551275463989,substantial
Synthetic_00023,generated,nephrology,COR,20,2009,4,5.15,0.0928,26.55,0.224,0.074,6466,Generated based on literature patterns,5.0,323.3,8.774312958285378,4.47213595499958,low
Synthetic_00024,generated,oncology,OR,12,2012,4,78.95,0.3983,56.57,0.822,0.108,10331,Generated based on literature patterns,3.0,860.9166666666666,9.242904362849446,3.4641016151377544,high
Synthetic_00025,generated,urology,MD,10,2008,28,38.91,0.8657,19.49,-1.398,0.07,8935,Generated based on literature patterns,0.35714285714285715,893.5,9.097731427593528,3.1622776601683795,moderate
Synthetic_00026,generated,gastroenterology,HR,5,2022,4,4.42,0.0169,5.21,0.749,0.159,1116,Generated based on literature patterns,1.25,223.2,7.017506142941256,2.23606797749979,low
Synthetic_00027,generated,neurology,OR,5,2003,4,3.59,0.0188,2.13,0.689,0.041,13907,Generated based on literature patterns,1.25,2781.4,9.540147589478611,2.23606797749979,low
Synthetic_00028,generated,ophthalmology,MD,26,2016,6,33.78,0.5765,47.9,0.195,0.088,3302,Generated based on literature patterns,4.333333333333333,127.0,8.102283624480073,5.0990195135927845,moderate
Synthetic_00029,generated,immunology,OR,12,2014,5,65.39,0.5185,27.76,0.85,0.03,29435,Generated based on literature patterns,2.4,2452.9166666666665,10.289939721462362,3.4641016151377544,substantial
Synthetic_00030,generated,dermatology,HR,22,2001,9,35.9,0.1445,47.28,1.45,0.032,30159,Generated based on literature patterns,2.4444444444444446,1370.8636363636363,10.31423866507353,4.69041575982343,moderate
Synthetic_00031,generated,rheumatology,SMD,5,2020,8,31.3,0.1456,6.78,-0.157,0.074,2746,Generated based on literature patterns,0.625,549.2,7.917900586327916,2.23606797749979,moderate
Synthetic_00032,generated,cardiology,RR,5,2015,4,67.89,0.5036,26.69,0.602,0.217,1146,Generated based on literature patterns,1.25,229.2,7.044032897274685,2.23606797749979,substantial
Synthetic_00033,generated,psychiatry,COR,29,2017,8,58.31,0.3352,94.58,0.066,0.097,1947,Generated based on literature patterns,3.625,67.13793103448276,7.5740450053721995,5.385164807134504,substantial
Synthetic_00034,generated,nephrology,OR,21,2015,3,35.63,0.0932,31.36,1.048,0.119,1663,Generated based on literature patterns,7.0,79.19047619047619,7.416378479192928,4.58257569495584,moderate
Synthetic_00035,generated,psychiatry,SMD,8,2005,10,67.69,0.2982,20.86,0.393,0.17,1849,Generated based on literature patterns,0.8,231.125,7.522400231387125,2.8284271247461903,substantial
Synthetic_00036,generated,pulmonology,OR,9,2007,7,55.9,0.1637,19.97,0.892,0.348,468,Generated based on literature patterns,1.2857142857142858,52.0,6.148468295917647,3.0,substantial
Synthetic_00037,generated,oncology,HR,13,2021,9,78.82,0.1408,67.3,0.485,0.382,557,Generated based on literature patterns,1.4444444444444444,42.84615384615385,6.322565239927284,3.605551275463989,high
Synthetic_00038,generated,nephrology,SMD,9,1999,5,57.93,0.1175,14.24,-0.708,0.041,47063,Generated based on literature patterns,1.8,5229.222222222223,10.7592424086558,3.0,substantial
Synthetic_00039,generated,immunology,OR,5,2011,6,80.39,0.2101,28.15,1.135,1.098,100,Generated based on literature patterns,0.8333333333333334,20.0,4.605170185988092,2.23606797749979,high
Synthetic_00040,generated,ophthalmology,MD,5,2027,3,68.13,1.5709,15.08,-3.459,0.169,4712,Generated based on literature patterns,1.6666666666666667,942.4,8.457867725331422,2.23606797749979,substantial
Synthetic_00041,generated,nephrology,MD,42,2000,11,5.84,0.104,59.61,1.336,0.239,395,Generated based on literature patterns,3.8181818181818183,9.404761904761905,5.978885764901122,6.48074069840786,low
Synthetic_00042,generated,endocrinology,COR,17,2014,10,9.14,0.4397,23.47,0.166,0.093,3689,Generated based on literature patterns,1.7,217.0,8.213110697596676,4.123105625617661,low
Synthetic_00043,generated,cardiology,OR,18,2025,3,25.65,0.0477,27.24,1.79,0.467,160,Generated based on literature patterns,6.0,8.88888888888889,5.075173815233827,4.242640687119285,moderate
Synthetic_00044,generated,pulmonology,OR,20,2018,7,57.41,0.2922,42.15,1.225,0.191,883,Generated based on literature patterns,2.857142857142857,44.15,6.78332520060396,4.47213595499958,substantial
Synthetic_00045,generated,psychiatry,MD,20,2020,3,26.4,0.513,19.13,-0.406,0.116,2755,Generated based on literature patterns,6.666666666666667,137.75,7.9211727215870145,4.47213595499958,moderate
Synthetic_00046,generated,infectious_disease,HR,35,2015,4,51.96,0.1337,81.98,0.925,0.165,3667,Generated based on literature patterns,8.75,104.77142857142857,8.207129168071326,5.916079783099616,substantial
Synthetic_00047,generated,immunology,HR,5,2021,15,3.64,0.01,1.64,0.496,0.166,754,Generated based on literature patterns,0.3333333333333333,150.8,6.625392368007956,2.23606797749979,low
Synthetic_00048,generated,infectious_disease,OR,6,2011,3,91.78,0.144,78.72,0.813,0.16,1666,Generated based on literature patterns,2.0,277.6666666666667,7.418180822726788,2.449489742783178,high
Synthetic_00049,generated,ophthalmology,COR,57,2012,4,80.58,0.8814,295.5,0.417,0.055,4971,Generated based on literature patterns,14.25,87.21052631578948,8.511376306094673,7.54983443527075,high
Synthetic_00050,generated,rheumatology,SMD,5,2004,5,80.01,0.2838,23.87,0.468,0.389,1035,Generated based on literature patterns,1.0,207.0,6.942156705699469,2.23606797749979,high
Synthetic_00051,generated,ophthalmology,COR,18,2005,13,86.71,2.5231,141.8,-0.508,0.653,107,Generated based on literature patterns,1.3846153846153846,5.944444444444445,4.672828834461906,4.242640687119285,high
Synthetic_00052,generated,cardiology,HR,13,2007,3,78.21,0.0944,65.83,1.49,0.028,25515,Generated based on literature patterns,4.333333333333333,1962.6923076923076,10.147021793498071,3.605551275463989,high
Synthetic_00053,generated,neurology,RR,5,2008,5,85.37,0.6564,39.33,0.969,0.145,3290,Generated based on literature patterns,1.0,658.0,8.098642843759418,2.23606797749979,high
Synthetic_00054,generated,ophthalmology,RR,12,2014,3,64.74,0.1953,42.05,0.606,0.142,4137,Generated based on literature patterns,4.0,344.75,8.327726166461412,3.4641016151377544,substantial
Synthetic_00055,generated,dermatology,COR,11,2016,4,3.31,0.0465,7.42,-0.293,0.155,1880,Generated based on literature patterns,2.75,170.9090909090909,7.539027055823995,3.3166247903554,low
Synthetic_00056,generated,infectious_disease,COR,6,2027,7,30.53,0.3995,21.12,-0.314,0.198,337,Generated based on literature patterns,0.8571428571428571,56.166666666666664,5.820082930352362,2.449489742783178,moderate
Synthetic_00057,generated,immunology,SMD,19,2021,10,72.04,0.2969,74.74,0.532,0.133,4019,Generated based on literature patterns,1.9,211.52631578947367,8.2987883944492,4.358898943540674,substantial
Synthetic_00058,generated,gastroenterology,HR,19,2015,13,3.39,0.0197,13.08,1.379,0.115,3600,Generated based on literature patterns,1.4615384615384615,189.47368421052633,8.1886891244442,4.358898943540674,low
Synthetic_00059,generated,gastroenterology,SMD,11,2017,5,3.02,0.0252,9.51,0.067,0.165,2088,Generated based on literature patterns,2.2,189.8181818181818,7.643961949002529,3.3166247903554,low
Synthetic_00060,generated,immunology,HR,13,2017,9,5.14,0.0234,10.57,1.59,0.426,238,Generated based on literature patterns,1.4444444444444444,18.307692307692307,5.472270673671475,3.605551275463989,low
Synthetic_00061,generated,immunology,RR,14,2010,4,3.96,0.0159,7.09,1.167,0.024,24504,Generated based on literature patterns,3.5,1750.2857142857142,10.10659164851261,3.7416573867739413,low
Synthetic_00062,generated,pulmonology,RR,10,2008,12,81.99,0.2209,50.03,1.149,0.146,2727,Generated based on literature patterns,0.8333333333333334,272.7,7.910957382845589,3.1622776601683795,high
Synthetic_00063,generated,nephrology,SMD,11,2014,10,47.38,0.229,21.34,-0.002,0.821,277,Generated based on literature patterns,1.1,25.181818181818183,5.6240175061873385,3.3166247903554,moderate
Synthetic_00064,generated,ophthalmology,OR,8,2021,25,79.65,0.2472,31.64,0.944,0.21,721,Generated based on literature patterns,0.32,90.125,6.580639137284949,2.8284271247461903,high
Synthetic_00065,generated,endocrinology,RR,7,2015,7,84.07,0.6035,44.74,1.809,0.164,1929,Generated based on literature patterns,1.0,275.57142857142856,7.564757012905729,2.6457513110645907,high
Synthetic_00066,generated,immunology,HR,9,2015,13,69.65,0.1214,31.89,0.773,0.083,8207,Generated based on literature patterns,0.6923076923076923,911.8888888888889,9.012742727629712,3.0,substantial
Synthetic_00067,generated,ophthalmology,COR,12,2015,3,2.59,0.0636,18.37,-0.071,0.167,1182,Generated based on literature patterns,4.0,98.5,7.074963197966044,3.4641016151377544,low
Synthetic_00068,generated,rheumatology,MD,7,2015,4,33.95,0.3863,7.38,-0.337,0.12,5585,Generated based on literature patterns,1.75,797.8571428571429,8.6278397115033,2.6457513110645907,moderate
Synthetic_00069,generated,pulmonology,RR,9,2016,7,41.72,0.1647,6.84,0.721,0.079,12682,Generated based on literature patterns,1.2857142857142858,1409.111111111111,9.447938944259977,3.0,moderate
Synthetic_00070,generated,psychiatry,OR,20,2004,20,84.89,0.2792,139.3,1.154,0.233,1598,Generated based on literature patterns,1.0,79.9,7.37650812632622,4.47213595499958,high
Synthetic_00071,generated,urology,OR,18,2003,11,4.21,0.0087,32.7,0.776,0.511,194,Generated based on literature patterns,1.6363636363636365,10.777777777777779,5.267858159063328,4.242640687119285,low
Synthetic_00072,generated,dermatology,COR,19,2013,10,5.78,0.1129,27.86,-0.198,0.192,712,Generated based on literature patterns,1.9,37.473684210526315,6.568077911411976,4.358898943540674,low
Synthetic_00073,generated,immunology,HR,7,2003,3,5.78,0.038,2.55,1.277,0.062,7179,Generated based on literature patterns,2.3333333333333335,1025.5714285714287,8.878915376576483,2.6457513110645907,low
Synthetic_00074,generated,neurology,COR,16,2009,30,71.21,1.1048,74.54,-0.138,0.107,4803,Generated based on literature patterns,0.5333333333333333,300.1875,8.476996001664824,4.0,substantial
Synthetic_00075,generated,psychiatry,RR,44,2009,3,45.5,0.2253,69.87,0.9,0.093,4259,Generated based on literature patterns,14.666666666666666,96.79545454545455,8.356789669923213,6.6332495807108,moderate
Synthetic_00076,generated,cardiology,MD,5,2018,6,61.73,4.2577,11.99,-0.746,0.095,14424,Generated based on literature patterns,0.8333333333333334,2884.8,9.576648764883153,2.23606797749979,substantial
Synthetic_00077,generated,gastroenterology,RR,15,2004,3,2.56,0.0076,16.01,0.357,0.044,11725,Generated based on literature patterns,5.0,781.6666666666666,9.36947859331448,3.872983346207417,low
Synthetic_00078,generated,rheumatology,MD,7,2021,3,9.0,0.082,7.09,-0.188,0.02,27379,Generated based on literature patterns,2.3333333333333335,3911.285714285714,10.217531575165962,2.6457513110645907,low
Synthetic_00079,generated,pulmonology,RR,8,1999,8,10.17,0.046,7.0,2.077,0.166,1225,Generated based on literature patterns,1.0,153.125,7.110696122978827,2.8284271247461903,low
Synthetic_00080,generated,rheumatology,MD,26,2008,7,6.05,0.09,23.62,-4.91,0.306,282,Generated based on literature patterns,3.7142857142857144,10.846153846153847,5.641907070938114,5.0990195135927845,low
Synthetic_00081,generated,infectious_disease,SMD,15,2024,6,2.43,0.0774,17.88,-0.459,0.052,9530,Generated based on literature patterns,2.5,635.3333333333334,9.162199996648248,3.872983346207417,low
Synthetic_00082,generated,oncology,RR,15,2017,9,84.84,0.3102,122.98,0.572,0.39,922,Generated based on literature patterns,1.6666666666666667,61.46666666666667,6.826545223556594,3.872983346207417,high
Synthetic_00083,generated,immunology,HR,10,2021,10,38.97,0.1525,24.12,0.815,0.177,1253,Generated based on literature patterns,1.0,125.3,7.133295954896068,3.1622776601683795,moderate
Synthetic_00084,generated,cardiology,MD,12,2019,30,52.5,0.8231,27.9,-2.098,0.227,6716,Generated based on literature patterns,0.4,559.6666666666666,8.812248018197431,3.4641016151377544,substantial
Synthetic_00085,generated,infectious_disease,RR,12,2009,7,26.27,0.1088,19.17,1.273,0.311,318,Generated based on literature patterns,1.7142857142857142,26.5,5.762051382780177,3.4641016151377544,moderate
Synthetic_00086,generated,pulmonology,SMD,15,2007,6,36.17,0.3303,34.67,0.387,0.404,142,Generated based on literature patterns,2.5,9.466666666666667,4.955827057601261,3.872983346207417,moderate
Synthetic_00087,generated,pulmonology,MD,10,2012,3,64.07,1.3328,23.12,0.127,0.298,733,Generated based on literature patterns,3.3333333333333335,73.3,6.597145701886651,3.1622776601683795,substantial
Synthetic_00088,generated,rheumatology,HR,16,2010,9,31.72,0.13,18.25,1.294,0.174,3825,Generated based on literature patterns,1.7777777777777777,239.0625,8.249313746260636,4.0,moderate
Synthetic_00089,generated,oncology,SMD,7,2006,30,64.83,0.2618,27.88,0.812,0.379,304,Generated based on literature patterns,0.23333333333333334,43.42857142857143,5.717027701406222,2.6457513110645907,substantial
Synthetic_00090,generated,ophthalmology,OR,5,2013,7,30.18,0.1484,8.77,1.736,0.076,3367,Generated based on literature patterns,0.7142857142857143,673.4,8.121777419161074,2.23606797749979,moderate
Synthetic_00091,generated,immunology,MD,7,2019,6,57.07,1.4002,9.21,-0.378,0.165,827,Generated based on literature patterns,1.1666666666666667,118.14285714285714,6.717804695023691,2.6457513110645907,substantial
Synthetic_00092,generated,psychiatry,RR,5,2000,4,83.99,0.2857,41.41,0.802,0.189,524,Generated based on literature patterns,1.25,104.8,6.261491684321042,2.23606797749979,high
Synthetic_00093,generated,gastroenterology,MD,9,2017,12,1.52,0.0861,4.33,0.05,0.058,5765,Generated based on literature patterns,0.75,640.5555555555555,8.65956043270316,3.0,low
Synthetic_00094,generated,ophthalmology,RR,9,2002,3,76.38,0.1541,22.69,1.473,0.245,1978,Generated based on literature patterns,3.0,219.77777777777777,7.589841512182657,3.0,high
Synthetic_00095,generated,ophthalmology,SMD,5,2014,30,6.5,0.035,7.22,0.06,0.112,629,Generated based on literature patterns,0.16666666666666666,125.8,6.444131256700441,2.23606797749979,low
Synthetic_00096,generated,urology,OR,10,2020,10,33.15,0.0846,17.18,0.925,0.15,1836,Generated based on literature patterns,1.0,183.6,7.515344571180436,3.1622776601683795,moderate
Synthetic_00097,generated,oncology,HR,5,2013,4,58.75,0.152,12.18,0.791,0.1,4065,Generated based on literature patterns,1.25,813.0,8.310169021981912,2.23606797749979,substantial
Synthetic_00098,generated,immunology,MD,9,2008,5,36.31,1.0784,16.23,4.577,0.135,1010,Generated based on literature patterns,1.8,112.22222222222223,6.917705609835305,3.0,moderate
Synthetic_00099,generated,gastroenterology,SMD,10,2019,5,7.53,0.0497,7.88,0.196,0.046,6754,Generated based on literature patterns,2.0,675.4,8.817890200945513,3.1622776601683795,low
Synthetic_00100,generated,dermatology,SMD,11,2019,6,2.3,0.0687,7.05,-1.138,0.095,1735,Generated based on literature patterns,1.8333333333333333,157.72727272727272,7.45876269238096,3.3166247903554,low
Synthetic_00101,generated,cardiology,RR,22,2002,5,65.17,0.2579,62.85,0.669,0.202,1583,Generated based on literature patterns,4.4,71.95454545454545,7.367077059881012,4.69041575982343,substantial
Synthetic_00102,generated,endocrinology,HR,34,2018,11,41.46,0.2065,71.94,0.976,0.528,100,Generated based on literature patterns,3.090909090909091,2.9411764705882355,4.605170185988092,5.830951894845301,moderate
Synthetic_00103,generated,dermatology,OR,11,2017,4,6.78,0.0356,8.6,0.919,0.285,214,Generated based on literature patterns,2.75,19.454545454545453,5.365976015021851,3.3166247903554,low
Synthetic_00104,generated,infectious_disease,RR,21,2020,26,62.65,0.15,45.26,0.412,0.123,5534,Generated based on literature patterns,0.8076923076923077,263.5238095238095,8.618666160346871,4.58257569495584,substantial
Synthetic_00105,generated,urology,MD,13,2010,6,41.74,0.7786,30.65,-0.28,0.153,2867,Generated based on literature patterns,2.1666666666666665,220.53846153846155,7.96102146588337,3.605551275463989,moderate
Synthetic_00106,generated,pulmonology,COR,24,2007,13,7.56,0.1602,37.33,-0.149,0.025,24217,Generated based on literature patterns,1.8461538461538463,1009.0416666666666,10.094810144860501,4.898979485566356,low
Synthetic_00107,generated,gastroenterology,HR,14,2012,4,6.56,0.0388,10.21,0.706,0.092,1383,Generated based on literature patterns,3.5,98.78571428571429,7.232010331664759,3.7416573867739413,low
Synthetic_00108,generated,endocrinology,COR,23,2004,10,63.53,1.387,47.57,-0.332,0.092,10882,Generated based on literature patterns,2.3,473.1304347826087,9.294865327045871,4.795831523312719,substantial
Synthetic_00109,generated,endocrinology,RR,9,2007,3,57.59,0.1058,12.24,1.499,0.119,4374,Generated based on literature patterns,3.0,486.0,8.383433201236713,3.0,substantial
Synthetic_00110,generated,neurology,HR,7,2008,8,65.84,0.2348,19.78,1.53,0.055,18272,Generated based on literature patterns,0.875,2610.285714285714,9.813125112455737,2.6457513110645907,substantial
Synthetic_00111,generated,urology,RR,9,2017,11,8.63,0.0295,12.16,0.601,0.899,100,Generated based on literature patterns,0.8181818181818182,11.11111111111111,4.605170185988092,3.0,low
Synthetic_00112,generated,pulmonology,COR,25,2015,9,86.05,1.6614,182.33,-0.175,0.395,229,Generated based on literature patterns,2.7777777777777777,9.16,5.43372200355424,5.0,high
Synthetic_00113,generated,endocrinology,RR,5,1995,8,62.28,0.1314,10.93,0.886,0.18,2974,Generated based on literature patterns,0.625,594.8,7.9976631270201,2.23606797749979,substantial
Synthetic_00114,generated,urology,RR,6,2006,14,34.87,0.1022,4.67,1.215,0.253,541,Generated based on literature patterns,0.42857142857142855,90.16666666666667,6.293419278846481,2.449489742783178,moderate
Synthetic_00115,generated,gastroenterology,HR,12,2015,6,46.25,0.1586,21.42,0.655,0.234,730,Generated based on literature patterns,2.0,60.833333333333336,6.593044534142437,3.4641016151377544,moderate
Synthetic_00116,generated,nephrology,OR,9,2008,8,35.31,0.0943,9.42,1.077,0.084,10126,Generated based on literature patterns,1.125,1125.111111111111,9.222861652529854,3.0,moderate
Synthetic_00117,generated,ophthalmology,COR,5,2005,14,4.7,0.1837,3.57,0.239,0.25,643,Generated based on literature patterns,0.35714285714285715,128.6,6.466144724237619,2.23606797749979,low
Synthetic_00118,generated,urology,SMD,6,2014,7,61.88,0.1828,8.19,-0.402,0.059,4713,Generated based on literature patterns,0.8571428571428571,785.5,8.45807992692373,2.449489742783178,substantial
Synthetic_00119,generated,endocrinology,SMD,7,2010,5,9.99,0.0339,9.33,-1.38,0.248,838,Generated based on literature patterns,1.4,119.71428571428571,6.731018100482083,2.6457513110645907,low
Synthetic_00120,generated,psychiatry,HR,5,2013,6,81.21,0.1321,29.11,0.674,0.15,3733,Generated based on literature patterns,0.8333333333333334,746.6,8.224967478914584,2.23606797749979,high
Synthetic_00121,generated,urology,OR,13,2013,8,55.45,0.2691,52.88,0.656,0.215,1689,Generated based on literature patterns,1.625,129.92307692307693,7.4318919168078,3.605551275463989,substantial
Synthetic_00122,generated,oncology,COR,14,2013,3,31.71,0.4097,26.77,0.252,0.074,9994,Generated based on literature patterns,4.666666666666667,713.8571428571429,9.20974019190415,3.7416573867739413,moderate
Synthetic_00123,generated,neurology,RR,10,2009,4,61.41,0.2001,25.08,1.05,0.604,100,Generated based on literature patterns,2.5,10.0,4.605170185988092,3.1622776601683795,substantial
Synthetic_00124,generated,dermatology,COR,24,2005,5,89.22,0.8419,208.06,0.309,0.096,3969,Generated based on literature patterns,4.8,165.375,8.286269452783065,4.898979485566356,high
Synthetic_00125,generated,ophthalmology,RR,18,2016,13,4.97,0.0139,16.5,0.87,0.138,3038,Generated based on literature patterns,1.3846153846153846,168.77777777777777,8.018954683155718,4.242640687119285,low
Synthetic_00126,generated,urology,RR,11,2010,10,81.38,0.6411,64.36,0.777,0.096,6816,Generated based on literature patterns,1.1,619.6363636363636,8.827028068509152,3.3166247903554,high
Synthetic_00127,generated,immunology,OR,11,2010,3,62.59,0.2678,43.76,1.214,0.186,1159,Generated based on literature patterns,3.6666666666666665,105.36363636363636,7.055312843339752,3.3166247903554,substantial
Synthetic_00128,generated,urology,RR,12,2009,27,45.24,0.0703,20.54,0.787,0.076,6561,Generated based on literature patterns,0.4444444444444444,546.75,8.788898309344878,3.4641016151377544,moderate
Synthetic_00129,generated,immunology,HR,11,2015,19,7.99,0.027,8.58,0.487,0.067,9543,Generated based on literature patterns,0.5789473684210527,867.5454545454545,9.163563180417254,3.3166247903554,low
Synthetic_00130,generated,psychiatry,MD,13,1996,3,28.23,0.3332,19.27,0.577,0.012,56650,Generated based on literature patterns,4.333333333333333,4357.692307692308,10.944647266456153,3.605551275463989,moderate
Synthetic_00131,generated,urology,RR,5,2014,6,61.05,0.0552,11.87,0.682,0.205,561,Generated based on literature patterns,0.8333333333333334,112.2,6.329720905522696,2.23606797749979,substantial
Synthetic_00132,generated,infectious_disease,HR,5,2002,12,34.37,0.2148,10.86,0.649,0.025,17979,Generated based on literature patterns,0.4166666666666667,3595.8,9.796959689126295,2.23606797749979,moderate
Synthetic_00133,generated,dermatology,MD,7,2010,6,29.85,0.5591,13.84,-0.603,0.069,6547,Generated based on literature patterns,1.1666666666666667,935.2857142857143,8.786762208441091,2.6457513110645907,moderate
Synthetic_00134,generated,ophthalmology,COR,27,2016,10,33.58,0.4164,45.77,0.314,0.068,7160,Generated based on literature patterns,2.7,265.18518518518516,8.87626525995469,5.196152422706632,moderate
Synthetic_00135,generated,immunology,HR,7,2010,8,4.76,0.0211,5.5,0.545,0.054,8749,Generated based on literature patterns,0.875,1249.857142857143,9.076694687106265,2.6457513110645907,low
Synthetic_00136,generated,cardiology,OR,9,2012,6,44.5,0.1279,23.22,1.658,0.215,3449,Generated based on literature patterns,1.5,383.22222222222223,8.145839612936841,3.0,moderate
Synthetic_00137,generated,ophthalmology,MD,12,2014,6,77.73,0.7029,52.86,-2.808,0.144,1428,Generated based on literature patterns,2.0,119.0,7.2640301428995295,3.4641016151377544,high
Synthetic_00138,generated,oncology,MD,5,2004,4,60.6,1.3315,9.77,1.086,0.215,2084,Generated based on literature patterns,1.25,416.8,7.642044402873258,2.23606797749979,substantial
Synthetic_00139,generated,dermatology,HR,12,2004,7,31.0,0.0247,15.12,1.017,0.132,3793,Generated based on literature patterns,1.7142857142857142,316.0833333333333,8.2409125416889,3.4641016151377544,moderate
Synthetic_00140,generated,endocrinology,HR,39,2018,7,62.85,0.119,105.41,0.734,0.191,1592,Generated based on literature patterns,5.571428571428571,40.82051282051282,7.3727463664043285,6.244997998398398,substantial
Synthetic_00141,generated,neurology,COR,7,2012,3,43.67,2.7412,10.5,-0.016,0.068,12002,Generated based on literature patterns,2.3333333333333335,1714.5714285714287,9.392828581549459,2.6457513110645907,moderate
Synthetic_00142,generated,neurology,HR,16,2015,8,2.62,0.0238,11.4,0.934,0.159,1787,Generated based on literature patterns,2.0,111.6875,7.488293515159428,4.0,low
Synthetic_00143,generated,dermatology,RR,28,2019,17,38.7,0.1348,49.78,0.706,0.326,491,Generated based on literature patterns,1.6470588235294117,17.535714285714285,6.19644412779452,5.291502622129181,moderate
Synthetic_00144,generated,urology,MD,30,2007,4,38.67,0.6396,54.48,0.002,0.135,1455,Generated based on literature patterns,7.5,48.5,7.282761179605593,5.477225575051661,moderate
Synthetic_00145,generated,dermatology,RR,18,2017,6,38.56,0.1611,27.19,0.489,0.253,623,Generated based on literature patterns,3.0,34.611111111111114,6.434546518787453,4.242640687119285,moderate
Synthetic_00146,generated,endocrinology,SMD,12,2012,19,3.36,0.0242,12.69,0.404,0.23,253,Generated based on literature patterns,0.631578947368421,21.083333333333332,5.53338948872752,3.4641016151377544,low
Synthetic_00147,generated,rheumatology,COR,16,2015,3,71.49,0.8636,57.07,-0.188,0.183,1994,Generated based on literature patterns,5.333333333333333,124.625,7.597897950521784,4.0,substantial
Synthetic_00148,generated,gastroenterology,RR,21,2005,3,80.64,0.3251,110.07,0.427,0.195,949,Generated based on literature patterns,7.0,45.19047619047619,6.855408798609928,4.58257569495584,high
Synthetic_00149,generated,cardiology,RR,13,2014,7,81.32,0.1961,71.3,1.054,0.241,786,Generated based on literature patterns,1.8571428571428572,60.46153846153846,6.666956792429207,3.605551275463989,high
Synthetic_00150,generated,endocrinology,RR,46,2009,7,32.68,0.0795,71.54,1.731,0.255,421,Generated based on literature patterns,6.571428571428571,9.152173913043478,6.042632833682381,6.782329983125268,moderate
Synthetic_00151,generated,rheumatology,COR,21,2010,11,60.67,1.6434,39.88,-0.27,0.485,362,Generated based on literature patterns,1.9090909090909092,17.238095238095237,5.8916442118257715,4.58257569495584,substantial
Synthetic_00152,generated,psychiatry,HR,10,2015,3,83.23,0.7286,67.89,1.122,0.185,2161,Generated based on literature patterns,3.3333333333333335,216.1,7.6783263565068856,3.1622776601683795,high
Synthetic_00153,generated,neurology,MD,40,2013,4,3.78,0.0608,36.82,-2.413,0.135,614,Generated based on literature patterns,10.0,15.35,6.419994928147142,6.324555320336759,low
Synthetic_00154,generated,immunology,COR,7,2016,25,66.18,1.2553,28.25,-0.142,0.041,28464,Generated based on literature patterns,0.28,4066.285714285714,10.256395409905616,2.6457513110645907,substantial
Synthetic_00155,generated,ophthalmology,RR,14,2015,4,4.52,0.0617,16.41,1.629,0.021,66907,Generated based on literature patterns,3.5,4779.071428571428,11.111058874424351,3.7416573867739413,low
Synthetic_00156,generated,gastroenterology,RR,18,2006,3,84.86,0.4136,104.95,0.967,0.372,441,Generated based on literature patterns,6.0,24.5,6.089044875446846,4.242640687119285,high
Synthetic_00157,generated,neurology,MD,15,2013,3,65.27,0.5352,44.31,2.174,0.334,614,Generated based on literature patterns,5.0,40.93333333333333,6.419994928147142,3.872983346207417,substantial
Synthetic_00158,generated,dermatology,OR,21,2011,3,67.91,0.1826,72.13,1.258,0.117,4435,Generated based on literature patterns,7.0,211.1904761904762,8.39728289474368,4.58257569495584,substantial
Synthetic_00159,generated,oncology,RR,8,2008,4,65.43,0.2128,26.21,0.822,0.043,13035,Generated based on literature patterns,2.0,1629.375,9.475393326367602,2.8284271247461903,substantial
Synthetic_00160,generated,dermatology,OR,17,2014,10,41.88,0.1182,19.7,0.645,0.082,4104,Generated based on literature patterns,1.7,241.41176470588235,8.319717386850606,4.123105625617661,moderate
Synthetic_00161,generated,ophthalmology,RR,20,2010,30,32.7,0.0391,25.95,0.433,0.72,201,Generated based on literature patterns,0.6666666666666666,10.05,5.303304908059076,4.47213595499958,moderate
Synthetic_00162,generated,cardiology,OR,7,2016,10,10.97,0.0595,5.54,1.286,0.226,494,Generated based on literature patterns,0.7,70.57142857142857,6.202535517187923,2.6457513110645907,low
Synthetic_00163,generated,urology,MD,10,2018,3,47.42,0.3769,13.27,-1.807,0.136,2491,Generated based on literature patterns,3.3333333333333335,249.1,7.820439515262181,3.1622776601683795,moderate
Synthetic_00164,generated,infectious_disease,RR,20,2016,7,33.81,0.0683,30.59,0.64,0.068,12907,Generated based on literature patterns,2.857142857142857,645.35,9.465525078835189,4.47213595499958,moderate
Synthetic_00165,generated,rheumatology,MD,22,2011,17,76.95,0.9548,101.3,2.919,0.064,6190,Generated based on literature patterns,1.2941176470588236,281.3636363636364,8.730690365678642,4.69041575982343,high
Synthetic_00166,generated,nephrology,RR,8,2013,3,60.23,0.0945,14.63,1.122,0.113,2207,Generated based on literature patterns,2.6666666666666665,275.875,7.699389406256737,2.8284271247461903,substantial
Synthetic_00167,generated,gastroenterology,SMD,10,2010,8,3.54,0.0196,11.14,-0.224,0.22,1329,Generated based on literature patterns,1.25,132.9,7.192182058713246,3.1622776601683795,low
Synthetic_00168,generated,cardiology,SMD,5,2019,3,3.57,0.0292,4.68,1.462,0.127,5950,Generated based on literature patterns,1.6666666666666667,1190.0,8.691146498539675,2.23606797749979,low
Synthetic_00169,generated,endocrinology,OR,38,2010,3,84.49,0.3675,227.5,0.906,0.151,3397,Generated based on literature patterns,12.666666666666666,89.39473684210526,8.130647968160584,6.164414002968976,high
Synthetic_00170,generated,neurology,MD,12,2004,5,44.54,0.9681,19.42,-1.228,0.102,4986,Generated based on literature patterns,2.4,415.5,8.514389264083503,3.4641016151377544,moderate
Synthetic_00171,generated,neurology,COR,11,2008,9,63.5,0.9217,29.26,-0.08,0.114,4950,Generated based on literature patterns,1.2222222222222223,450.0,8.507142855562735,3.3166247903554,substantial
Synthetic_00172,generated,dermatology,COR,6,2003,8,37.43,2.0855,12.75,0.633,0.459,239,Generated based on literature patterns,0.75,39.833333333333336,5.476463551931511,2.449489742783178,moderate
Synthetic_00173,generated,pulmonology,HR,6,2022,4,66.85,0.3667,31.66,0.724,0.221,478,Generated based on literature patterns,1.5,79.66666666666667,6.169610732491456,2.449489742783178,substantial
Synthetic_00174,generated,oncology,HR,13,2024,3,7.75,0.0271,17.75,1.622,0.431,207,Generated based on literature patterns,4.333333333333333,15.923076923076923,5.332718793265369,3.605551275463989,low
Synthetic_00175,generated,nephrology,RR,6,2006,16,82.09,0.1004,25.67,1.173,0.117,3057,Generated based on literature patterns,0.375,509.5,8.025189321890835,2.449489742783178,high
Synthetic_00176,generated,urology,RR,5,2021,23,81.37,0.2077,28.64,0.334,0.546,196,Generated based on literature patterns,0.21739130434782608,39.2,5.278114659230517,2.23606797749979,high
Synthetic_00177,generated,ophthalmology,COR,29,2008,15,86.72,2.5517,225.87,-0.144,0.448,962,Generated based on literature patterns,1.9333333333333333,33.172413793103445,6.8690144506657065,5.385164807134504,high
Synthetic_00178,generated,nephrology,OR,12,2014,3,0.2,0.0063,15.25,0.849,0.319,543,Generated based on literature patterns,4.0,45.25,6.297109319933935,3.4641016151377544,low
Synthetic_00179,generated,dermatology,HR,12,2017,14,86.68,0.3348,101.39,0.64,0.252,1321,Generated based on literature patterns,0.8571428571428571,110.08333333333333,7.186144304522325,3.4641016151377544,high
Synthetic_00180,generated,urology,HR,13,2005,3,79.64,0.0717,67.4,0.798,0.124,5226,Generated based on literature patterns,4.333333333333333,402.0,8.561401446080557,3.605551275463989,high
Synthetic_00181,generated,psychiatry,COR,13,2024,3,2.51,0.0757,13.24,0.523,0.065,3679,Generated based on literature patterns,4.333333333333333,283.0,8.210396255104774,3.605551275463989,low
Synthetic_00182,generated,dermatology,SMD,5,2012,3,7.67,0.0357,8.64,1.044,0.521,215,Generated based on literature patterns,1.6666666666666667,43.0,5.3706380281276624,2.23606797749979,low
Synthetic_00183,generated,nephrology,RR,5,2012,3,60.14,0.1014,8.03,0.769,0.072,8290,Generated based on literature patterns,1.6666666666666667,1658.0,9.022805248129341,2.23606797749979,substantial
Synthetic_00184,generated,cardiology,SMD,5,2012,3,54.24,0.1359,6.05,0.419,0.234,1153,Generated based on literature patterns,1.6666666666666667,230.6,7.050122520269059,2.23606797749979,substantial
Synthetic_00185,generated,cardiology,HR,34,2014,9,60.05,0.138,74.47,0.882,0.699,100,Generated based on literature patterns,3.7777777777777777,2.9411764705882355,4.605170185988092,5.830951894845301,substantial
Synthetic_00186,generated,immunology,MD,21,2012,16,39.46,0.4824,40.17,2.98,0.103,1711,Generated based on literature patterns,1.3125,81.47619047619048,7.444833273892193,4.58257569495584,moderate
Synthetic_00187,generated,pulmonology,RR,5,2015,6,81.8,0.2429,27.57,0.718,0.127,9558,Generated based on literature patterns,0.8333333333333334,1911.6,9.165133779138104,2.23606797749979,high
Synthetic_00188,generated,urology,RR,63,2016,3,33.86,0.0671,116.27,0.784,0.074,19284,Generated based on literature patterns,21.0,306.0952380952381,9.867031015525512,7.937253933193772,moderate
Synthetic_00189,generated,dermatology,RR,14,2021,4,0.62,0.0178,8.72,0.996,0.048,14102,Generated based on literature patterns,3.5,1007.2857142857143,9.554071910278985,3.7416573867739413,low
Synthetic_00190,generated,cardiology,COR,11,2005,13,37.31,0.3795,9.48,0.185,0.159,2339,Generated based on literature patterns,0.8461538461538461,212.63636363636363,7.757478766584179,3.3166247903554,moderate
Synthetic_00191,generated,gastroenterology,COR,17,2015,12,6.81,0.0696,20.35,0.333,0.173,690,Generated based on literature patterns,1.4166666666666667,40.588235294117645,6.536691597591305,4.123105625617661,low
Synthetic_00192,generated,urology,SMD,28,2022,7,2.17,0.0449,50.56,-0.588,0.029,31104,Generated based on literature patterns,4.0,1110.857142857143,10.345091707260165,5.291502622129181,low
Synthetic_00193,generated,pulmonology,SMD,11,2010,15,12.14,0.0319,12.82,-0.301,0.211,384,Generated based on literature patterns,0.7333333333333333,34.90909090909091,5.950642552587727,3.3166247903554,low
Synthetic_00194,generated,immunology,MD,15,2018,8,71.47,0.5691,50.68,2.249,0.711,194,Generated based on literature patterns,1.875,12.933333333333334,5.267858159063328,3.872983346207417,substantial
Synthetic_00195,generated,ophthalmology,RR,12,2017,5,62.77,0.1148,28.83,1.509,0.276,829,Generated based on literature patterns,2.4,69.08333333333333,6.720220155135295,3.4641016151377544,substantial
Synthetic_00196,generated,cardiology,HR,8,2010,3,78.21,0.2388,37.52,0.802,0.078,31536,Generated based on literature patterns,2.6666666666666665,3942.0,10.358885029392502,2.8284271247461903,high
Synthetic_00197,generated,ophthalmology,RR,19,2013,4,82.43,0.1445,111.77,0.932,0.407,331,Generated based on literature patterns,4.75,17.42105263157895,5.802118375377063,4.358898943540674,high
Synthetic_00198,generated,gastroenterology,MD,10,2014,9,6.89,0.1366,8.97,-0.483,0.118,665,Generated based on literature patterns,1.1111111111111112,66.5,6.499787040655854,3.1622776601683795,low
Synthetic_00199,generated,infectious_disease,SMD,9,2004,3,38.06,0.1886,11.96,0.166,0.22,870,Generated based on literature patterns,3.0,96.66666666666667,6.76849321164863,3.0,moderate
Synthetic_00200,generated,gastroenterology,SMD,7,2020,9,40.06,0.2664,10.64,-0.417,0.092,2577,Generated based on literature patterns,0.7777777777777778,368.14285714285717,7.854381210652365,2.6457513110645907,moderate
Synthetic_00201,generated,ophthalmology,OR,5,2022,13,40.54,0.1699,16.56,0.878,0.159,3726,Generated based on literature patterns,0.38461538461538464,745.2,8.223090551161533,2.23606797749979,moderate
Synthetic_00202,generated,gastroenterology,OR,11,2010,15,52.24,0.0751,40.73,0.849,0.134,821,Generated based on literature patterns,0.7333333333333333,74.63636363636364,6.710523109452428,3.3166247903554,substantial
Synthetic_00203,generated,pulmonology,COR,20,2013,6,78.31,3.3877,82.47,0.24,0.772,100,Generated based on literature patterns,3.3333333333333335,5.0,4.605170185988092,4.47213595499958,high
Synthetic_00204,generated,pulmonology,HR,18,2008,10,8.18,0.0195,20.82,1.051,0.228,346,Generated based on literature patterns,1.8,19.22222222222222,5.846438775057725,4.242640687119285,low
Synthetic_00205,generated,cardiology,OR,16,2007,6,5.35,0.0162,6.53,0.387,0.062,6271,Generated based on literature patterns,2.6666666666666665,391.9375,8.74369111054302,4.0,low
Synthetic_00206,generated,oncology,OR,5,2014,8,39.77,0.1517,15.34,0.843,0.034,16192,Generated based on literature patterns,0.625,3238.4,9.692272572087193,2.23606797749979,moderate
Synthetic_00207,generated,immunology,MD,19,2015,12,30.8,0.6527,43.37,1.728,0.333,684,Generated based on literature patterns,1.5833333333333333,36.0,6.52795791762255,4.358898943540674,moderate
Synthetic_00208,generated,infectious_disease,COR,13,2003,3,13.54,0.1823,21.87,0.511,0.146,945,Generated based on literature patterns,4.333333333333333,72.6923076923077,6.851184927493743,3.605551275463989,low
Synthetic_00209,generated,rheumatology,HR,7,2013,10,77.21,0.3412,25.61,0.825,0.318,426,Generated based on literature patterns,0.7,60.857142857142854,6.054439346269371,2.6457513110645907,high
Synthetic_00210,generated,infectious_disease,OR,5,2015,6,1.71,0.0032,13.91,0.78,0.102,2939,Generated based on literature patterns,0.8333333333333334,587.8,7.985824666418917,2.23606797749979,low
Synthetic_00211,generated,psychiatry,HR,30,2010,20,59.82,0.112,66.61,0.796,0.251,999,Generated based on literature patterns,1.5,33.3,6.906754778648554,5.477225575051661,substantial
Synthetic_00212,generated,endocrinology,OR,12,2013,8,1.16,0.0256,5.38,0.556,0.09,1661,Generated based on literature patterns,1.5,138.41666666666666,7.415175109613295,3.4641016151377544,low
Synthetic_00213,generated,psychiatry,COR,13,2023,8,75.64,0.8283,50.58,-0.192,0.045,14600,Generated based on literature patterns,1.625,1123.076923076923,9.588776807696428,3.605551275463989,high
Synthetic_00214,generated,pulmonology,RR,15,2014,30,83.98,0.2755,87.44,1.925,0.497,132,Generated based on literature patterns,0.5,8.8,4.882801922586371,3.872983346207417,high
Synthetic_00215,generated,nephrology,COR,18,2013,10,5.28,0.1117,19.15,0.251,0.181,869,Generated based on literature patterns,1.8,48.27777777777778,6.767343125265392,4.242640687119285,low
Synthetic_00216,generated,ophthalmology,SMD,6,2007,13,39.42,0.2179,15.34,0.768,0.187,812,Generated based on literature patterns,0.46153846153846156,135.33333333333334,6.699500340161678,2.449489742783178,moderate
Synthetic_00217,generated,psychiatry,SMD,7,2012,6,65.99,0.2454,31.78,-0.178,0.274,288,Generated based on literature patterns,1.1666666666666667,41.142857142857146,5.662960480135946,2.6457513110645907,substantial
Synthetic_00218,generated,urology,MD,14,2009,7,58.18,0.5284,32.4,-1.278,0.116,2097,Generated based on literature patterns,2.0,149.78571428571428,7.64826303090192,3.7416573867739413,substantial
Synthetic_00219,generated,urology,RR,6,2010,6,41.74,0.0949,4.26,0.767,0.265,868,Generated based on literature patterns,1.0,144.66666666666666,6.7661917146603505,2.449489742783178,moderate
Synthetic_00220,generated,rheumatology,SMD,10,2019,8,40.03,0.15,10.68,-0.087,0.057,8132,Generated based on literature patterns,1.25,813.2,9.003562174748238,3.1622776601683795,moderate
Synthetic_00221,generated,nephrology,SMD,45,1997,3,2.94,0.0082,41.49,0.17,0.359,426,Generated based on literature patterns,15.0,9.466666666666667,6.054439346269371,6.708203932499369,low
Synthetic_00222,generated,nephrology,OR,10,2005,18,3.1,0.0113,8.97,0.896,0.132,906,Generated based on literature patterns,0.5555555555555556,90.6,6.80903930604298,3.1622776601683795,low
Synthetic_00223,generated,nephrology,MD,22,2017,3,72.54,1.173,65.69,-0.618,0.022,69128,Generated based on literature patterns,7.333333333333333,3142.181818181818,11.143715137521236,4.69041575982343,substantial
Synthetic_00224,generated,infectious_disease,HR,7,2012,5,31.07,0.1137,20.68,0.85,0.256,398,Generated based on literature patterns,1.4,56.857142857142854,5.986452005284438,2.6457513110645907,moderate
Synthetic_00225,generated,endocrinology,SMD,8,2012,13,40.96,0.1514,19.17,-0.289,0.202,515,Generated based on literature patterns,0.6153846153846154,64.375,6.244166900663736,2.8284271247461903,moderate
Synthetic_00226,generated,immunology,SMD,6,2003,5,69.98,0.2542,29.41,-0.571,0.119,7808,Generated based on literature patterns,1.2,1301.3333333333333,8.962904128092928,2.449489742783178,substantial
Synthetic_00227,generated,ophthalmology,SMD,36,2001,3,42.24,0.156,68.03,1.215,0.039,18207,Generated based on literature patterns,12.0,505.75,9.809561414503964,6.0,moderate
Synthetic_00228,generated,cardiology,MD,5,2015,11,10.82,0.2065,9.95,2.622,0.07,2766,Generated based on literature patterns,0.45454545454545453,553.2,7.925157512224703,2.23606797749979,low
Synthetic_00229,generated,immunology,MD,17,2008,9,7.53,0.207,28.47,-0.191,0.39,165,Generated based on literature patterns,1.8888888888888888,9.705882352941176,5.10594547390058,4.123105625617661,low
Synthetic_00230,generated,oncology,OR,35,2013,14,17.3,0.0904,32.65,0.809,0.139,1842,Generated based on literature patterns,2.5,52.628571428571426,7.518607216815252,5.916079783099616,low
Synthetic_00231,generated,ophthalmology,MD,5,2002,13,67.97,1.1493,10.97,-0.751,0.145,3167,Generated based on literature patterns,0.38461538461538464,633.4,8.06054004653864,2.23606797749979,substantial
Synthetic_00232,generated,cardiology,HR,10,2013,6,39.64,0.1614,19.77,0.794,0.196,1618,Generated based on literature patterns,1.6666666666666667,161.8,7.388946097618437,3.1622776601683795,moderate
Synthetic_00233,generated,urology,COR,5,2012,14,69.46,0.5571,11.66,-0.055,0.257,929,Generated based on literature patterns,0.35714285714285715,185.8,6.834108738813838,2.23606797749979,substantial
Synthetic_00234,generated,nephrology,HR,21,2007,3,45.75,0.1464,48.48,1.383,0.066,11036,Generated based on literature patterns,7.0,525.5238095238095,9.308917935337176,4.58257569495584,moderate
Synthetic_00235,generated,rheumatology,SMD,23,2004,10,78.21,0.2037,93.0,0.043,0.044,41318,Generated based on literature patterns,2.3,1796.4347826086957,10.629053519351574,4.795831523312719,high
Synthetic_00236,generated,gastroenterology,COR,7,2011,6,34.14,0.9691,10.14,0.123,0.197,1921,Generated based on literature patterns,1.1666666666666667,274.42857142857144,7.560601162768557,2.6457513110645907,moderate
Synthetic_00237,generated,dermatology,SMD,19,2012,12,80.9,0.3772,85.71,-0.726,0.13,2923,Generated based on literature patterns,1.5833333333333333,153.8421052631579,7.980365765111246,4.358898943540674,high
Synthetic_00238,generated,pulmonology,OR,22,2008,6,0.75,0.0051,20.13,1.328,0.086,2034,Generated based on literature patterns,3.6666666666666665,92.45454545454545,7.617759576608505,4.69041575982343,low
Synthetic_00239,generated,neurology,RR,39,2013,10,64.2,0.1423,115.9,0.676,0.03,70747,Generated based on literature patterns,3.9,1814.025641025641,11.166865411779604,6.244997998398398,substantial
Synthetic_00240,generated,urology,RR,8,2013,15,31.36,0.0948,7.76,0.759,0.116,9498,Generated based on literature patterns,0.5333333333333333,1187.25,9.158836529109067,2.8284271247461903,moderate
Synthetic_00241,generated,cardiology,COR,5,2015,20,79.75,1.1862,28.12,-0.244,0.042,54566,Generated based on literature patterns,0.25,10913.2,10.9071662571455,2.23606797749979,high
Synthetic_00242,generated,urology,HR,5,2014,5,84.97,0.1065,30.26,0.93,0.617,177,Generated based on literature patterns,1.0,35.4,5.176149732573829,2.23606797749979,high
Synthetic_00243,generated,oncology,MD,10,2014,8,39.51,0.2699,5.72,-3.02,0.254,954,Generated based on literature patterns,1.25,95.4,6.860663671448287,3.1622776601683795,moderate
Synthetic_00244,generated,gastroenterology,MD,9,2010,7,83.26,2.0525,33.67,1.483,0.215,978,Generated based on literature patterns,1.2857142857142858,108.66666666666667,6.885509670034818,3.0,high
Synthetic_00245,generated,psychiatry,COR,19,2018,5,34.08,0.4527,24.46,-0.097,0.334,521,Generated based on literature patterns,3.8,27.42105263157895,6.255750041753367,4.358898943540674,moderate
Synthetic_00246,generated,rheumatology,OR,16,2009,8,3.8,0.0115,17.84,0.954,0.218,914,Generated based on literature patterns,2.0,57.125,6.81783057145415,4.0,low
Synthetic_00247,generated,oncology,SMD,5,2005,25,3.46,0.0436,2.27,-0.799,0.591,100,Generated based on literature patterns,0.2,20.0,4.605170185988092,2.23606797749979,low
Synthetic_00248,generated,gastroenterology,HR,22,2016,7,35.49,0.1013,22.44,0.458,0.202,1373,Generated based on literature patterns,3.142857142857143,62.40909090909091,7.224753405767971,4.69041575982343,moderate
Synthetic_00249,generated,oncology,MD,8,2008,22,82.27,1.0692,57.65,-4.434,0.087,10954,Generated based on literature patterns,0.36363636363636365,1369.25,9.301459965343666,2.8284271247461903,high
Synthetic_00250,generated,dermatology,SMD,12,2005,6,28.39,0.0562,15.51,-0.62,0.034,14074,Generated based on literature patterns,2.0,1172.8333333333333,9.552084402526495,3.4641016151377544,moderate
Synthetic_00251,generated,psychiatry,SMD,14,2019,4,61.55,0.4028,27.15,-0.018,1.049,158,Generated based on literature patterns,3.5,11.285714285714286,5.062595033026967,3.7416573867739413,substantial
Synthetic_00252,generated,immunology,RR,5,2000,7,4.5,0.0146,6.55,0.331,0.077,4725,Generated based on literature patterns,0.7142857142857143,945.0,8.460622839927844,2.23606797749979,low
Synthetic_00253,generated,immunology,RR,23,2019,10,42.78,0.0956,30.38,0.404,0.411,180,Generated based on literature patterns,2.3,7.826086956521739,5.19295685089021,4.795831523312719,moderate
Synthetic_00254,generated,immunology,SMD,13,2003,7,76.03,0.5855,81.14,-0.74,0.389,614,Generated based on literature patterns,1.8571428571428572,47.23076923076923,6.419994928147142,3.605551275463989,high
Synthetic_00255,generated,nephrology,HR,13,2006,14,29.73,0.0843,22.99,1.239,0.075,2993,Generated based on literature patterns,0.9285714285714286,230.23076923076923,8.0040315078527,3.605551275463989,moderate
Synthetic_00256,generated,infectious_disease,HR,9,2010,9,70.06,0.1606,33.66,1.732,0.062,5111,Generated based on literature patterns,1.0,567.8888888888889,8.53915035876828,3.0,substantial
Synthetic_00257,generated,oncology,SMD,12,2019,12,29.74,0.1443,18.95,0.133,0.134,852,Generated based on literature patterns,1.0,71.0,6.747586526829315,3.4641016151377544,moderate
Synthetic_00258,generated,immunology,COR,6,2010,5,80.57,1.5552,31.39,0.109,0.187,7985,Generated based on literature patterns,1.2,1330.8333333333333,8.985320060649112,2.449489742783178,high
Synthetic_00259,generated,nephrology,SMD,12,2009,6,58.06,0.1774,28.2,0.084,0.481,519,Generated based on literature patterns,2.0,43.25,6.251903883165888,3.4641016151377544,substantial
Synthetic_00260,generated,psychiatry,COR,29,2016,5,73.04,1.6294,96.1,-0.719,0.102,4059,Generated based on literature patterns,5.8,139.9655172413793,8.308691916838898,5.385164807134504,substantial
Synthetic_00261,generated,oncology,RR,9,2005,3,78.16,0.4242,39.74,0.953,0.245,1331,Generated based on literature patterns,3.0,147.88888888888889,7.193685818395112,3.0,high
Synthetic_00262,generated,ophthalmology,RR,5,2011,3,32.55,0.0851,1.18,0.639,0.19,660,Generated based on literature patterns,1.6666666666666667,132.0,6.492239835020471,2.23606797749979,moderate
Synthetic_00263,generated,nephrology,RR,15,2013,10,88.2,0.8664,128.55,0.62,0.505,513,Generated based on literature patterns,1.5,34.2,6.240275845170769,3.872983346207417,high
Synthetic_00264,generated,ophthalmology,COR,8,2015,9,66.19,1.0167,16.99,0.233,0.466,452,Generated based on literature patterns,0.8888888888888888,56.5,6.113682179832232,2.8284271247461903,substantial
Synthetic_00265,generated,infectious_disease,OR,7,2019,5,52.2,0.1389,15.33,0.472,0.213,640,Generated based on literature patterns,1.4,91.42857142857143,6.461468176353717,2.6457513110645907,substantial
Synthetic_00266,generated,pulmonology,MD,26,2003,8,3.7,0.103,28.3,3.383,0.281,654,Generated based on literature patterns,3.25,25.153846153846153,6.483107351457199,5.0990195135927845,low
Synthetic_00267,generated,nephrology,OR,6,2018,3,42.01,0.0603,8.9,0.582,0.301,413,Generated based on literature patterns,2.0,68.83333333333333,6.023447592961033,2.449489742783178,moderate
Synthetic_00268,generated,neurology,RR,10,2009,7,78.09,0.1825,33.26,0.604,0.316,2060,Generated based on literature patterns,1.4285714285714286,206.0,7.630461261783627,3.1622776601683795,high
Synthetic_00269,generated,nephrology,COR,7,2014,4,5.53,0.1352,16.29,0.714,0.075,4897,Generated based on literature patterns,1.75,699.5714285714286,8.496378051702317,2.6457513110645907,low
Synthetic_00270,generated,psychiatry,SMD,5,1997,5,84.76,0.6027,22.03,0.149,0.191,1100,Generated based on literature patterns,1.0,220.0,7.003065458786462,2.23606797749979,high
Synthetic_00271,generated,cardiology,OR,9,2019,4,35.77,0.0779,16.3,0.734,0.299,623,Generated based on literature patterns,2.25,69.22222222222223,6.434546518787453,3.0,moderate
Synthetic_00272,generated,rheumatology,RR,26,2005,5,67.34,0.1364,75.67,0.902,0.196,1440,Generated based on literature patterns,5.2,55.38461538461539,7.272398392570047,5.0990195135927845,substantial
Synthetic_00273,generated,cardiology,OR,9,2007,11,33.97,0.0548,6.8,1.054,0.263,538,Generated based on literature patterns,0.8181818181818182,59.77777777777778,6.2878585601617845,3.0,moderate
Synthetic_00274,generated,pulmonology,MD,17,2021,3,58.47,0.6952,19.45,0.286,0.264,1346,Generated based on literature patterns,5.666666666666667,79.17647058823529,7.204892510204673,4.123105625617661,substantial
Synthetic_00275,generated,psychiatry,SMD,18,2015,10,80.57,0.2846,91.43,0.672,0.083,3555,Generated based on literature patterns,1.8,197.5,8.176110342237342,4.242640687119285,high
Synthetic_00276,generated,neurology,OR,47,2007,5,60.19,0.0492,128.63,0.708,0.285,1247,Generated based on literature patterns,9.4,26.53191489361702,7.1284959456800365,6.855654600401044,substantial
Synthetic_00277,generated,urology,COR,12,2015,3,6.61,0.2086,21.39,-0.558,0.172,1451,Generated based on literature patterns,4.0,120.91666666666667,7.280008252884188,3.4641016151377544,low
Synthetic_00278,generated,neurology,COR,8,2013,3,8.37,0.1562,5.64,0.236,0.048,8424,Generated based on literature patterns,2.6666666666666665,1053.0,9.03884005381381,2.8284271247461903,low
Synthetic_00279,generated,immunology,SMD,19,2016,4,10.61,0.0838,20.05,0.025,0.246,722,Generated based on literature patterns,4.75,38.0,6.582025138892826,4.358898943540674,low
Synthetic_00280,generated,urology,SMD,8,2014,4,5.96,0.0289,10.39,-0.224,0.12,1734,Generated based on literature patterns,2.0,216.75,7.458186157340487,2.8284271247461903,low
Synthetic_00281,generated,nephrology,SMD,8,2003,9,87.0,0.456,67.87,-0.123,0.444,669,Generated based on literature patterns,0.8888888888888888,83.625,6.505784060128229,2.8284271247461903,high
Synthetic_00282,generated,rheumatology,COR,22,2006,5,79.17,0.7413,97.57,-0.459,0.049,6106,Generated based on literature patterns,4.4,277.54545454545456,8.717027173294824,4.69041575982343,high
Synthetic_00283,generated,neurology,MD,18,2016,4,31.57,0.5033,21.71,-1.042,0.144,724,Generated based on literature patterns,4.5,40.22222222222222,6.584791392385716,4.242640687119285,moderate
Synthetic_00284,generated,oncology,HR,11,2008,3,40.49,0.128,24.6,1.277,0.057,5856,Generated based on literature patterns,3.6666666666666665,532.3636363636364,8.675222055641148,3.3166247903554,moderate
Synthetic_00285,generated,gastroenterology,SMD,6,1994,3,83.24,0.1573,37.71,0.096,0.686,319,Generated based on literature patterns,2.0,53.166666666666664,5.765191102784844,2.449489742783178,high
Synthetic_00286,generated,pulmonology,MD,6,2012,6,66.3,1.1664,11.88,1.924,0.129,3261,Generated based on literature patterns,1.0,543.5,8.089789175789319,2.449489742783178,substantial
Synthetic_00287,generated,ophthalmology,OR,19,2013,5,4.6,0.0286,15.2,1.133,0.14,571,Generated based on literature patterns,3.8,30.05263157894737,6.3473892096560105,4.358898943540674,low
Synthetic_00288,generated,ophthalmology,HR,11,2010,16,3.63,0.0142,16.05,0.494,0.102,1354,Generated based on literature patterns,0.6875,123.0909090909091,7.21081845347222,3.3166247903554,low
Synthetic_00289,generated,endocrinology,COR,12,2008,18,7.9,0.4432,7.75,0.201,0.042,17095,Generated based on literature patterns,0.6666666666666666,1424.5833333333333,9.746541302073402,3.4641016151377544,low
Synthetic_00290,generated,ophthalmology,SMD,7,2005,4,81.66,0.5669,41.02,1.03,0.39,687,Generated based on literature patterns,1.75,98.14285714285714,6.532334292222349,2.6457513110645907,high
Synthetic_00291,generated,ophthalmology,OR,17,2002,5,41.13,0.277,34.63,1.407,0.197,801,Generated based on literature patterns,3.4,47.11764705882353,6.68586094706836,4.123105625617661,moderate
Synthetic_00292,generated,neurology,RR,10,2009,7,72.58,0.2528,20.49,1.194,0.064,15691,Generated based on literature patterns,1.4285714285714286,1569.1,9.660842578559068,3.1622776601683795,substantial
Synthetic_00293,generated,psychiatry,COR,10,2000,12,78.57,1.0502,50.16,-0.256,0.089,3351,Generated based on literature patterns,0.8333333333333334,335.1,8.11701408773731,3.1622776601683795,high
Synthetic_00294,generated,psychiatry,COR,25,2012,3,40.06,0.2418,36.66,-0.489,0.104,3337,Generated based on literature patterns,8.333333333333334,133.48,8.112827478751374,5.0,moderate
Synthetic_00295,generated,endocrinology,OR,27,2006,3,2.85,0.0139,26.66,0.849,0.073,7891,Generated based on literature patterns,9.0,292.25925925925924,8.973478148521036,5.196152422706632,low
Synthetic_00296,generated,nephrology,COR,5,2027,7,41.04,0.7829,7.33,0.206,0.241,2068,Generated based on literature patterns,0.7142857142857143,413.6,7.63433723562832,2.23606797749979,moderate
Synthetic_00297,generated,infectious_disease,SMD,9,2019,4,3.09,0.0217,4.36,0.295,0.044,13362,Generated based on literature patterns,2.25,1484.6666666666667,9.500170136485423,3.0,low
Synthetic_00298,generated,nephrology,RR,18,2022,7,55.89,0.1873,37.44,0.878,0.23,946,Generated based on literature patterns,2.5714285714285716,52.55555555555556,6.852242569051878,4.242640687119285,substantial
Synthetic_00299,generated,nephrology,OR,10,2008,4,89.24,0.1486,100.51,0.724,0.14,3226,Generated based on literature patterns,2.5,322.6,8.078998258685154,3.1622776601683795,high
Synthetic_00300,generated,rheumatology,RR,9,2009,14,84.81,0.1361,55.43,1.743,0.093,12773,Generated based on literature patterns,0.6428571428571429,1419.2222222222222,9.455088847042777,3.0,high
Synthetic_00301,generated,oncology,HR,14,2006,29,85.26,0.1674,89.58,1.067,0.155,2243,Generated based on literature patterns,0.4827586206896552,160.21428571428572,7.715569534520208,3.7416573867739413,high
Synthetic_00302,generated,oncology,RR,12,2021,30,56.72,0.179,27.02,1.721,0.103,3068,Generated based on literature patterns,0.4,255.66666666666666,8.028781162487148,3.4641016151377544,substantial
Synthetic_00303,generated,psychiatry,SMD,9,2019,17,39.16,0.4031,10.64,-0.654,0.303,182,Generated based on literature patterns,0.5294117647058824,20.22222222222222,5.204006687076795,3.0,moderate
Synthetic_00304,generated,infectious_disease,COR,8,2016,3,40.38,0.4964,9.7,-0.185,0.246,535,Generated based on literature patterns,2.6666666666666665,66.875,6.282266746896006,2.8284271247461903,moderate
Synthetic_00305,generated,pulmonology,SMD,11,2018,5,70.61,0.3832,31.5,-0.1,0.429,123,Generated based on literature patterns,2.2,11.181818181818182,4.812184355372417,3.3166247903554,substantial
Synthetic_00306,generated,gastroenterology,HR,20,2001,28,27.82,0.0447,21.29,1.064,0.082,8414,Generated based on literature patterns,0.7142857142857143,420.7,9.037652264150466,4.47213595499958,moderate
Synthetic_00307,generated,oncology,COR,13,2010,3,9.49,0.2752,11.02,-0.001,0.037,37585,Generated based on literature patterns,4.333333333333333,2891.153846153846,10.53436031361157,3.605551275463989,low
Synthetic_00308,generated,pulmonology,MD,6,2006,5,0.16,0.0567,5.94,-0.812,0.067,3490,Generated based on literature patterns,1.2,581.6666666666666,8.157657015196472,2.449489742783178,low
Synthetic_00309,generated,oncology,HR,17,2011,10,1.66,0.0166,15.69,1.394,0.081,6185,Generated based on literature patterns,1.7,363.8235294117647,8.729882284826589,4.123105625617661,low
Synthetic_00310,generated,cardiology,SMD,16,2018,3,58.87,0.2742,32.71,-0.058,0.205,2688,Generated based on literature patterns,5.333333333333333,168.0,7.89655270164304,4.0,substantial
Synthetic_00311,generated,endocrinology,OR,8,2002,11,84.13,0.1859,48.28,0.681,0.271,1242,Generated based on literature patterns,0.7272727272727273,155.25,7.124478262493424,2.8284271247461903,high
Synthetic_00312,generated,oncology,COR,12,2014,7,70.73,1.5923,29.38,0.034,0.089,24180,Generated based on literature patterns,1.7142857142857142,2015.0,10.093281124168783,3.4641016151377544,substantial
Synthetic_00313,generated,ophthalmology,OR,32,2019,8,62.51,0.2955,88.62,0.94,0.193,1120,Generated based on literature patterns,4.0,35.0,7.02108396428914,5.656854249492381,substantial
Synthetic_00314,generated,immunology,OR,8,2017,3,4.7,0.0128,10.48,1.271,0.081,4880,Generated based on literature patterns,2.6666666666666665,610.0,8.492900498847193,2.8284271247461903,low
Synthetic_00315,generated,neurology,OR,12,2014,27,63.86,0.1347,39.03,0.98,0.07,11670,Generated based on literature patterns,0.4444444444444444,972.5,9.364776725280601,3.4641016151377544,substantial
Synthetic_00316,generated,psychiatry,COR,12,2009,4,65.67,1.4432,28.33,0.052,0.146,5025,Generated based on literature patterns,3.0,418.75,8.522180732927277,3.4641016151377544,substantial
Synthetic_00317,generated,nephrology,SMD,22,2009,3,87.37,0.2258,184.61,-0.387,0.256,1167,Generated based on literature patterns,7.333333333333333,53.04545454545455,7.062191632286556,4.69041575982343,high
Synthetic_00318,generated,gastroenterology,OR,8,2018,30,3.2,0.0117,7.97,0.544,0.013,99823,Generated based on literature patterns,0.26666666666666666,12477.875,11.51115389666936,2.8284271247461903,low
Synthetic_00319,generated,dermatology,SMD,10,2004,10,54.37,0.2531,21.82,-0.52,0.597,484,Generated based on literature patterns,1.0,48.4,6.182084906716632,3.1622776601683795,substantial
Synthetic_00320,generated,cardiology,RR,5,2008,8,62.29,0.3326,17.29,1.616,0.129,1522,Generated based on literature patterns,0.625,304.4,7.3277805384216315,2.23606797749979,substantial
Synthetic_00321,generated,pulmonology,COR,14,2010,13,5.09,0.1327,13.3,0.022,0.1,2291,Generated based on literature patterns,1.0769230769230769,163.64285714285714,7.736743682453495,3.7416573867739413,low
Synthetic_00322,generated,ophthalmology,SMD,5,2012,4,2.48,0.0366,2.25,-0.342,0.264,535,Generated based on literature patterns,1.25,107.0,6.282266746896006,2.23606797749979,low
Synthetic_00323,generated,nephrology,MD,11,2000,8,31.41,0.844,17.47,1.756,0.132,1915,Generated based on literature patterns,1.375,174.0909090909091,7.557472901614746,3.3166247903554,moderate
Synthetic_00324,generated,pulmonology,RR,17,2017,3,3.24,0.0097,17.03,1.611,0.119,1235,Generated based on literature patterns,5.666666666666667,72.6470588235294,7.118826249062078,4.123105625617661,low
Synthetic_00325,generated,urology,SMD,12,2010,6,29.64,0.1656,24.72,0.32,0.097,1831,Generated based on literature patterns,2.0,152.58333333333334,7.5126175446745105,3.4641016151377544,moderate
Synthetic_00326,generated,rheumatology,HR,10,2019,7,3.53,0.0044,11.41,1.2,0.146,889,Generated based on literature patterns,1.4285714285714286,88.9,6.790097235513905,3.1622776601683795,low
Synthetic_00327,generated,dermatology,RR,31,2016,11,40.83,0.0624,50.26,0.534,0.22,830,Generated based on literature patterns,2.8181818181818183,26.774193548387096,6.721425700790643,5.5677643628300215,moderate
Synthetic_00328,generated,neurology,RR,10,2011,5,91.16,0.3007,112.19,0.637,0.214,1601,Generated based on literature patterns,2.0,160.1,7.3783837129967145,3.1622776601683795,high
Synthetic_00329,generated,infectious_disease,SMD,9,2012,8,80.91,0.3103,52.99,-0.528,0.276,1835,Generated based on literature patterns,1.125,203.88888888888889,7.51479976048867,3.0,high
Synthetic_00330,generated,ophthalmology,SMD,10,2018,18,6.94,0.046,10.42,0.605,0.092,5921,Generated based on literature patterns,0.5555555555555556,592.1,8.686260632531775,3.1622776601683795,low
Synthetic_00331,generated,gastroenterology,MD,6,2008,8,86.5,0.9596,30.95,0.465,1.663,196,Generated based on literature patterns,0.75,32.666666666666664,5.278114659230517,2.449489742783178,high
Synthetic_00332,generated,pulmonology,SMD,20,2005,8,38.65,0.1216,37.53,0.076,0.348,787,Generated based on literature patterns,2.5,39.35,6.668228248417403,4.47213595499958,moderate
Synthetic_00333,generated,immunology,OR,9,2014,7,1.11,0.0128,10.25,0.725,0.083,4165,Generated based on literature patterns,1.2857142857142858,462.77777777777777,8.334471554600944,3.0,low
Synthetic_00334,generated,oncology,MD,40,2024,16,84.85,1.4993,245.08,-1.331,0.31,1230,Generated based on literature patterns,2.5,30.75,7.114769448366463,6.324555320336759,high
Synthetic_00335,generated,immunology,RR,5,2016,8,1.85,0.0147,2.11,0.913,0.066,8390,Generated based on literature patterns,0.625,1678.0,9.034795799461252,2.23606797749979,low
Synthetic_00336,generated,neurology,COR,12,2015,7,42.47,0.6531,9.6,0.219,0.053,10978,Generated based on literature patterns,1.7142857142857142,914.8333333333334,9.303648549109834,3.4641016151377544,moderate
Synthetic_00337,generated,neurology,RR,5,2010,3,48.02,0.1676,8.71,0.641,0.191,828,Generated based on literature patterns,1.6666666666666667,165.6,6.71901315438526,2.23606797749979,moderate
Synthetic_00338,generated,oncology,OR,31,2010,20,29.35,0.0698,47.19,1.534,0.152,963,Generated based on literature patterns,1.55,31.06451612903226,6.870053411798126,5.5677643628300215,moderate
Synthetic_00339,generated,nephrology,OR,17,2010,3,6.84,0.0269,23.22,0.511,0.114,2146,Generated based on literature patterns,5.666666666666667,126.23529411764706,7.671360923190644,4.123105625617661,low
Synthetic_00340,generated,pulmonology,OR,10,2006,7,39.16,0.0721,16.2,0.836,0.039,16893,Generated based on literature patterns,1.4285714285714286,1689.3,9.734654613922729,3.1622776601683795,moderate
Synthetic_00341,generated,nephrology,SMD,13,2015,3,4.77,0.1258,11.82,0.591,0.351,817,Generated based on literature patterns,4.333333333333333,62.84615384615385,6.705639094860003,3.605551275463989,low
Synthetic_00342,generated,psychiatry,COR,20,2017,13,5.6,0.1565,12.88,-0.114,0.068,1774,Generated based on literature patterns,1.5384615384615385,88.7,7.480992162869525,4.47213595499958,low
Synthetic_00343,generated,oncology,COR,7,2003,30,4.04,0.0786,10.81,0.134,0.039,9959,Generated based on literature patterns,0.23333333333333334,1422.7142857142858,9.20623194393164,2.6457513110645907,low
Synthetic_00344,generated,pulmonology,COR,25,2015,5,77.15,0.8004,91.75,-0.002,0.26,706,Generated based on literature patterns,5.0,28.24,6.559615237493242,5.0,high
Synthetic_00345,generated,pulmonology,MD,10,2006,11,2.35,0.0543,12.46,0.536,0.057,4472,Generated based on literature patterns,0.9090909090909091,447.2,8.405591014834934,3.1622776601683795,low
Synthetic_00346,generated,gastroenterology,COR,8,2019,7,8.52,0.4085,9.37,-0.341,0.071,6534,Generated based on literature patterns,1.1428571428571428,816.75,8.784774592161016,2.8284271247461903,low
Synthetic_00347,generated,dermatology,OR,18,2017,3,38.48,0.1725,32.31,0.906,0.249,1458,Generated based on literature patterns,6.0,81.0,7.284820912568604,4.242640687119285,moderate
Synthetic_00348,generated,urology,RR,21,2003,30,66.32,0.1982,76.68,0.627,0.092,10927,Generated based on literature patterns,0.7,520.3333333333334,9.298992069570746,4.58257569495584,substantial
Synthetic_00349,generated,urology,OR,22,2013,6,71.51,0.1933,74.43,0.968,0.667,820,Generated based on literature patterns,3.6666666666666665,37.27272727272727,6.709304340258298,4.69041575982343,substantial
Synthetic_00350,generated,cardiology,COR,23,2013,3,36.88,0.629,33.01,-0.63,0.096,6840,Generated based on literature patterns,7.666666666666667,297.39130434782606,8.830543010616596,4.795831523312719,moderate
Synthetic_00351,generated,dermatology,RR,11,2015,9,44.69,0.0496,17.25,1.549,0.062,26204,Generated based on literature patterns,1.2222222222222223,2382.181818181818,10.173667349851767,3.3166247903554,moderate
Synthetic_00352,generated,gastroenterology,COR,10,2019,23,30.75,0.4542,16.72,0.652,0.311,604,Generated based on literature patterns,0.43478260869565216,60.4,6.403574197934815,3.1622776601683795,moderate
Synthetic_00353,generated,infectious_disease,OR,19,2008,10,38.3,0.1513,52.8,0.816,0.045,7966,Generated based on literature patterns,1.9,419.2631578947368,8.982937763741589,4.358898943540674,moderate
Synthetic_00354,generated,ophthalmology,HR,21,2024,6,60.38,0.2868,54.44,0.864,0.092,11067,Generated based on literature patterns,3.5,527.0,9.311722986264785,4.58257569495584,substantial
Synthetic_00355,generated,oncology,MD,28,2013,7,38.97,0.4667,39.67,-0.756,0.099,2845,Generated based on literature patterns,4.0,101.60714285714286,7.953318346560431,5.291502622129181,moderate
Synthetic_00356,generated,gastroenterology,RR,14,2014,4,82.14,0.1503,97.48,0.53,0.107,6400,Generated based on literature patterns,3.5,457.14285714285717,8.764053269347762,3.7416573867739413,high
Synthetic_00357,generated,immunology,MD,7,2017,8,65.26,0.6283,25.3,-0.801,0.279,646,Generated based on literature patterns,0.875,92.28571428571429,6.470799503782602,2.6457513110645907,substantial
Synthetic_00358,generated,dermatology,RR,5,2008,7,64.34,0.4409,12.72,0.535,0.214,827,Generated based on literature patterns,0.7142857142857143,165.4,6.717804695023691,2.23606797749979,substantial
Synthetic_00359,generated,rheumatology,SMD,10,2003,30,57.54,0.1218,33.14,-0.029,0.064,4752,Generated based on literature patterns,0.3333333333333333,475.2,8.466320861042481,3.1622776601683795,substantial
Synthetic_00360,generated,cardiology,MD,10,2013,8,4.15,0.1169,5.47,0.382,0.154,1054,Generated based on literature patterns,1.25,105.4,6.960347729101308,3.1622776601683795,low
Synthetic_00361,generated,dermatology,OR,5,2017,3,83.65,0.2631,38.27,0.974,0.353,255,Generated based on literature patterns,1.6666666666666667,51.0,5.541263545158426,2.23606797749979,high
Synthetic_00362,generated,ophthalmology,RR,19,2020,7,82.87,0.1778,118.39,0.583,0.14,2558,Generated based on literature patterns,2.7142857142857144,134.6315789473684,7.846980982138788,4.358898943540674,high
Synthetic_00363,generated,oncology,SMD,7,2011,9,73.13,0.176,31.21,-0.408,0.254,2050,Generated based on literature patterns,0.7777777777777778,292.85714285714283,7.6255950721324535,2.6457513110645907,substantial
Synthetic_00364,generated,psychiatry,RR,5,2011,11,51.86,0.1339,10.03,1.478,0.175,1057,Generated based on literature patterns,0.45454545454545453,211.4,6.963189985870238,2.23606797749979,substantial
Synthetic_00365,generated,infectious_disease,MD,5,2024,8,82.34,1.7748,29.57,-5.768,0.199,1979,Generated based on literature patterns,0.625,395.8,7.590346945602565,2.23606797749979,high
Synthetic_00366,generated,endocrinology,RR,25,2006,4,4.95,0.026,27.11,1.18,0.315,262,Generated based on literature patterns,6.25,10.48,5.568344503761097,5.0,low
Synthetic_00367,generated,oncology,RR,12,2003,12,78.47,0.2237,50.8,1.33,0.515,767,Generated based on literature patterns,1.0,63.916666666666664,6.642486801367256,3.4641016151377544,high
Synthetic_00368,generated,infectious_disease,COR,5,2009,5,33.53,1.3652,8.91,0.12,0.488,100,Generated based on literature patterns,1.0,20.0,4.605170185988092,2.23606797749979,moderate
Synthetic_00369,generated,infectious_disease,OR,45,2014,8,10.12,0.0304,54.65,1.256,0.074,6353,Generated based on literature patterns,5.625,141.17777777777778,8.756682421266532,6.708203932499369,low
Synthetic_00370,generated,infectious_disease,MD,6,2008,3,39.34,1.1975,6.27,-1.53,0.322,849,Generated based on literature patterns,2.0,141.5,6.744059186311348,2.449489742783178,moderate
Synthetic_00371,generated,urology,COR,8,2014,15,4.24,0.3268,9.25,-0.123,0.222,794,Generated based on literature patterns,0.5333333333333333,99.25,6.677083461247136,2.8284271247461903,low
Synthetic_00372,generated,pulmonology,SMD,5,2004,11,86.45,0.2703,44.55,-0.343,0.71,358,Generated based on literature patterns,0.45454545454545453,71.6,5.8805329864007,2.23606797749979,high
Synthetic_00373,generated,cardiology,OR,9,2000,7,70.12,0.1229,28.17,0.668,0.08,5643,Generated based on literature patterns,1.2857142857142858,627.0,8.63817111796914,3.0,substantial
Synthetic_00374,generated,cardiology,RR,10,2019,16,32.63,0.0522,13.23,1.139,0.188,2287,Generated based on literature patterns,0.625,228.7,7.734996194022781,3.1622776601683795,moderate
Synthetic_00375,generated,nephrology,HR,15,2015,22,78.96,0.1681,65.72,0.677,0.269,960,Generated based on literature patterns,0.6818181818181818,64.0,6.866933284461882,3.872983346207417,high
Synthetic_00376,generated,endocrinology,RR,32,2021,5,4.24,0.0339,26.0,0.811,0.034,5745,Generated based on literature patterns,6.4,179.53125,8.656085190282855,5.656854249492381,low
Synthetic_00377,generated,ophthalmology,MD,5,2012,9,56.37,0.3628,9.57,-1.257,0.122,3079,Generated based on literature patterns,0.5555555555555556,615.8,8.0323601479245,2.23606797749979,substantial
Synthetic_00378,generated,pulmonology,MD,8,2012,6,36.84,1.03,8.81,-2.192,0.46,191,Generated based on literature patterns,1.3333333333333333,23.875,5.25227342804663,2.8284271247461903,moderate
Synthetic_00379,generated,gastroenterology,MD,15,2016,10,85.5,0.846,128.91,0.05,0.156,1860,Generated based on literature patterns,1.5,124.0,7.528331766707247,3.872983346207417,high
Synthetic_00380,generated,pulmonology,SMD,9,2005,3,72.47,0.2263,33.63,-0.946,0.898,100,Generated based on literature patterns,3.0,11.11111111111111,4.605170185988092,3.0,substantial
Synthetic_00381,generated,immunology,MD,5,2009,5,62.1,0.9525,6.96,0.134,0.476,162,Generated based on literature patterns,1.0,32.4,5.087596335232384,2.23606797749979,substantial
Synthetic_00382,generated,pulmonology,HR,11,2019,3,78.59,0.2211,66.26,1.264,0.076,16099,Generated based on literature patterns,3.6666666666666665,1463.5454545454545,9.686512437242294,3.3166247903554,high
Synthetic_00383,generated,dermatology,COR,26,2015,11,81.13,0.7863,149.98,-0.067,0.393,720,Generated based on literature patterns,2.3636363636363638,27.692307692307693,6.579251212010101,5.0990195135927845,high
Synthetic_00384,generated,pulmonology,HR,11,2024,11,57.68,0.4544,24.77,0.699,0.295,198,Generated based on literature patterns,1.0,18.0,5.288267030694535,3.3166247903554,substantial
Synthetic_00385,generated,urology,COR,24,2016,3,5.5,0.1933,24.24,-0.27,0.096,1418,Generated based on literature patterns,8.0,59.083333333333336,7.257002707092073,4.898979485566356,low
Synthetic_00386,generated,cardiology,COR,35,2012,11,56.62,0.4914,85.59,-0.383,0.169,3996,Generated based on literature patterns,3.1818181818181817,114.17142857142858,8.293049139768444,5.916079783099616,substantial
Synthetic_00387,generated,pulmonology,HR,5,2016,10,77.68,0.311,14.64,0.868,0.164,2317,Generated based on literature patterns,0.5,463.4,7.748028524432376,2.23606797749979,high
Synthetic_00388,generated,urology,MD,11,2022,13,63.47,0.8133,20.92,-3.006,0.18,1238,Generated based on literature patterns,0.8461538461538461,112.54545454545455,7.121252453244542,3.3166247903554,substantial
Synthetic_00389,generated,nephrology,OR,7,2006,4,3.11,0.0122,8.38,1.523,0.036,9681,Generated based on literature patterns,1.75,1383.0,9.177920480720072,2.6457513110645907,low
Synthetic_00390,generated,immunology,RR,9,2016,3,79.92,0.0968,46.36,0.736,0.078,9511,Generated based on literature patterns,3.0,1056.7777777777778,9.160204302482386,3.0,high
Synthetic_00391,generated,pulmonology,HR,14,2016,7,6.06,0.069,15.5,1.009,0.349,114,Generated based on literature patterns,2.0,8.142857142857142,4.736198448394496,3.7416573867739413,low
Synthetic_00392,generated,pulmonology,RR,12,2008,5,33.22,0.2406,24.04,0.647,0.497,335,Generated based on literature patterns,2.4,27.916666666666668,5.814130531825066,3.4641016151377544,moderate
Synthetic_00393,generated,dermatology,RR,9,2021,16,36.28,0.1799,15.18,1.066,0.044,18223,Generated based on literature patterns,0.5625,2024.7777777777778,9.810439811486056,3.0,moderate
Synthetic_00394,generated,neurology,RR,13,2014,9,77.7,0.2536,52.28,0.696,0.047,40177,Generated based on literature patterns,1.4444444444444444,3090.5384615384614,10.601049971569482,3.605551275463989,high
Synthetic_00395,generated,rheumatology,SMD,11,2021,5,3.27,0.0896,8.73,0.858,0.476,100,Generated based on literature patterns,2.2,9.090909090909092,4.605170185988092,3.3166247903554,low
Synthetic_00396,generated,gastroenterology,OR,14,2017,9,36.83,0.2895,15.54,0.796,0.256,893,Generated based on literature patterns,1.5555555555555556,63.785714285714285,6.794586580876499,3.7416573867739413,moderate
Synthetic_00397,generated,rheumatology,MD,12,2019,14,3.23,0.0612,13.36,0.973,0.208,470,Generated based on literature patterns,0.8571428571428571,39.166666666666664,6.152732694704104,3.4641016151377544,low
Synthetic_00398,generated,endocrinology,SMD,8,2018,4,77.17,0.3041,20.41,-0.653,0.235,1197,Generated based on literature patterns,2.0,149.625,7.087573705557973,2.8284271247461903,high
Synthetic_00399,generated,infectious_disease,SMD,9,2008,9,62.64,0.1152,21.75,0.447,0.28,920,Generated based on literature patterns,1.0,102.22222222222223,6.824373670043086,3.0,substantial
Synthetic_00400,generated,gastroenterology,SMD,11,2000,17,38.79,0.3158,31.96,-0.2,0.18,857,Generated based on literature patterns,0.6470588235294118,77.9090909090909,6.75343791859778,3.3166247903554,moderate
Synthetic_00401,generated,cardiology,HR,11,2015,4,78.76,0.4642,59.94,0.894,0.079,7621,Generated based on literature patterns,2.75,692.8181818181819,8.938662873666118,3.3166247903554,high
Synthetic_00402,generated,neurology,HR,5,2012,17,76.23,0.1442,28.08,0.456,0.177,1298,Generated based on literature patterns,0.29411764705882354,259.6,7.168579897264035,2.23606797749979,high
Synthetic_00403,generated,pulmonology,RR,10,2013,3,83.86,0.228,73.47,0.933,1.031,104,Generated based on literature patterns,3.3333333333333335,10.4,4.6443908991413725,3.1622776601683795,high
Synthetic_00404,generated,rheumatology,OR,14,2011,8,60.54,0.2087,45.71,1.64,0.196,781,Generated based on literature patterns,1.75,55.785714285714285,6.660575149839686,3.7416573867739413,substantial
Synthetic_00405,generated,pulmonology,OR,11,2010,3,9.89,0.0218,12.85,0.783,0.209,842,Generated based on literature patterns,3.6666666666666665,76.54545454545455,6.7357800142423265,3.3166247903554,low
Synthetic_00406,generated,urology,SMD,5,2021,4,70.29,0.3056,20.46,0.425,0.206,716,Generated based on literature patterns,1.25,143.2,6.573680166960646,2.23606797749979,substantial
Synthetic_00407,generated,neurology,COR,18,2012,6,45.31,0.6696,35.94,0.929,0.035,33301,Generated based on literature patterns,3.0,1850.0555555555557,10.413342705547674,4.242640687119285,moderate
Synthetic_00408,generated,nephrology,OR,16,2008,9,41.66,0.441,25.11,1.017,0.115,5131,Generated based on literature patterns,1.7777777777777777,320.6875,8.543055850941965,4.0,moderate
Synthetic_00409,generated,nephrology,HR,7,2013,3,66.28,0.4396,24.13,0.713,0.067,5045,Generated based on literature patterns,2.3333333333333335,720.7142857142857,8.52615293278771,2.6457513110645907,substantial
Synthetic_00410,generated,urology,COR,11,2012,3,1.41,0.0275,18.6,0.199,0.065,2797,Generated based on literature patterns,3.6666666666666665,254.27272727272728,7.936302693201959,3.3166247903554,low
Synthetic_00411,generated,gastroenterology,HR,5,2023,12,27.32,0.0502,8.7,0.521,0.125,798,Generated based on literature patterns,0.4166666666666667,159.6,6.682108597449809,2.23606797749979,moderate
Synthetic_00412,generated,cardiology,MD,5,2008,15,70.78,0.8004,12.76,0.67,0.375,273,Generated based on literature patterns,0.3333333333333333,54.6,5.60947179518496,2.23606797749979,substantial
Synthetic_00413,generated,psychiatry,HR,5,2019,4,82.26,0.1366,27.47,1.039,0.192,3880,Generated based on literature patterns,1.25,776.0,8.263590432617319,2.23606797749979,high
Synthetic_00414,generated,dermatology,SMD,23,2013,3,75.34,0.1188,83.73,-0.088,0.036,9156,Generated based on literature patterns,7.666666666666667,398.0869565217391,9.122164681072457,4.795831523312719,high
Synthetic_00415,generated,cardiology,HR,33,2006,3,45.8,0.1176,66.41,0.7,0.135,3969,Generated based on literature patterns,11.0,120.27272727272727,8.286269452783065,5.744562646538029,moderate
Synthetic_00416,generated,nephrology,OR,6,2016,8,79.57,0.22,14.5,0.647,0.584,470,Generated based on literature patterns,0.75,78.33333333333333,6.152732694704104,2.449489742783178,high
Synthetic_00417,generated,infectious_disease,OR,27,2022,3,4.16,0.0332,32.83,0.465,0.042,5750,Generated based on literature patterns,9.0,212.96296296296296,8.656955133791396,5.196152422706632,low
Synthetic_00418,generated,nephrology,HR,13,2012,12,59.26,0.1053,51.01,3.307,0.345,819,Generated based on literature patterns,1.0833333333333333,63.0,6.70808408385307,3.605551275463989,substantial
Synthetic_00419,generated,psychiatry,HR,17,2016,9,38.89,0.1241,19.22,0.996,0.28,743,Generated based on literature patterns,1.8888888888888888,43.705882352941174,6.610696044717759,4.123105625617661,moderate
Synthetic_00420,generated,immunology,OR,6,2021,7,70.47,0.2314,17.29,1.317,0.287,382,Generated based on literature patterns,0.8571428571428571,63.666666666666664,5.945420608606575,2.449489742783178,substantial
Synthetic_00421,generated,cardiology,RR,14,2004,8,62.28,0.125,36.17,0.703,0.165,2552,Generated based on literature patterns,1.75,182.28571428571428,7.844632644464681,3.7416573867739413,substantial
Synthetic_00422,generated,rheumatology,RR,7,2019,3,43.23,0.1894,12.34,0.858,0.184,1054,Generated based on literature patterns,2.3333333333333335,150.57142857142858,6.960347729101308,2.6457513110645907,moderate
Synthetic_00423,generated,cardiology,COR,18,2007,4,62.51,2.9701,43.97,0.389,0.463,389,Generated based on literature patterns,4.5,21.61111111111111,5.963579343618446,4.242640687119285,substantial
Synthetic_00424,generated,immunology,SMD,5,2012,19,88.18,0.9013,72.59,0.025,0.121,8350,Generated based on literature patterns,0.2631578947368421,1670.0,9.030016817844901,2.23606797749979,high
Synthetic_00425,generated,ophthalmology,COR,9,2026,12,43.37,0.9345,8.33,-0.25,0.145,6241,Generated based on literature patterns,0.75,693.4444444444445,8.738895704934043,3.0,moderate
Synthetic_00426,generated,neurology,HR,6,2019,3,5.33,0.0122,3.73,1.006,0.043,13426,Generated based on literature patterns,2.0,2237.6666666666665,9.504948404498696,2.449489742783178,low
Synthetic_00427,generated,infectious_disease,COR,19,2012,12,11.24,0.0998,14.25,0.213,0.26,2154,Generated based on literature patterns,1.5833333333333333,113.36842105263158,7.675081857716334,4.358898943540674,low
Synthetic_00428,generated,infectious_disease,MD,17,2021,10,47.44,1.2816,22.64,-1.524,0.318,608,Generated based on literature patterns,1.7,35.76470588235294,6.410174881966167,4.123105625617661,moderate
Synthetic_00429,generated,ophthalmology,COR,5,2009,10,87.13,2.1824,50.42,-0.245,0.175,1079,Generated based on literature patterns,0.5,215.8,6.983789965258135,2.23606797749979,high
Synthetic_00430,generated,urology,COR,14,2008,3,44.31,0.561,24.15,-0.642,0.082,6324,Generated based on literature patterns,4.666666666666667,451.7142857142857,8.752107198329362,3.7416573867739413,moderate
Synthetic_00431,generated,dermatology,OR,27,2025,27,63.21,0.1174,68.66,1.209,0.404,480,Generated based on literature patterns,1.0,17.77777777777778,6.173786103901937,5.196152422706632,substantial
Synthetic_00432,generated,infectious_disease,HR,11,2006,25,66.56,0.2218,48.31,0.401,0.051,11771,Generated based on literature patterns,0.44,1070.090909090909,9.37339415841248,3.3166247903554,substantial
Synthetic_00433,generated,neurology,COR,6,2010,30,67.84,1.0355,13.86,0.337,0.425,442,Generated based on literature patterns,0.2,73.66666666666667,6.091309882077698,2.449489742783178,substantial
Synthetic_00434,generated,neurology,OR,6,2011,15,71.97,0.1471,18.4,0.725,0.31,359,Generated based on literature patterns,0.4,59.833333333333336,5.883322388488279,2.449489742783178,substantial
Synthetic_00435,generated,oncology,MD,48,2023,5,34.49,1.3627,72.08,-0.056,0.502,243,Generated based on literature patterns,9.6,5.0625,5.493061443340548,6.928203230275509,moderate
Synthetic_00436,generated,pulmonology,SMD,25,2013,5,78.36,0.1634,120.94,-0.228,1.244,100,Generated based on literature patterns,5.0,4.0,4.605170185988092,5.0,high
Synthetic_00437,generated,rheumatology,SMD,22,2011,4,9.24,0.1378,16.99,-0.302,0.136,1956,Generated based on literature patterns,5.5,88.9090909090909,7.578656850594762,4.69041575982343,low
Synthetic_00438,generated,ophthalmology,MD,16,2015,3,12.03,0.4618,10.7,-0.774,0.169,512,Generated based on literature patterns,5.333333333333333,32.0,6.238324625039508,4.0,low
Synthetic_00439,generated,urology,RR,14,2006,6,83.84,0.6075,90.77,0.783,0.203,2871,Generated based on literature patterns,2.3333333333333335,205.07142857142858,7.962415680121064,3.7416573867739413,high
Synthetic_00440,generated,ophthalmology,MD,11,2005,6,77.54,1.9216,59.04,1.331,0.205,912,Generated based on literature patterns,1.8333333333333333,82.9090909090909,6.815639990074331,3.3166247903554,high
Synthetic_00441,generated,nephrology,HR,10,2003,6,60.33,0.112,22.17,0.828,0.039,16320,Generated based on literature patterns,1.6666666666666667,1632.0,9.700146628518098,3.1622776601683795,substantial
Synthetic_00442,generated,ophthalmology,OR,21,2018,8,30.34,0.0783,39.8,1.193,0.059,5807,Generated based on literature patterns,2.625,276.5238095238095,8.66681936537205,4.58257569495584,moderate
Synthetic_00443,generated,rheumatology,RR,11,2021,3,11.5,0.0527,14.52,0.485,0.115,4916,Generated based on literature patterns,3.6666666666666665,446.90909090909093,8.500250470685925,3.3166247903554,low
Synthetic_00444,generated,endocrinology,COR,15,2013,4,79.16,1.8221,78.96,0.549,0.096,6745,Generated based on literature patterns,3.75,449.6666666666667,8.816556768641856,3.872983346207417,high
Synthetic_00445,generated,immunology,MD,6,2011,17,44.91,0.6616,6.28,-1.024,0.116,4903,Generated based on literature patterns,0.35294117647058826,817.1666666666666,8.497602541651233,2.449489742783178,moderate
Synthetic_00446,generated,cardiology,RR,8,2009,6,42.17,0.1076,15.65,1.103,0.256,830,Generated based on literature patterns,1.3333333333333333,103.75,6.721425700790643,2.8284271247461903,moderate
Synthetic_00447,generated,gastroenterology,COR,29,1996,6,60.67,0.8446,58.07,-0.155,0.076,9393,Generated based on literature patterns,4.833333333333333,323.8965517241379,9.147720009994515,5.385164807134504,substantial
Synthetic_00448,generated,psychiatry,OR,15,2019,24,70.74,0.134,44.17,0.734,0.255,1712,Generated based on literature patterns,0.625,114.13333333333334,7.445417556701687,3.872983346207417,substantial
Synthetic_00449,generated,pulmonology,OR,5,2011,6,76.92,0.3029,31.98,0.861,0.329,1144,Generated based on literature patterns,0.8333333333333334,228.8,7.042286171939743,2.23606797749979,high
Synthetic_00450,generated,ophthalmology,COR,5,2017,6,1.44,0.0852,2.87,0.372,0.31,129,Generated based on literature patterns,0.8333333333333334,25.8,4.859812404361672,2.23606797749979,low
Synthetic_00451,generated,pulmonology,SMD,17,2015,4,66.93,0.2251,49.25,-0.673,0.496,215,Generated based on literature patterns,4.25,12.647058823529411,5.3706380281276624,4.123105625617661,substantial
Synthetic_00452,generated,infectious_disease,SMD,16,2015,14,44.83,0.1359,25.0,0.017,0.575,222,Generated based on literature patterns,1.1428571428571428,13.875,5.402677381872279,4.0,moderate
Synthetic_00453,generated,cardiology,RR,20,2010,3,46.64,0.1759,35.64,0.558,0.332,714,Generated based on literature patterns,6.666666666666667,35.7,6.570882962339584,4.47213595499958,moderate
Synthetic_00454,generated,neurology,HR,7,2009,9,42.25,0.0901,8.54,1.018,0.076,3800,Generated based on literature patterns,0.7777777777777778,542.8571428571429,8.242756345714477,2.6457513110645907,moderate
Synthetic_00455,generated,ophthalmology,HR,14,2000,6,47.0,0.075,37.13,0.866,0.296,421,Generated based on literature patterns,2.3333333333333335,30.071428571428573,6.042632833682381,3.7416573867739413,moderate
Synthetic_00456,generated,urology,RR,17,2015,4,82.04,0.3427,93.25,1.294,0.218,577,Generated based on literature patterns,4.25,33.94117647058823,6.3578422665081,4.123105625617661,high
Synthetic_00457,generated,immunology,MD,9,2026,4,3.25,0.039,3.99,-0.737,0.185,1142,Generated based on literature patterns,2.25,126.88888888888889,7.040536390215956,3.0,low
Synthetic_00458,generated,dermatology,HR,23,2013,10,63.01,0.1189,71.06,0.732,0.156,1838,Generated based on literature patterns,2.3,79.91304347826087,7.516433302915632,4.795831523312719,substantial
Synthetic_00459,generated,psychiatry,RR,7,2001,6,10.75,0.0675,11.78,0.81,0.052,4810,Generated based on literature patterns,1.1666666666666667,687.1428571428571,8.478452363099807,2.6457513110645907,low
Synthetic_00460,generated,ophthalmology,MD,13,2005,7,37.78,0.7932,20.01,4.286,0.079,5223,Generated based on literature patterns,1.8571428571428572,401.7692307692308,8.560827228436299,3.605551275463989,moderate
Synthetic_00461,generated,dermatology,COR,13,2018,12,31.55,0.854,27.57,-0.047,0.256,1151,Generated based on literature patterns,1.0833333333333333,88.53846153846153,7.048386408721883,3.605551275463989,moderate
Synthetic_00462,generated,urology,OR,11,2007,10,38.08,0.0552,17.44,0.757,0.059,18507,Generated based on literature patterns,1.1,1682.4545454545455,9.825904317877749,3.3166247903554,moderate
Synthetic_00463,generated,ophthalmology,OR,15,2011,11,51.62,0.0677,22.89,0.768,0.235,1705,Generated based on literature patterns,1.3636363636363635,113.66666666666667,7.4413203897176174,3.872983346207417,substantial
Synthetic_00464,generated,endocrinology,HR,14,2013,3,82.52,0.1366,73.28,0.739,0.08,2910,Generated based on literature patterns,4.666666666666667,207.85714285714286,7.975908360165538,3.7416573867739413,high
Synthetic_00465,generated,rheumatology,SMD,19,2013,4,50.72,0.3492,49.41,-0.834,0.096,6616,Generated based on literature patterns,4.75,348.2105263157895,8.797246236703527,4.358898943540674,substantial
Synthetic_00466,generated,urology,COR,5,2015,4,84.57,0.8834,37.06,0.196,0.329,440,Generated based on literature patterns,1.25,88.0,6.0867747269123065,2.23606797749979,high
Synthetic_00467,generated,rheumatology,COR,23,2016,13,45.08,0.5657,43.49,0.111,0.714,100,Generated based on literature patterns,1.7692307692307692,4.3478260869565215,4.605170185988092,4.795831523312719,moderate
Synthetic_00468,generated,gastroenterology,HR,21,2016,5,32.7,0.2661,39.6,1.492,0.121,5172,Generated based on literature patterns,4.2,246.28571428571428,8.551014739891748,4.58257569495584,moderate
Synthetic_00469,generated,dermatology,COR,9,2013,6,88.05,1.3433,60.33,-0.225,0.108,8154,Generated based on literature patterns,1.5,906.0,9.006263883379198,3.0,high
Synthetic_00470,generated,pulmonology,MD,38,2011,22,82.72,1.1061,212.39,2.078,0.687,219,Generated based on literature patterns,1.7272727272727273,5.7631578947368425,5.389071729816501,6.164414002968976,high
Synthetic_00471,generated,neurology,COR,5,2017,4,4.32,0.1727,1.79,-0.201,0.178,1365,Generated based on literature patterns,1.25,273.0,7.21890970761906,2.23606797749979,low
Synthetic_00472,generated,endocrinology,SMD,12,2007,3,3.44,0.0259,9.75,-0.18,0.149,1302,Generated based on literature patterns,4.0,108.5,7.171656822768514,3.4641016151377544,low
Synthetic_00473,generated,psychiatry,SMD,18,2015,10,66.0,0.403,58.07,1.152,0.285,669,Generated based on literature patterns,1.8,37.166666666666664,6.505784060128229,4.242640687119285,substantial
Synthetic_00474,generated,nephrology,MD,12,2007,3,40.54,0.6821,31.48,0.468,0.366,339,Generated based on literature patterns,4.0,28.25,5.82600010738045,3.4641016151377544,moderate
Synthetic_00475,generated,ophthalmology,OR,22,2014,5,54.59,0.2286,42.09,2.225,0.077,5217,Generated based on literature patterns,4.4,237.13636363636363,8.559677803022392,4.69041575982343,substantial
Synthetic_00476,generated,ophthalmology,HR,24,2014,30,40.57,0.2045,46.14,0.605,0.04,28408,Generated based on literature patterns,0.8,1183.6666666666667,10.254426074622923,4.898979485566356,moderate
Synthetic_00477,generated,neurology,RR,6,1995,3,13.91,0.0339,4.07,0.497,0.385,196,Generated based on literature patterns,2.0,32.666666666666664,5.278114659230517,2.449489742783178,low
Synthetic_00478,generated,nephrology,SMD,10,2009,9,7.84,0.0385,9.06,-0.15,0.021,27973,Generated based on literature patterns,1.1111111111111112,2797.3,10.23899503822049,3.1622776601683795,low
Synthetic_00479,generated,pulmonology,MD,5,2017,30,76.6,0.9275,27.46,0.064,0.085,3483,Generated based on literature patterns,0.16666666666666666,696.6,8.155649270366002,2.23606797749979,high
Synthetic_00480,generated,urology,SMD,12,2022,13,28.28,0.35,17.57,-0.992,0.089,4591,Generated based on literature patterns,0.9230769230769231,382.5833333333333,8.431853144249223,3.4641016151377544,moderate
Synthetic_00481,generated,cardiology,COR,7,2016,9,41.13,0.4336,15.73,0.056,0.094,4914,Generated based on literature patterns,0.7777777777777778,702.0,8.499843553081124,2.6457513110645907,moderate
Synthetic_00482,generated,infectious_disease,HR,7,2010,24,34.68,0.0519,12.2,0.768,0.055,18358,Generated based on literature patterns,0.2916666666666667,2622.5714285714284,9.817820725779036,2.6457513110645907,moderate
Synthetic_00483,generated,gastroenterology,COR,6,2008,8,84.47,0.7359,34.93,0.118,0.027,38691,Generated based on literature patterns,0.75,6448.5,10.563362293832501,2.449489742783178,high
Synthetic_00484,generated,endocrinology,RR,17,2011,5,69.14,0.0815,34.75,0.864,0.279,759,Generated based on literature patterns,3.4,44.64705882352941,6.63200177739563,4.123105625617661,substantial
Synthetic_00485,generated,cardiology,COR,10,2007,3,39.71,0.6316,26.73,0.051,0.042,12690,Generated based on literature patterns,3.3333333333333335,1269.0,9.448569560708433,3.1622776601683795,moderate
Synthetic_00486,generated,urology,HR,7,2017,3,57.65,0.1198,14.49,0.766,0.093,2030,Generated based on literature patterns,2.3333333333333335,290.0,7.615791072035833,2.6457513110645907,substantial
Synthetic_00487,generated,rheumatology,COR,17,2004,6,41.86,0.9474,37.95,0.278,0.288,370,Generated based on literature patterns,2.8333333333333335,21.764705882352942,5.91350300563827,4.123105625617661,moderate
Synthetic_00488,generated,ophthalmology,RR,8,2019,6,4.21,0.0159,8.41,0.567,0.114,1873,Generated based on literature patterns,1.3333333333333333,234.125,7.5352967024440884,2.8284271247461903,low
Synthetic_00489,generated,infectious_disease,HR,11,2016,8,67.66,0.3909,19.81,1.175,0.293,638,Generated based on literature patterns,1.375,58.0,6.45833828334479,3.3166247903554,substantial
Synthetic_00490,generated,endocrinology,SMD,15,2006,3,51.44,0.0859,20.8,-0.587,0.13,2453,Generated based on literature patterns,5.0,163.53333333333333,7.8050670442584895,3.872983346207417,substantial
Synthetic_00491,generated,neurology,OR,9,2016,4,75.83,0.1966,35.68,1.055,0.246,1819,Generated based on literature patterns,2.25,202.11111111111111,7.506042178518122,3.0,high
Synthetic_00492,generated,infectious_disease,COR,5,2010,6,85.38,1.6639,42.32,0.333,0.19,2556,Generated based on literature patterns,0.8333333333333334,511.2,7.846198815497425,2.23606797749979,high
Synthetic_00493,generated,ophthalmology,MD,7,2010,5,6.28,0.2783,4.57,-0.685,0.076,2888,Generated based on literature patterns,1.4,412.57142857142856,7.968319500012717,2.6457513110645907,low
Synthetic_00494,generated,psychiatry,COR,8,2016,3,42.9,0.7131,11.26,0.342,0.095,3490,Generated based on literature patterns,2.6666666666666665,436.25,8.157657015196472,2.8284271247461903,moderate
Synthetic_00495,generated,pulmonology,RR,16,2005,8,14.64,0.0222,14.34,1.361,0.067,14704,Generated based on literature patterns,2.0,919.0,9.595874844595468,4.0,low
Synthetic_00496,generated,ophthalmology,SMD,6,2020,12,26.96,0.1366,18.08,0.692,0.114,5409,Generated based on literature patterns,0.5,901.5,8.595819511871428,2.449489742783178,moderate
Synthetic_00497,generated,dermatology,HR,41,2017,7,72.33,0.1847,199.41,0.637,0.066,6620,Generated based on literature patterns,5.857142857142857,161.46341463414635,8.797850648931053,6.4031242374328485,substantial
Synthetic_00498,generated,pulmonology,COR,10,2011,3,76.14,0.7306,42.75,-0.561,0.077,6759,Generated based on literature patterns,3.3333333333333335,675.9,8.818630229100354,3.1622776601683795,high
Synthetic_00499,generated,immunology,HR,7,2020,25,4.86,0.0191,2.28,1.548,0.086,1045,Generated based on literature patterns,0.28,149.28571428571428,6.951772164398911,2.6457513110645907,low
Synthetic_00500,generated,nephrology,SMD,12,2015,7,62.38,0.331,35.58,-1.611,0.234,1370,Generated based on literature patterns,1.7142857142857142,114.16666666666667,7.222566018822171,3.4641016151377544,substantial
Synthetic_00501,generated,pulmonology,OR,12,2001,5,42.63,0.0859,20.45,1.363,0.125,4892,Generated based on literature patterns,2.4,407.6666666666667,8.495356496807062,3.4641016151377544,moderate
Synthetic_00502,generated,nephrology,HR,18,2016,6,87.89,0.5934,145.99,0.774,0.558,385,Generated based on literature patterns,3.0,21.38888888888889,5.953243334287785,4.242640687119285,high
Synthetic_00503,generated,dermatology,SMD,24,2000,6,39.29,0.2534,48.57,1.011,0.231,1257,Generated based on literature patterns,4.0,52.375,7.136483208590247,4.898979485566356,moderate
Synthetic_00504,generated,oncology,HR,41,2024,5,81.35,0.3118,236.59,0.646,0.314,1272,Generated based on literature patterns,8.2,31.024390243902438,7.148345743900068,6.4031242374328485,high
Synthetic_00505,generated,cardiology,SMD,7,2004,16,35.52,0.2149,4.11,-0.543,0.036,63014,Generated based on literature patterns,0.4375,9002.0,11.051112202908191,2.6457513110645907,moderate
Synthetic_00506,generated,cardiology,RR,5,2005,7,2.78,0.0291,5.25,1.21,0.339,263,Generated based on literature patterns,0.7142857142857143,52.6,5.572154032177765,2.23606797749979,low
Synthetic_00507,generated,ophthalmology,RR,11,2010,8,36.59,0.0736,18.42,1.57,0.173,446,Generated based on literature patterns,1.375,40.54545454545455,6.100318952020064,3.3166247903554,moderate
Synthetic_00508,generated,rheumatology,RR,5,2019,15,6.57,0.0323,7.25,1.874,0.108,7723,Generated based on literature patterns,0.3333333333333333,1544.6,8.951958168569265,2.23606797749979,low
Synthetic_00509,generated,urology,SMD,5,2005,5,32.91,0.1726,12.53,0.853,0.066,3481,Generated based on literature patterns,1.0,696.2,8.15507488781144,2.23606797749979,moderate
Synthetic_00510,generated,rheumatology,HR,10,2015,30,76.15,0.2267,36.56,0.788,0.498,177,Generated based on literature patterns,0.3333333333333333,17.7,5.176149732573829,3.1622776601683795,high
Synthetic_00511,generated,psychiatry,RR,18,2009,9,10.66,0.0374,12.26,0.827,0.555,191,Generated based on literature patterns,2.0,10.61111111111111,5.25227342804663,4.242640687119285,low
Synthetic_00512,generated,dermatology,MD,13,2015,9,56.42,0.6172,22.17,-1.054,0.121,4590,Generated based on literature patterns,1.4444444444444444,353.0769230769231,8.431635303054591,3.605551275463989,substantial
Synthetic_00513,generated,endocrinology,RR,28,2005,3,44.97,0.0751,56.86,0.863,0.042,41339,Generated based on literature patterns,9.333333333333334,1476.392857142857,10.629561643296354,5.291502622129181,moderate
Synthetic_00514,generated,dermatology,RR,29,2019,10,59.99,0.3326,61.92,0.937,0.15,1716,Generated based on literature patterns,2.9,59.172413793103445,7.447751280047908,5.385164807134504,substantial
Synthetic_00515,generated,pulmonology,HR,19,2015,4,32.29,0.0568,28.97,1.259,0.046,8655,Generated based on literature patterns,4.75,455.5263157894737,9.06589246761031,4.358898943540674,moderate
Synthetic_00516,generated,pulmonology,COR,7,2013,7,84.5,0.619,34.7,0.028,0.292,553,Generated based on literature patterns,1.0,79.0,6.315358001522335,2.6457513110645907,high
Synthetic_00517,generated,rheumatology,RR,16,2005,18,36.39,0.0489,18.34,0.471,0.058,5101,Generated based on literature patterns,0.8888888888888888,318.8125,8.537191877922927,4.0,moderate
Synthetic_00518,generated,gastroenterology,OR,14,2018,3,5.87,0.0234,13.39,0.932,0.02,91326,Generated based on literature patterns,4.666666666666667,6523.285714285715,11.422190801507721,3.7416573867739413,low
Synthetic_00519,generated,endocrinology,RR,16,2020,9,29.8,0.0358,29.89,0.941,0.072,6150,Generated based on literature patterns,1.7777777777777777,384.375,8.724207360800564,4.0,moderate
Synthetic_00520,generated,gastroenterology,HR,5,2016,3,42.47,0.1943,5.03,0.736,0.171,1754,Generated based on literature patterns,1.6666666666666667,350.8,7.469654172932128,2.23606797749979,moderate
Synthetic_00521,generated,endocrinology,COR,5,2013,5,60.05,0.857,14.56,-0.385,0.091,4663,Generated based on literature patterns,1.0,932.6,8.44741429680832,2.23606797749979,substantial
Synthetic_00522,generated,endocrinology,RR,12,2010,11,54.67,0.0819,23.34,0.971,0.119,3890,Generated based on literature patterns,1.0909090909090908,324.1666666666667,8.266164436612492,3.4641016151377544,substantial
Synthetic_00523,generated,nephrology,RR,10,2004,3,2.67,0.0228,11.31,1.265,0.023,42913,Generated based on literature patterns,3.3333333333333335,4291.3,10.66693008931473,3.1622776601683795,low
Synthetic_00524,generated,neurology,OR,34,2012,13,58.07,0.2347,62.74,1.0,0.337,803,Generated based on literature patterns,2.6153846153846154,23.61764705882353,6.688354713946762,5.830951894845301,substantial
Synthetic_00525,generated,neurology,HR,10,2007,9,54.22,0.0977,22.69,0.918,0.252,1054,Generated based on literature patterns,1.1111111111111112,105.4,6.960347729101308,3.1622776601683795,substantial
Synthetic_00526,generated,pulmonology,HR,8,2012,5,80.56,0.1486,33.62,0.637,0.241,550,Generated based on literature patterns,1.6,68.75,6.309918278226516,2.8284271247461903,high
Synthetic_00527,generated,oncology,HR,15,2011,18,81.13,0.4819,92.02,0.69,0.284,522,Generated based on literature patterns,0.8333333333333334,34.8,6.257667587882639,3.872983346207417,high
Synthetic_00528,generated,dermatology,HR,8,2014,11,6.5,0.0688,8.08,1.038,0.218,1702,Generated based on literature patterns,0.7272727272727273,212.75,7.43955930913332,2.8284271247461903,low
Synthetic_00529,generated,cardiology,RR,5,2005,7,78.89,0.0963,16.18,0.677,0.073,8002,Generated based on literature patterns,0.7142857142857143,1600.4,8.98744678941718,2.23606797749979,high
Synthetic_00530,generated,endocrinology,HR,6,2012,5,32.1,0.0429,5.82,0.382,0.366,287,Generated based on literature patterns,1.2,47.833333333333336,5.659482215759621,2.449489742783178,moderate
Synthetic_00531,generated,immunology,MD,8,2003,4,6.95,0.2148,5.08,0.742,0.076,3861,Generated based on literature patterns,2.0,482.625,8.258681496264236,2.8284271247461903,low
Synthetic_00532,generated,rheumatology,RR,15,2016,4,40.2,0.1778,14.39,0.859,0.085,4500,Generated based on literature patterns,3.75,300.0,8.411832675758411,3.872983346207417,moderate
Synthetic_00533,generated,oncology,SMD,16,2006,6,80.71,0.4568,69.53,-0.626,0.147,3467,Generated based on literature patterns,2.6666666666666665,216.6875,8.151044945685024,4.0,high
Synthetic_00534,generated,ophthalmology,HR,24,2010,4,3.12,0.0309,27.69,0.641,0.174,464,Generated based on literature patterns,6.0,19.333333333333332,6.139884552226255,4.898979485566356,low
Synthetic_00535,generated,ophthalmology,SMD,18,2006,27,42.0,0.1892,24.76,-0.221,0.217,966,Generated based on literature patterns,0.6666666666666666,53.666666666666664,6.873163834212518,4.242640687119285,moderate
Synthetic_00536,generated,ophthalmology,SMD,21,2008,3,43.6,0.3342,33.79,-0.761,0.237,982,Generated based on literature patterns,7.0,46.76190476190476,6.889591308354466,4.58257569495584,moderate
Synthetic_00537,generated,infectious_disease,OR,13,2022,7,58.79,0.157,40.56,1.161,0.362,212,Generated based on literature patterns,1.8571428571428572,16.307692307692307,5.356586274672012,3.605551275463989,substantial
Synthetic_00538,generated,oncology,HR,6,2010,8,68.53,0.1435,13.13,0.596,0.327,681,Generated based on literature patterns,0.75,113.5,6.523562306149512,2.449489742783178,substantial
Synthetic_00539,generated,dermatology,COR,5,2010,6,69.57,0.5677,6.04,0.144,0.105,10721,Generated based on literature patterns,0.8333333333333334,2144.2,9.27995971385624,2.23606797749979,substantial
Synthetic_00540,generated,ophthalmology,OR,27,2004,6,9.53,0.0399,20.13,1.14,0.056,4103,Generated based on literature patterns,4.5,151.96296296296296,8.319473692442186,5.196152422706632,low
Synthetic_00541,generated,pulmonology,RR,16,2008,5,58.01,0.3006,40.76,0.967,0.416,283,Generated based on literature patterns,3.2,17.6875,5.645446897643238,4.0,substantial
Synthetic_00542,generated,pulmonology,OR,13,2009,7,52.73,0.1193,24.82,1.596,0.172,2110,Generated based on literature patterns,1.8571428571428572,162.30769230769232,7.6544432264701125,3.605551275463989,substantial
Synthetic_00543,generated,neurology,RR,18,2020,3,86.85,0.1408,178.17,1.522,0.128,2059,Generated based on literature patterns,6.0,114.38888888888889,7.629975707027789,4.242640687119285,high
Synthetic_00544,generated,psychiatry,HR,19,2018,6,35.67,0.0858,32.37,1.038,0.055,16123,Generated based on literature patterns,3.1666666666666665,848.578947368421,9.68800210296374,4.358898943540674,moderate
Synthetic_00545,generated,cardiology,HR,8,2014,5,58.35,0.1739,19.25,0.659,0.087,8290,Generated based on literature patterns,1.6,1036.25,9.022805248129341,2.8284271247461903,substantial
Synthetic_00546,generated,cardiology,OR,10,2017,18,34.26,0.0604,11.83,0.673,0.268,1319,Generated based on literature patterns,0.5555555555555556,131.9,7.1846291527173145,3.1622776601683795,moderate
Synthetic_00547,generated,infectious_disease,RR,9,2019,9,7.14,0.0184,4.15,1.007,0.103,3855,Generated based on literature patterns,1.0,428.3333333333333,8.25712628599743,3.0,low
Synthetic_00548,generated,ophthalmology,RR,18,2003,9,37.12,0.0956,37.34,1.902,0.106,3354,Generated based on literature patterns,2.0,186.33333333333334,8.117908942383155,4.242640687119285,moderate
Synthetic_00549,generated,nephrology,RR,32,2016,6,1.18,0.018,43.77,1.386,0.101,3361,Generated based on literature patterns,5.333333333333333,105.03125,8.119993827725105,5.656854249492381,low
Synthetic_00550,generated,gastroenterology,RR,5,2011,3,70.29,0.3013,10.23,0.635,0.126,5861,Generated based on literature patterns,1.6666666666666667,1172.2,8.676075516476429,2.23606797749979,substantial
Synthetic_00551,generated,nephrology,SMD,5,2003,4,63.43,0.3933,10.16,1.357,0.6,908,Generated based on literature patterns,1.25,181.6,6.811244378601294,2.23606797749979,substantial
Synthetic_00552,generated,ophthalmology,RR,9,2013,5,4.37,0.0401,11.42,0.813,0.071,1582,Generated based on literature patterns,1.8,175.77777777777777,7.366445148327599,3.0,low
Synthetic_00553,generated,urology,COR,17,2012,4,82.97,0.8809,111.19,-0.33,0.235,1749,Generated based on literature patterns,4.25,102.88235294117646,7.466799475018602,4.123105625617661,high
Synthetic_00554,generated,psychiatry,MD,10,2016,22,56.29,0.8232,22.42,-2.111,0.343,835,Generated based on literature patterns,0.45454545454545453,83.5,6.727431724850855,3.1622776601683795,substantial
Synthetic_00555,generated,immunology,HR,5,2014,9,33.35,0.1092,2.68,0.531,0.102,5506,Generated based on literature patterns,0.5555555555555556,1101.2,8.613593685702552,2.23606797749979,moderate
Synthetic_00556,generated,endocrinology,MD,21,2011,3,32.29,0.5586,26.67,0.823,0.018,68061,Generated based on literature patterns,7.0,3241.0,11.12815964086497,4.58257569495584,moderate
Synthetic_00557,generated,oncology,SMD,23,2016,10,31.17,0.4133,28.76,-0.002,0.051,10207,Generated based on literature patterns,2.3,443.7826086956522,9.230829038403499,4.795831523312719,moderate
Synthetic_00558,generated,psychiatry,COR,32,2007,4,76.8,0.4985,126.7,-0.153,0.282,989,Generated based on literature patterns,8.0,30.90625,6.8966943316227125,5.656854249492381,high
Synthetic_00559,generated,immunology,COR,12,2006,12,28.87,1.2422,12.07,0.066,0.149,2055,Generated based on literature patterns,1.0,171.25,7.628031126930335,3.4641016151377544,moderate
Synthetic_00560,generated,ophthalmology,COR,17,2019,7,87.18,4.099,146.57,0.578,0.06,21129,Generated based on literature patterns,2.4285714285714284,1242.8823529411766,9.95840178341352,4.123105625617661,high
Synthetic_00561,generated,gastroenterology,HR,9,2021,3,36.6,0.0896,12.95,0.885,0.059,4999,Generated based on literature patterns,3.0,555.4444444444445,8.51699317141357,3.0,moderate
Synthetic_00562,generated,psychiatry,OR,9,2011,3,39.28,0.1018,20.5,0.851,0.051,3621,Generated based on literature patterns,3.0,402.3333333333333,8.19450550976564,3.0,moderate
Synthetic_00563,generated,psychiatry,HR,7,2023,9,40.19,0.1254,7.32,0.763,0.657,100,Generated based on literature patterns,0.7777777777777778,14.285714285714286,4.605170185988092,2.6457513110645907,moderate
Synthetic_00564,generated,ophthalmology,RR,10,2012,5,35.12,0.0603,17.5,0.773,0.348,751,Generated based on literature patterns,2.0,75.1,6.621405651764134,3.1622776601683795,moderate
Synthetic_00565,generated,ophthalmology,HR,20,2019,7,82.69,0.5641,99.76,1.365,0.143,4944,Generated based on literature patterns,2.857142857142857,247.2,8.505929999137527,4.47213595499958,high
Synthetic_00566,generated,infectious_disease,COR,9,2009,30,38.46,0.26,16.68,-0.015,0.054,8160,Generated based on literature patterns,0.3,906.6666666666666,9.006999447958153,3.0,moderate
Synthetic_00567,generated,immunology,SMD,5,2003,4,61.14,0.2004,14.96,-0.109,0.818,100,Generated based on literature patterns,1.25,20.0,4.605170185988092,2.23606797749979,substantial
Synthetic_00568,generated,gastroenterology,COR,17,2018,7,59.74,0.7064,37.33,-0.562,0.165,2626,Generated based on literature patterns,2.4285714285714284,154.47058823529412,7.873217054862741,4.123105625617661,substantial
Synthetic_00569,generated,endocrinology,OR,11,2011,13,45.42,0.0792,18.51,0.932,0.05,9510,Generated based on literature patterns,0.8461538461538461,864.5454545454545,9.160099155539436,3.3166247903554,moderate
Synthetic_00570,generated,psychiatry,MD,10,2024,3,38.22,0.6928,13.3,-2.069,0.237,2272,Generated based on literature patterns,3.3333333333333335,227.2,7.7284157798410416,3.1622776601683795,moderate
Synthetic_00571,generated,cardiology,HR,16,2010,8,45.02,0.0957,18.66,1.396,0.041,28249,Generated based on literature patterns,2.0,1765.5625,10.248813337717966,4.0,moderate
Synthetic_00572,generated,infectious_disease,COR,17,2021,3,68.64,1.1826,43.53,0.167,0.139,3895,Generated based on literature patterns,5.666666666666667,229.11764705882354,8.267448958304849,4.123105625617661,substantial
Synthetic_00573,generated,nephrology,COR,8,1995,30,9.04,0.395,14.06,0.144,0.182,536,Generated based on literature patterns,0.26666666666666666,67.0,6.284134161070802,2.8284271247461903,low
Synthetic_00574,generated,psychiatry,OR,8,2012,5,51.92,0.1469,15.93,0.925,0.049,9718,Generated based on literature patterns,1.6,1214.75,9.181735114965848,2.8284271247461903,substantial
Synthetic_00575,generated,cardiology,SMD,17,2015,3,81.12,0.3635,103.39,-0.319,0.108,6540,Generated based on literature patterns,5.666666666666667,384.70588235294116,8.785692444451245,4.123105625617661,high
Synthetic_00576,generated,infectious_disease,OR,12,2022,7,27.59,0.0867,22.8,0.835,0.095,3180,Generated based on literature patterns,1.7142857142857142,265.0,8.064636475774222,3.4641016151377544,moderate
Synthetic_00577,generated,dermatology,RR,14,2003,9,46.18,0.0772,17.14,0.78,0.474,399,Generated based on literature patterns,1.5555555555555556,28.5,5.988961416889864,3.7416573867739413,moderate
Synthetic_00578,generated,immunology,COR,17,2010,13,46.89,1.2774,38.01,-0.226,0.272,1648,Generated based on literature patterns,1.3076923076923077,96.94117647058823,7.4073177104694174,4.123105625617661,moderate
Synthetic_00579,generated,immunology,COR,10,2024,6,36.96,0.7588,15.33,-0.123,0.041,13465,Generated based on literature patterns,1.6666666666666667,1346.5,9.5078490052457,3.1622776601683795,moderate
Synthetic_00580,generated,gastroenterology,SMD,5,2005,30,79.89,0.3089,23.61,-0.643,0.084,6649,Generated based on literature patterns,0.16666666666666666,1329.8,8.802221746402456,2.23606797749979,high
Synthetic_00581,generated,pulmonology,HR,22,2016,3,7.19,0.0123,28.4,0.64,0.076,8836,Generated based on literature patterns,7.333333333333333,401.6363636363636,9.086589564540008,4.69041575982343,low
Synthetic_00582,generated,immunology,COR,10,2020,26,43.45,0.6715,33.45,0.5,0.161,2136,Generated based on literature patterns,0.38461538461538464,213.6,7.666690200080086,3.1622776601683795,moderate
Synthetic_00583,generated,rheumatology,SMD,14,2023,6,33.7,0.1651,16.9,-0.321,0.063,8509,Generated based on literature patterns,2.3333333333333335,607.7857142857143,9.048879705849558,3.7416573867739413,moderate
Synthetic_00584,generated,rheumatology,MD,7,2028,20,58.08,0.6098,13.4,2.887,0.06,5049,Generated based on literature patterns,0.35,721.2857142857143,8.526945482858915,2.6457513110645907,substantial
Synthetic_00585,generated,dermatology,SMD,30,2015,3,4.85,0.0179,24.32,-0.264,0.035,5896,Generated based on literature patterns,10.0,196.53333333333333,8.682029433869172,5.477225575051661,low
Synthetic_00586,generated,infectious_disease,COR,8,2008,30,79.54,0.6686,37.71,0.126,0.302,660,Generated based on literature patterns,0.26666666666666666,82.5,6.492239835020471,2.8284271247461903,high
Synthetic_00587,generated,endocrinology,SMD,63,2007,7,2.38,0.0146,67.45,-0.624,0.015,53424,Generated based on literature patterns,9.0,848.0,10.886015362183436,7.937253933193772,low
Synthetic_00588,generated,urology,COR,11,2016,11,32.76,0.8,15.81,-0.055,0.104,3211,Generated based on literature patterns,1.0,291.90909090909093,8.074337694089515,3.3166247903554,moderate
Synthetic_00589,generated,infectious_disease,MD,5,2006,7,76.89,0.7954,25.96,0.792,0.151,2862,Generated based on literature patterns,0.7142857142857143,572.4,7.959275960116396,2.23606797749979,high
Synthetic_00590,generated,immunology,MD,31,2009,10,84.27,1.477,220.38,-0.221,0.854,160,Generated based on literature patterns,3.1,5.161290322580645,5.075173815233827,5.5677643628300215,high
Synthetic_00591,generated,nephrology,COR,5,2021,4,93.11,2.1765,60.35,-0.019,0.228,1700,Generated based on literature patterns,1.25,340.0,7.438383530044307,2.23606797749979,high
Synthetic_00592,generated,pulmonology,MD,8,2008,9,6.99,0.1247,16.56,-1.533,0.057,7447,Generated based on literature patterns,0.8888888888888888,930.875,8.915566545710645,2.8284271247461903,low
Synthetic_00593,generated,rheumatology,MD,8,2016,8,80.46,1.1167,29.61,3.54,0.333,1396,Generated based on literature patterns,1.0,174.5,7.241366283322318,2.8284271247461903,high
Synthetic_00594,generated,infectious_disease,RR,41,2014,3,88.06,0.2725,360.85,0.67,0.078,3571,Generated based on literature patterns,13.666666666666666,87.09756097560975,8.18060094759445,6.4031242374328485,high
Synthetic_00595,generated,immunology,HR,16,2005,3,57.59,0.0445,35.48,0.991,0.116,2874,Generated based on literature patterns,5.333333333333333,179.625,7.96346006663897,4.0,substantial
Synthetic_00596,generated,rheumatology,RR,12,2004,16,69.15,0.3445,30.36,1.737,0.032,41776,Generated based on literature patterns,0.75,3481.3333333333335,10.64007729093891,3.4641016151377544,substantial
Synthetic_00597,generated,gastroenterology,OR,18,2008,3,27.85,0.0588,20.15,1.376,0.05,8921,Generated based on literature patterns,6.0,495.6111111111111,9.096163326913784,4.242640687119285,moderate
Synthetic_00598,generated,oncology,HR,8,2015,8,69.67,0.1703,24.46,0.45,0.096,3712,Generated based on literature patterns,1.0,464.0,8.21932609390609,2.8284271247461903,substantial
Synthetic_00599,generated,nephrology,HR,10,2013,6,34.06,0.1309,25.69,0.618,0.265,846,Generated based on literature patterns,1.6666666666666667,84.6,6.740519359606223,3.1622776601683795,moderate
Synthetic_00600,generated,oncology,SMD,10,1995,7,1.06,0.0248,3.84,0.471,0.028,32514,Generated based on literature patterns,1.4285714285714286,3251.4,10.389426044794169,3.1622776601683795,low
Synthetic_00601,generated,oncology,OR,9,2024,7,62.45,0.2965,23.15,0.446,0.055,15343,Generated based on literature patterns,1.2857142857142858,1704.7777777777778,9.638414622945206,3.0,substantial
Synthetic_00602,generated,neurology,SMD,14,2009,10,42.75,0.0618,26.89,0.63,0.248,2195,Generated based on literature patterns,1.4,156.78571428571428,7.693937325509272,3.7416573867739413,moderate
Synthetic_00603,generated,endocrinology,SMD,16,2010,27,3.29,0.0393,34.59,-0.048,0.462,100,Generated based on literature patterns,0.5925925925925926,6.25,4.605170185988092,4.0,low
Synthetic_00604,generated,dermatology,OR,9,2018,7,3.42,0.0122,6.75,0.814,0.334,100,Generated based on literature patterns,1.2857142857142858,11.11111111111111,4.605170185988092,3.0,low
Synthetic_00605,generated,urology,RR,8,2017,11,6.22,0.007,5.81,0.669,0.017,53358,Generated based on literature patterns,0.7272727272727273,6669.75,10.884779198627696,2.8284271247461903,low
Synthetic_00606,generated,ophthalmology,RR,5,2022,21,38.47,0.0741,10.54,1.728,0.052,10094,Generated based on literature patterns,0.23809523809523808,2018.8,9.219696466900208,2.23606797749979,moderate
Synthetic_00607,generated,oncology,HR,24,2013,3,44.28,0.1599,41.15,1.46,0.024,138342,Generated based on literature patterns,8.0,5764.25,11.837484159184669,4.898979485566356,moderate
Synthetic_00608,generated,neurology,MD,18,2011,30,65.52,1.8319,65.58,-0.135,0.756,221,Generated based on literature patterns,0.6,12.277777777777779,5.3981627015177525,4.242640687119285,substantial
Synthetic_00609,generated,psychiatry,HR,9,2017,9,43.96,0.1291,18.16,0.578,0.812,162,Generated based on literature patterns,1.0,18.0,5.087596335232384,3.0,moderate
Synthetic_00610,generated,oncology,OR,41,2012,10,83.02,0.2138,261.22,0.573,0.286,1051,Generated based on literature patterns,4.1,25.634146341463413,6.957497370876951,6.4031242374328485,high
Synthetic_00611,generated,psychiatry,MD,26,2011,22,60.59,1.1659,83.27,0.41,0.315,748,Generated based on literature patterns,1.1818181818181819,28.76923076923077,6.617402977974478,5.0990195135927845,substantial
Synthetic_00612,generated,dermatology,HR,28,2006,3,6.88,0.0375,30.54,1.329,0.55,139,Generated based on literature patterns,9.333333333333334,4.964285714285714,4.9344739331306915,5.291502622129181,low
Synthetic_00613,generated,pulmonology,OR,13,1999,9,37.93,0.0758,17.85,1.634,0.117,1274,Generated based on literature patterns,1.4444444444444444,98.0,7.149916836132109,3.605551275463989,moderate
Synthetic_00614,generated,infectious_disease,SMD,7,2021,3,63.38,0.4249,21.93,0.167,0.043,42322,Generated based on literature patterns,2.3333333333333335,6046.0,10.653062324394716,2.6457513110645907,substantial
Synthetic_00615,generated,ophthalmology,SMD,27,2007,6,91.41,0.3342,330.46,-0.073,0.315,1970,Generated based on literature patterns,4.5,72.96296296296296,7.585788821732034,5.196152422706632,high
Synthetic_00616,generated,psychiatry,HR,5,2013,13,36.92,0.1381,6.68,1.145,0.111,5553,Generated based on literature patterns,0.38461538461538464,1110.6,8.622093601241607,2.23606797749979,moderate
Synthetic_00617,generated,nephrology,RR,5,2005,9,9.36,0.0275,6.78,0.687,0.1,4556,Generated based on literature patterns,0.5555555555555556,911.2,8.424200324567073,2.23606797749979,low
Synthetic_00618,generated,psychiatry,RR,13,2014,3,81.16,0.2512,96.45,1.44,0.357,492,Generated based on literature patterns,4.333333333333333,37.84615384615385,6.198478716492308,3.605551275463989,high
Synthetic_00619,generated,psychiatry,OR,12,2018,28,1.81,0.019,9.51,1.362,0.254,178,Generated based on literature patterns,0.42857142857142855,14.833333333333334,5.181783550292085,3.4641016151377544,low
Synthetic_00620,generated,neurology,HR,16,2011,3,54.24,0.1507,33.72,0.807,0.074,17399,Generated based on literature patterns,5.333333333333333,1087.4375,9.764168012286715,4.0,substantial
Synthetic_00621,generated,endocrinology,HR,26,2009,3,38.98,0.0826,28.91,0.438,0.422,562,Generated based on literature patterns,8.666666666666666,21.615384615384617,6.331501849893691,5.0990195135927845,moderate
Synthetic_00622,generated,cardiology,OR,10,2013,4,40.7,0.0962,15.76,0.937,0.18,1932,Generated based on literature patterns,2.5,193.2,7.566311014772463,3.1622776601683795,moderate
Synthetic_00623,generated,pulmonology,HR,8,2004,3,68.34,0.2536,24.13,0.814,0.124,2353,Generated based on literature patterns,2.6666666666666665,294.125,7.763446388727362,2.8284271247461903,substantial
Synthetic_00624,generated,cardiology,SMD,6,2005,30,64.48,0.3093,16.99,-0.427,0.109,4005,Generated based on literature patterns,0.2,667.5,8.29529885950246,2.449489742783178,substantial
Synthetic_00625,generated,gastroenterology,SMD,7,2019,9,8.65,0.0206,2.34,0.413,0.218,550,Generated based on literature patterns,0.7777777777777778,78.57142857142857,6.309918278226516,2.6457513110645907,low
Synthetic_00626,generated,cardiology,OR,10,2001,3,37.22,0.0969,13.62,0.855,0.093,6558,Generated based on literature patterns,3.3333333333333335,655.8,8.788440957404594,3.1622776601683795,moderate
Synthetic_00627,generated,neurology,HR,18,2019,11,7.23,0.0161,18.97,0.385,0.066,7185,Generated based on literature patterns,1.6363636363636365,399.1666666666667,8.879750798513125,4.242640687119285,low
Synthetic_00628,generated,pulmonology,SMD,6,2022,7,8.3,0.0933,13.9,-0.534,0.136,1726,Generated based on literature patterns,0.8571428571428571,287.6666666666667,7.453561871643373,2.449489742783178,low
Synthetic_00629,generated,gastroenterology,COR,9,2011,5,31.58,0.2581,7.84,-0.058,0.142,2160,Generated based on literature patterns,1.8,240.0,7.67786350067821,3.0,moderate
Synthetic_00630,generated,dermatology,MD,11,2010,14,1.91,0.0459,12.21,-0.092,0.148,420,Generated based on literature patterns,0.7857142857142857,38.18181818181818,6.040254711277414,3.3166247903554,low
Synthetic_00631,generated,ophthalmology,HR,21,2024,4,30.28,0.0749,32.48,1.363,0.146,3190,Generated based on literature patterns,5.25,151.9047619047619,8.06777619577889,4.58257569495584,moderate
Synthetic_00632,generated,rheumatology,COR,8,2010,4,30.15,0.5766,11.01,0.208,0.081,3649,Generated based on literature patterns,2.0,456.125,8.202208436436448,2.8284271247461903,moderate
Synthetic_00633,generated,neurology,SMD,10,2011,6,77.64,0.6483,37.89,0.484,0.125,3765,Generated based on literature patterns,1.6666666666666667,376.5,8.233503140233994,3.1622776601683795,high
Synthetic_00634,generated,urology,SMD,5,2010,13,3.39,0.0238,3.5,0.256,0.054,3406,Generated based on literature patterns,0.38461538461538464,681.2,8.133293861222633,2.23606797749979,low
Synthetic_00635,generated,nephrology,OR,24,2005,13,37.88,0.0881,34.05,0.519,0.083,7848,Generated based on literature patterns,1.8461538461538463,327.0,8.9680140012452,4.898979485566356,moderate
Synthetic_00636,generated,cardiology,MD,28,2018,3,33.1,0.4169,39.91,0.605,0.391,300,Generated based on literature patterns,9.333333333333334,10.714285714285714,5.703782474656201,5.291502622129181,moderate
Synthetic_00637,generated,dermatology,COR,29,2011,4,56.24,0.9658,60.5,-0.29,0.107,5145,Generated based on literature patterns,7.25,177.41379310344828,8.545780648268149,5.385164807134504,substantial
Synthetic_00638,generated,rheumatology,SMD,9,2004,5,54.8,0.1651,23.4,0.448,0.049,11065,Generated based on literature patterns,1.8,1229.4444444444443,9.31154225248515,3.0,substantial
Synthetic_00639,generated,infectious_disease,OR,7,2013,5,29.15,0.097,5.76,0.865,0.202,299,Generated based on literature patterns,1.4,42.714285714285715,5.700443573390687,2.6457513110645907,moderate
Synthetic_00640,generated,immunology,HR,9,2012,11,60.54,0.178,13.47,0.732,0.143,6310,Generated based on literature patterns,0.8181818181818182,701.1111111111111,8.749890955535259,3.0,substantial
Synthetic_00641,generated,ophthalmology,RR,10,2011,6,36.75,0.0801,17.52,0.613,0.171,2626,Generated based on literature patterns,1.6666666666666667,262.6,7.873217054862741,3.1622776601683795,moderate
Synthetic_00642,generated,dermatology,RR,17,2014,6,69.01,0.4947,42.15,0.607,0.099,6865,Generated based on literature patterns,2.8333333333333335,403.8235294117647,8.834191318202071,4.123105625617661,substantial
Synthetic_00643,generated,cardiology,COR,28,2015,3,78.34,0.9383,141.98,-0.069,0.083,9485,Generated based on literature patterns,9.333333333333334,338.75,9.157466882369114,5.291502622129181,high
Synthetic_00644,generated,oncology,OR,11,2010,6,35.35,0.1253,11.23,0.491,0.579,100,Generated based on literature patterns,1.8333333333333333,9.090909090909092,4.605170185988092,3.3166247903554,moderate
Synthetic_00645,generated,cardiology,OR,49,2021,5,31.98,0.0358,77.99,0.953,0.138,866,Generated based on literature patterns,9.8,17.6734693877551,6.763884908562435,7.0,moderate
Synthetic_00646,generated,dermatology,HR,6,2018,3,1.7,0.0245,4.9,0.987,0.436,204,Generated based on literature patterns,2.0,34.0,5.318119993844216,2.449489742783178,low
Synthetic_00647,generated,rheumatology,RR,8,2009,8,3.51,0.0181,21.92,0.546,0.047,22177,Generated based on literature patterns,1.0,2772.125,10.00681099476803,2.8284271247461903,low
Synthetic_00648,generated,infectious_disease,OR,27,2001,15,1.46,0.0152,23.41,0.675,0.081,2810,Generated based on literature patterns,1.8,104.07407407407408,7.940939762327791,5.196152422706632,low
Synthetic_00649,generated,nephrology,MD,12,2018,3,2.66,0.0646,7.48,3.574,0.033,16993,Generated based on literature patterns,4.0,1416.0833333333333,9.740556773534106,3.4641016151377544,low
Synthetic_00650,generated,infectious_disease,HR,29,2019,3,33.62,0.0746,40.24,1.075,0.44,307,Generated based on literature patterns,9.666666666666666,10.586206896551724,5.726847747587197,5.385164807134504,moderate
Synthetic_00651,generated,cardiology,RR,9,2003,4,78.74,0.1404,63.43,1.155,0.264,1246,Generated based on literature patterns,2.25,138.44444444444446,7.1276936993473985,3.0,high
Synthetic_00652,generated,nephrology,COR,12,2015,6,4.92,0.0951,13.36,0.248,0.133,2935,Generated based on literature patterns,2.0,244.58333333333334,7.984462732262196,3.4641016151377544,low
Synthetic_00653,generated,cardiology,OR,9,2003,17,69.51,0.1102,22.13,0.972,0.129,6725,Generated based on literature patterns,0.5294117647058824,747.2222222222222,8.81358720447004,3.0,substantial
Synthetic_00654,generated,infectious_disease,MD,5,2012,15,41.65,0.8149,15.27,3.818,0.182,539,Generated based on literature patterns,0.3333333333333333,107.8,6.289715570908998,2.23606797749979,moderate
Synthetic_00655,generated,infectious_disease,COR,10,2013,19,59.26,0.8503,24.83,0.009,0.198,1315,Generated based on literature patterns,0.5263157894736842,131.5,7.181591944611865,3.1622776601683795,substantial
Synthetic_00656,generated,infectious_disease,SMD,14,2016,11,79.99,0.6123,62.71,-0.198,0.283,1099,Generated based on literature patterns,1.2727272727272727,78.5,7.002155954403621,3.7416573867739413,high
Synthetic_00657,generated,neurology,SMD,28,2020,3,3.33,0.0199,27.72,1.002,0.385,100,Generated based on literature patterns,9.333333333333334,3.5714285714285716,4.605170185988092,5.291502622129181,low
Synthetic_00658,generated,psychiatry,OR,5,2018,3,32.27,0.0609,15.37,1.233,0.184,1780,Generated based on literature patterns,1.6666666666666667,356.0,7.484368643286131,2.23606797749979,moderate
Synthetic_00659,generated,urology,COR,5,2007,8,4.94,0.1223,3.48,0.187,0.119,5180,Generated based on literature patterns,0.625,1036.0,8.55256033525353,2.23606797749979,low
Synthetic_00660,generated,neurology,RR,5,2009,4,41.9,0.0622,4.89,1.288,0.211,1391,Generated based on literature patterns,1.25,278.2,7.237778191923443,2.23606797749979,moderate
Synthetic_00661,generated,neurology,HR,16,2017,13,78.6,0.3467,72.55,1.278,0.153,1871,Generated based on literature patterns,1.2307692307692308,116.9375,7.534228326274089,4.0,high
Synthetic_00662,generated,immunology,MD,10,2008,6,35.53,0.2247,23.93,-0.589,0.061,10586,Generated based on literature patterns,1.6666666666666667,1058.6,9.267287652417933,3.1622776601683795,moderate
Synthetic_00663,generated,rheumatology,COR,16,2016,5,89.98,1.5172,188.11,0.314,0.115,5487,Generated based on literature patterns,3.2,342.9375,8.610136937058975,4.0,high
Synthetic_00664,generated,pulmonology,OR,15,2011,12,87.51,0.4685,92.97,0.886,0.305,1096,Generated based on literature patterns,1.25,73.06666666666666,6.999422467507961,3.872983346207417,high
Synthetic_00665,generated,psychiatry,RR,5,2024,3,66.27,0.193,21.21,0.498,0.267,1895,Generated based on literature patterns,1.6666666666666667,379.0,7.546974117516527,2.23606797749979,substantial
Synthetic_00666,generated,psychiatry,COR,11,2019,6,79.34,2.3084,60.38,0.413,0.376,526,Generated based on literature patterns,1.8333333333333333,47.81818181818182,6.26530121273771,3.3166247903554,high
Synthetic_00667,generated,rheumatology,COR,6,2010,26,79.51,0.4624,36.68,-0.075,0.084,7990,Generated based on literature patterns,0.23076923076923078,1331.6666666666667,8.98594603876032,2.449489742783178,high
Synthetic_00668,generated,infectious_disease,COR,12,2023,17,56.77,2.6703,23.14,-0.119,0.142,1338,Generated based on literature patterns,0.7058823529411765,111.5,7.198931240688173,3.4641016151377544,substantial
Synthetic_00669,generated,immunology,SMD,15,2014,11,30.73,0.1046,11.68,0.164,0.261,399,Generated based on literature patterns,1.3636363636363635,26.6,5.988961416889864,3.872983346207417,moderate
Synthetic_00670,generated,immunology,RR,19,2008,7,82.35,0.2585,108.01,0.841,0.413,537,Generated based on literature patterns,2.7142857142857144,28.263157894736842,6.285998094508865,4.358898943540674,high
Synthetic_00671,generated,neurology,OR,47,2007,4,9.81,0.0403,63.09,0.61,0.184,1092,Generated based on literature patterns,11.75,23.23404255319149,6.9957661563048505,6.855654600401044,low
Synthetic_00672,generated,nephrology,OR,44,2009,12,66.42,0.1262,113.72,1.125,0.112,6495,Generated based on literature patterns,3.6666666666666665,147.61363636363637,8.7787879291047,6.6332495807108,substantial
Synthetic_00673,generated,gastroenterology,SMD,5,2021,12,54.87,0.4321,4.77,-0.152,0.188,710,Generated based on literature patterns,0.4166666666666667,142.0,6.565264970035361,2.23606797749979,substantial
Synthetic_00674,generated,cardiology,MD,14,1997,7,68.51,1.6139,43.43,-2.631,0.076,11042,Generated based on literature patterns,2.0,788.7142857142857,9.30946146284399,3.7416573867739413,substantial
Synthetic_00675,generated,gastroenterology,COR,18,2017,9,77.97,0.458,88.61,-0.281,0.034,59633,Generated based on literature patterns,2.0,3312.9444444444443,10.995964391098154,4.242640687119285,high
Synthetic_00676,generated,infectious_disease,MD,6,2002,7,38.43,0.8052,8.96,-0.591,0.355,524,Generated based on literature patterns,0.8571428571428571,87.33333333333333,6.261491684321042,2.449489742783178,moderate
Synthetic_00677,generated,infectious_disease,OR,11,2010,3,47.96,0.1075,12.09,0.672,0.102,4517,Generated based on literature patterns,3.6666666666666665,410.6363636363636,8.415603335654604,3.3166247903554,moderate
Synthetic_00678,generated,cardiology,COR,16,2008,8,45.5,0.6407,25.78,-0.415,0.152,3237,Generated based on literature patterns,2.0,202.3125,8.082402253926244,4.0,moderate
Synthetic_00679,generated,immunology,COR,19,2000,3,30.4,0.4515,30.95,-0.045,0.212,1759,Generated based on literature patterns,6.333333333333333,92.57894736842105,7.472500744737558,4.358898943540674,moderate
Synthetic_00680,generated,dermatology,RR,5,2010,12,3.01,0.0058,2.28,0.36,0.025,27275,Generated based on literature patterns,0.4166666666666667,5455.0,10.213725810701272,2.23606797749979,low
Synthetic_00681,generated,urology,SMD,13,2014,3,3.7,0.0348,7.39,0.578,0.112,1506,Generated based on literature patterns,4.333333333333333,115.84615384615384,7.317212408359839,3.605551275463989,low
Synthetic_00682,generated,infectious_disease,OR,41,2014,5,46.2,0.1379,69.27,1.064,0.067,7219,Generated based on literature patterns,8.2,176.0731707317073,8.88447171813916,6.4031242374328485,moderate
Synthetic_00683,generated,dermatology,MD,24,2012,5,45.12,0.3781,44.93,0.651,0.14,2760,Generated based on literature patterns,4.8,115.0,7.9229859587111955,4.898979485566356,moderate
Synthetic_00684,generated,gastroenterology,RR,36,2012,30,2.2,0.015,39.65,0.967,0.504,100,Generated based on literature patterns,1.2,2.7777777777777777,4.605170185988092,6.0,low
Synthetic_00685,generated,ophthalmology,MD,13,2005,9,66.48,1.5801,41.12,2.854,0.664,177,Generated based on literature patterns,1.4444444444444444,13.615384615384615,5.176149732573829,3.605551275463989,substantial
Synthetic_00686,generated,ophthalmology,HR,13,2011,6,56.89,0.0688,32.66,0.395,0.4,306,Generated based on literature patterns,2.1666666666666665,23.53846153846154,5.723585101952381,3.605551275463989,substantial
Synthetic_00687,generated,oncology,MD,8,2007,12,4.79,0.1412,9.4,-1.146,0.131,2474,Generated based on literature patterns,0.6666666666666666,309.25,7.813591552952433,2.8284271247461903,low
Synthetic_00688,generated,urology,RR,9,2008,17,26.9,0.0374,10.56,1.069,0.115,4551,Generated based on literature patterns,0.5294117647058824,505.6666666666667,8.423102268016642,3.0,moderate
Synthetic_00689,generated,pulmonology,COR,5,2018,5,79.26,0.9731,15.58,0.206,0.197,1264,Generated based on literature patterns,1.0,252.8,7.142036574706803,2.23606797749979,high
Synthetic_00690,generated,oncology,RR,8,2015,21,86.87,0.2668,61.54,0.77,0.222,2617,Generated based on literature patterns,0.38095238095238093,327.125,7.869783902530146,2.8284271247461903,high
Synthetic_00691,generated,urology,HR,29,2012,13,41.85,0.0654,42.16,0.861,0.142,2763,Generated based on literature patterns,2.230769230769231,95.27586206896552,7.924072324923417,5.385164807134504,moderate
Synthetic_00692,generated,neurology,HR,5,2020,8,82.09,0.4176,24.57,0.774,0.568,228,Generated based on literature patterns,0.625,45.6,5.429345628954441,2.23606797749979,high
Synthetic_00693,generated,endocrinology,SMD,8,2021,14,55.53,0.5749,12.6,0.349,0.549,215,Generated based on literature patterns,0.5714285714285714,26.875,5.3706380281276624,2.8284271247461903,substantial
Synthetic_00694,generated,rheumatology,COR,16,2010,11,47.43,0.8245,23.42,0.322,0.033,36845,Generated based on literature patterns,1.4545454545454546,2302.8125,10.5144752032011,4.0,moderate
Synthetic_00695,generated,psychiatry,HR,28,2018,11,67.55,0.1347,111.42,0.457,0.163,3089,Generated based on literature patterns,2.5454545454545454,110.32142857142857,8.035602692918582,5.291502622129181,substantial
Synthetic_00696,generated,neurology,MD,5,1999,6,58.58,1.1756,10.23,0.784,0.049,12720,Generated based on literature patterns,0.8333333333333334,2544.0,9.450930836894113,2.23606797749979,substantial
Synthetic_00697,generated,neurology,SMD,18,2014,4,13.43,0.1024,10.47,0.171,0.131,1395,Generated based on literature patterns,4.5,77.5,7.240649694255466,4.242640687119285,low
Synthetic_00698,generated,immunology,RR,22,2006,12,7.02,0.0121,23.23,1.171,0.305,348,Generated based on literature patterns,1.8333333333333333,15.818181818181818,5.8522024797744745,4.69041575982343,low
Synthetic_00699,generated,rheumatology,MD,26,1997,7,4.96,0.2338,33.92,-0.878,0.268,283,Generated based on literature patterns,3.7142857142857144,10.884615384615385,5.645446897643238,5.0990195135927845,low
Synthetic_00700,generated,rheumatology,OR,21,2011,8,1.54,0.0273,21.08,0.594,0.077,4827,Generated based on literature patterns,2.625,229.85714285714286,8.481980435660493,4.58257569495584,low
Synthetic_00701,generated,pulmonology,RR,11,2005,13,3.86,0.0124,8.76,1.159,0.103,7468,Generated based on literature patterns,0.8461538461538461,678.9090909090909,8.918382504661613,3.3166247903554,low
Synthetic_00702,generated,nephrology,MD,13,2010,4,81.36,1.4482,84.63,-1.342,0.133,2165,Generated based on literature patterns,3.25,166.53846153846155,7.68017564043659,3.605551275463989,high
Synthetic_00703,generated,psychiatry,RR,6,2014,3,62.04,0.0835,14.85,0.788,0.195,1365,Generated based on literature patterns,2.0,227.5,7.21890970761906,2.449489742783178,substantial
Synthetic_00704,generated,cardiology,OR,7,2015,6,6.69,0.0193,3.57,0.553,0.246,1284,Generated based on literature patterns,1.1666666666666667,183.42857142857142,7.157735484249907,2.6457513110645907,low
Synthetic_00705,generated,infectious_disease,SMD,27,2015,11,46.06,0.1523,30.16,-0.057,0.231,2353,Generated based on literature patterns,2.4545454545454546,87.14814814814815,7.763446388727362,5.196152422706632,moderate
Synthetic_00706,generated,neurology,MD,18,2013,7,53.98,0.7705,65.05,-1.685,0.267,1317,Generated based on literature patterns,2.5714285714285716,73.16666666666667,7.183111701743281,4.242640687119285,substantial
Synthetic_00707,generated,nephrology,OR,5,2003,3,57.49,0.1486,7.08,0.648,0.801,100,Generated based on literature patterns,1.6666666666666667,20.0,4.605170185988092,2.23606797749979,substantial
Synthetic_00708,generated,psychiatry,MD,13,1996,3,29.23,0.5913,15.12,0.407,0.171,850,Generated based on literature patterns,4.333333333333333,65.38461538461539,6.745236349484363,3.605551275463989,moderate
Synthetic_00709,generated,dermatology,SMD,30,1999,8,28.82,0.1509,56.27,-0.038,0.096,1982,Generated based on literature patterns,3.75,66.06666666666666,7.591861714889934,5.477225575051661,moderate
Synthetic_00710,generated,pulmonology,MD,8,2030,5,27.54,0.9921,7.64,-0.556,0.391,500,Generated based on literature patterns,1.6,62.5,6.214608098422191,2.8284271247461903,moderate
Synthetic_00711,generated,cardiology,RR,12,2007,7,60.24,0.2803,29.55,0.784,0.113,3988,Generated based on literature patterns,1.7142857142857142,332.3333333333333,8.291045131081729,3.4641016151377544,substantial
Synthetic_00712,generated,cardiology,SMD,8,2014,3,50.97,0.0989,10.57,0.186,0.053,15120,Generated based on literature patterns,2.6666666666666665,1890.0,9.623773649733524,2.8284271247461903,substantial
Synthetic_00713,generated,nephrology,OR,16,2010,25,27.54,0.1088,18.38,1.194,0.076,6576,Generated based on literature patterns,0.64,411.0,8.791181936736017,4.0,moderate
Synthetic_00714,generated,endocrinology,COR,23,2020,6,62.04,1.6151,61.8,-0.232,0.152,2702,Generated based on literature patterns,3.8333333333333335,117.47826086956522,7.9017475185201445,4.795831523312719,substantial
Synthetic_00715,generated,endocrinology,COR,7,2003,7,83.49,1.8195,59.75,-0.119,0.366,597,Generated based on literature patterns,1.0,85.28571428571429,6.391917113392602,2.6457513110645907,high
Synthetic_00716,generated,cardiology,SMD,9,2007,10,39.58,0.113,16.3,0.22,0.046,21610,Generated based on literature patterns,0.9,2401.1111111111113,9.980911449500931,3.0,moderate
Synthetic_00717,generated,rheumatology,COR,14,2006,10,2.2,0.0825,12.65,0.012,0.266,570,Generated based on literature patterns,1.4,40.714285714285715,6.345636360828596,3.7416573867739413,low
Synthetic_00718,generated,infectious_disease,RR,17,2011,5,3.49,0.0156,14.77,1.545,0.072,7312,Generated based on literature patterns,3.4,430.11764705882354,8.897272113133987,4.123105625617661,low
Synthetic_00719,generated,rheumatology,MD,22,2014,7,81.34,0.9472,106.12,-2.103,0.089,3071,Generated based on literature patterns,3.142857142857143,139.5909090909091,8.029758520440822,4.69041575982343,high
Synthetic_00720,generated,neurology,RR,15,2023,15,38.84,0.0626,27.34,0.91,0.124,3528,Generated based on literature patterns,1.0,235.2,8.168486417126681,3.872983346207417,moderate
Synthetic_00721,generated,pulmonology,SMD,11,2016,5,56.5,0.4534,14.67,0.416,0.169,2077,Generated based on literature patterns,2.2,188.8181818181818,7.638679823876112,3.3166247903554,substantial
Synthetic_00722,generated,immunology,OR,6,2022,8,84.72,0.2176,39.25,1.931,0.529,251,Generated based on literature patterns,0.75,41.833333333333336,5.5254529391317835,2.449489742783178,high
Synthetic_00723,generated,rheumatology,COR,13,2011,3,46.49,1.0176,19.29,-0.393,0.354,986,Generated based on literature patterns,4.333333333333333,75.84615384615384,6.893656354602635,3.605551275463989,moderate
Synthetic_00724,generated,ophthalmology,RR,8,2008,6,51.94,0.1884,10.4,0.937,0.26,497,Generated based on literature patterns,1.3333333333333333,62.125,6.208590026096629,2.8284271247461903,substantial
Synthetic_00725,generated,gastroenterology,MD,14,2004,11,1.82,0.0692,14.05,0.088,0.339,361,Generated based on literature patterns,1.2727272727272727,25.785714285714285,5.8888779583328805,3.7416573867739413,low
Synthetic_00726,generated,psychiatry,MD,19,2008,3,29.28,0.8328,27.78,-2.848,0.035,51884,Generated based on literature patterns,6.333333333333333,2730.7368421052633,10.856765736460563,4.358898943540674,moderate
Synthetic_00727,generated,oncology,MD,12,2020,30,68.51,0.5052,42.33,0.126,0.118,7972,Generated based on literature patterns,0.4,664.3333333333334,8.983690681332686,3.4641016151377544,substantial
Synthetic_00728,generated,infectious_disease,RR,5,2010,10,44.37,0.0883,14.2,0.776,0.204,1493,Generated based on literature patterns,0.5,298.6,7.30854279753919,2.23606797749979,moderate
Synthetic_00729,generated,cardiology,HR,8,2029,10,87.16,0.2523,51.62,1.108,0.116,1858,Generated based on literature patterns,0.8,232.25,7.527255919373784,2.8284271247461903,high
Synthetic_00730,generated,psychiatry,COR,9,2009,15,70.26,0.9271,25.29,0.098,0.146,2902,Generated based on literature patterns,0.6,322.44444444444446,7.973155433444133,3.0,substantial
Synthetic_00731,generated,oncology,COR,8,2018,14,5.51,0.1246,3.79,-0.297,0.249,309,Generated based on literature patterns,0.5714285714285714,38.625,5.733341276897746,2.8284271247461903,low
Synthetic_00732,generated,rheumatology,RR,10,2007,16,68.61,0.1127,45.29,1.221,0.133,11335,Generated based on literature patterns,0.625,1133.5,9.335650562941629,3.1622776601683795,substantial
Synthetic_00733,generated,ophthalmology,COR,15,2014,10,4.95,0.086,10.22,0.025,0.08,2335,Generated based on literature patterns,1.5,155.66666666666666,7.755767170102998,3.872983346207417,low
Synthetic_00734,generated,endocrinology,RR,26,2003,7,59.76,0.1655,44.43,0.952,0.081,11742,Generated based on literature patterns,3.7142857142857144,451.61538461538464,9.37092743662413,5.0990195135927845,substantial
Synthetic_00735,generated,urology,RR,6,2011,6,58.73,0.0616,11.82,0.959,0.061,8166,Generated based on literature patterns,1.0,1361.0,9.007734471879521,2.449489742783178,substantial
Synthetic_00736,generated,rheumatology,HR,5,2012,3,70.49,0.0843,23.37,0.566,0.354,1256,Generated based on literature patterns,1.6666666666666667,251.2,7.135687347028144,2.23606797749979,substantial
Synthetic_00737,generated,cardiology,MD,5,2017,7,66.23,0.676,8.3,-2.924,0.085,4488,Generated based on literature patterns,0.7142857142857143,897.6,8.409162447202533,2.23606797749979,substantial
Synthetic_00738,generated,rheumatology,RR,15,2011,19,3.49,0.0091,15.33,1.016,0.139,936,Generated based on literature patterns,0.7894736842105263,62.4,6.841615476477592,3.872983346207417,low
Synthetic_00739,generated,dermatology,OR,32,2017,3,2.62,0.0116,24.22,2.775,0.056,3633,Generated based on literature patterns,10.666666666666666,113.53125,8.197814032221203,5.656854249492381,low
Synthetic_00740,generated,gastroenterology,OR,28,2006,3,5.86,0.0205,23.35,0.877,0.07,6243,Generated based on literature patterns,9.333333333333334,222.96428571428572,8.739216115061744,5.291502622129181,low
Synthetic_00741,generated,ophthalmology,MD,16,2006,14,65.67,0.6228,46.08,-0.022,0.226,540,Generated based on literature patterns,1.1428571428571428,33.75,6.29156913955832,4.0,substantial
Synthetic_00742,generated,ophthalmology,SMD,9,2000,7,65.24,0.5483,36.54,-0.104,0.568,801,Generated based on literature patterns,1.2857142857142858,89.0,6.68586094706836,3.0,substantial
Synthetic_00743,generated,oncology,COR,11,2019,4,45.13,0.3385,11.56,0.17,0.07,7305,Generated based on literature patterns,2.75,664.0909090909091,8.8963143241848,3.3166247903554,moderate
Synthetic_00744,generated,immunology,MD,11,2007,25,6.59,0.1359,23.17,0.67,0.122,3346,Generated based on literature patterns,0.44,304.1818181818182,8.11552088154677,3.3166247903554,low
Synthetic_00745,generated,endocrinology,RR,10,2009,3,83.45,0.1403,49.54,1.089,0.591,504,Generated based on literature patterns,3.3333333333333335,50.4,6.222576268071369,3.1622776601683795,high
Synthetic_00746,generated,rheumatology,MD,14,2014,5,2.34,0.1428,8.92,-0.438,0.146,919,Generated based on literature patterns,2.8,65.64285714285714,6.823286122355687,3.7416573867739413,low
Synthetic_00747,generated,endocrinology,COR,22,2013,11,6.78,0.2195,30.75,0.28,0.153,3007,Generated based on literature patterns,2.0,136.6818181818182,8.008698182988528,4.69041575982343,low
Synthetic_00748,generated,dermatology,RR,27,2010,5,45.45,0.0579,48.11,0.931,0.068,10531,Generated based on literature patterns,5.4,390.037037037037,9.262078567380597,5.196152422706632,moderate
Synthetic_00749,generated,gastroenterology,MD,19,2007,15,63.94,0.8347,47.71,-2.956,0.121,3859,Generated based on literature patterns,1.2666666666666666,203.10526315789474,8.258163361537619,4.358898943540674,substantial
Synthetic_00750,generated,rheumatology,COR,22,2002,9,29.81,0.3015,44.34,-0.618,0.167,831,Generated based on literature patterns,2.4444444444444446,37.77272727272727,6.7226297948554485,4.69041575982343,moderate
Synthetic_00751,generated,dermatology,HR,9,2009,9,3.41,0.0146,2.26,0.577,0.212,1140,Generated based on literature patterns,1.0,126.66666666666667,7.038783541388542,3.0,low
Synthetic_00752,generated,neurology,HR,25,2010,22,38.05,0.2867,54.55,1.231,0.087,18669,Generated based on literature patterns,1.1363636363636365,746.76,9.834619673237327,5.0,moderate
Synthetic_00753,generated,dermatology,HR,13,2014,7,1.32,0.0199,11.08,1.97,0.171,278,Generated based on literature patterns,1.8571428571428572,21.384615384615383,5.627621113690637,3.605551275463989,low
Synthetic_00754,generated,ophthalmology,HR,9,2011,8,84.16,0.2032,56.61,1.476,0.952,100,Generated based on literature patterns,1.125,11.11111111111111,4.605170185988092,3.0,high
Synthetic_00755,generated,ophthalmology,RR,5,2011,15,48.17,0.0587,19.56,0.474,0.405,413,Generated based on literature patterns,0.3333333333333333,82.6,6.023447592961033,2.23606797749979,moderate
Synthetic_00756,generated,rheumatology,OR,10,2016,7,1.73,0.0137,8.31,1.366,0.119,337,Generated based on literature patterns,1.4285714285714286,33.7,5.820082930352362,3.1622776601683795,low
Synthetic_00757,generated,endocrinology,COR,14,2008,4,79.04,1.6608,62.08,0.105,0.465,265,Generated based on literature patterns,3.5,18.928571428571427,5.579729825986222,3.7416573867739413,high
Synthetic_00758,generated,endocrinology,HR,10,2007,8,9.22,0.0217,11.87,0.535,0.044,10334,Generated based on literature patterns,1.25,1033.4,9.24319470884713,3.1622776601683795,low
Synthetic_00759,generated,gastroenterology,HR,16,2009,3,39.73,0.2348,23.84,1.093,0.071,5224,Generated based on literature patterns,5.333333333333333,326.5,8.561018670956267,4.0,moderate
Synthetic_00760,generated,infectious_disease,MD,5,2016,14,35.15,0.6517,3.74,1.665,0.612,242,Generated based on literature patterns,0.35714285714285715,48.4,5.488937726156687,2.23606797749979,moderate
Synthetic_00761,generated,dermatology,HR,17,2012,10,71.64,0.1341,61.7,0.812,0.148,1728,Generated based on literature patterns,1.7,101.6470588235294,7.454719949364001,4.123105625617661,substantial
Synthetic_00762,generated,rheumatology,RR,8,2011,3,5.57,0.0284,7.57,0.473,0.218,516,Generated based on literature patterns,2.6666666666666665,64.5,6.246106765481563,2.8284271247461903,low
Synthetic_00763,generated,urology,OR,8,2028,12,12.15,0.0577,7.35,0.879,0.233,596,Generated based on literature patterns,0.6666666666666666,74.5,6.39024066706535,2.8284271247461903,low
Synthetic_00764,generated,gastroenterology,HR,10,2013,7,79.55,0.3553,38.08,0.595,0.274,1186,Generated based on literature patterns,1.4285714285714286,118.6,7.078341579557671,3.1622776601683795,high
Synthetic_00765,generated,ophthalmology,HR,17,2008,12,67.11,0.2082,51.31,0.669,0.365,582,Generated based on literature patterns,1.4166666666666667,34.23529411764706,6.366470447731438,4.123105625617661,substantial
Synthetic_00766,generated,dermatology,SMD,13,2024,5,78.36,0.4866,63.61,-0.091,0.311,1194,Generated based on literature patterns,2.6,91.84615384615384,7.085064293952548,3.605551275463989,high
Synthetic_00767,generated,nephrology,RR,32,2009,5,84.24,0.1995,194.33,1.122,0.158,3535,Generated based on literature patterns,6.4,110.46875,8.170468578330674,5.656854249492381,high
Synthetic_00768,generated,neurology,OR,6,2021,6,86.41,0.183,29.12,1.421,0.091,4615,Generated based on literature patterns,1.0,769.1666666666666,8.437067146936952,2.449489742783178,high
Synthetic_00769,generated,pulmonology,OR,15,2014,6,81.63,0.318,79.53,1.035,0.395,628,Generated based on literature patterns,2.5,41.86666666666667,6.4425401664681985,3.872983346207417,high
Synthetic_00770,generated,pulmonology,MD,19,2014,4,37.48,0.4541,20.4,4.273,0.423,524,Generated based on literature patterns,4.75,27.57894736842105,6.261491684321042,4.358898943540674,moderate
Synthetic_00771,generated,endocrinology,HR,23,2019,4,43.3,0.0775,41.55,1.477,0.122,5292,Generated based on literature patterns,5.75,230.08695652173913,8.573951525234847,4.795831523312719,moderate
Synthetic_00772,generated,infectious_disease,COR,16,2017,26,44.5,0.819,28.21,0.266,0.136,1170,Generated based on literature patterns,0.6153846153846154,73.125,7.064759027791802,4.0,moderate
Synthetic_00773,generated,cardiology,COR,15,2017,11,35.03,1.3675,37.11,-0.166,0.086,6842,Generated based on literature patterns,1.3636363636363635,456.1333333333333,8.830835365537549,3.872983346207417,moderate
Synthetic_00774,generated,rheumatology,MD,5,2032,3,59.74,0.9358,8.31,-3.526,0.192,1476,Generated based on literature patterns,1.6666666666666667,295.2,7.297091005160418,2.23606797749979,substantial
Synthetic_00775,generated,oncology,HR,12,1999,3,79.62,0.3658,49.37,0.56,0.053,11616,Generated based on literature patterns,4.0,968.0,9.360138737064577,3.4641016151377544,high
Synthetic_00776,generated,immunology,OR,52,2013,6,76.09,0.1043,182.08,0.988,0.038,34360,Generated based on literature patterns,8.666666666666666,660.7692307692307,10.444648376098192,7.211102550927978,high
Synthetic_00777,generated,immunology,SMD,22,2021,3,3.0,0.0488,16.36,0.09,0.014,39215,Generated based on literature patterns,7.333333333333333,1782.5,10.576814605646767,4.69041575982343,low
Synthetic_00778,generated,infectious_disease,MD,16,2029,3,31.9,0.3262,16.1,1.003,0.281,100,Generated based on literature patterns,5.333333333333333,6.25,4.605170185988092,4.0,moderate
Synthetic_00779,generated,infectious_disease,COR,9,2011,7,3.11,0.0228,3.83,-0.064,0.318,257,Generated based on literature patterns,1.2857142857142858,28.555555555555557,5.54907608489522,3.0,low
Synthetic_00780,generated,urology,COR,32,2016,4,1.99,0.1828,64.31,0.463,0.18,1154,Generated based on literature patterns,8.0,36.0625,7.050989447068045,5.656854249492381,low
Synthetic_00781,generated,psychiatry,OR,11,2009,6,82.75,0.4018,52.3,1.697,0.322,604,Generated based on literature patterns,1.8333333333333333,54.90909090909091,6.403574197934815,3.3166247903554,high
Synthetic_00782,generated,cardiology,SMD,18,2009,5,4.33,0.0384,29.72,-0.134,0.044,12483,Generated based on literature patterns,3.6,693.5,9.432122997651051,4.242640687119285,low
Synthetic_00783,generated,neurology,SMD,6,2008,8,10.49,0.0506,2.56,-0.385,0.079,11723,Generated based on literature patterns,0.75,1953.8333333333333,9.369308003071827,2.449489742783178,low
Synthetic_00784,generated,urology,RR,7,2010,14,34.28,0.1103,27.69,1.65,0.161,886,Generated based on literature patterns,0.5,126.57142857142857,6.786716950605081,2.6457513110645907,moderate
Synthetic_00785,generated,oncology,COR,18,2011,8,82.24,2.2673,94.4,0.46,0.804,252,Generated based on literature patterns,2.25,14.0,5.529429087511423,4.242640687119285,high
Synthetic_00786,generated,psychiatry,MD,11,2013,6,40.83,0.9304,17.93,-3.876,0.054,11568,Generated based on literature patterns,1.8333333333333333,1051.6363636363637,9.355997944398545,3.3166247903554,moderate
Synthetic_00787,generated,cardiology,MD,6,2008,5,56.84,1.5039,25.38,-0.998,0.067,15611,Generated based on literature patterns,1.2,2601.8333333333335,9.655731072956666,2.449489742783178,substantial
Synthetic_00788,generated,dermatology,SMD,16,2005,5,68.96,0.2688,50.11,-1.422,0.053,30974,Generated based on literature patterns,3.2,1935.875,10.340903421876119,4.0,substantial
Synthetic_00789,generated,gastroenterology,OR,24,2017,10,69.4,0.2012,76.45,0.771,0.084,8559,Generated based on literature patterns,2.4,356.625,9.05473863988161,4.898979485566356,substantial
Synthetic_00790,generated,gastroenterology,SMD,15,2009,13,66.94,0.2673,42.71,0.734,0.119,7806,Generated based on literature patterns,1.1538461538461537,520.4,8.96264794774056,3.872983346207417,substantial
Synthetic_00791,generated,neurology,SMD,12,2004,5,39.64,0.1566,25.4,0.203,0.335,460,Generated based on literature patterns,2.4,38.333333333333336,6.131226489483141,3.4641016151377544,moderate
Synthetic_00792,generated,psychiatry,MD,12,2015,6,36.5,1.2425,21.69,-2.104,0.093,3360,Generated based on literature patterns,2.0,280.0,8.11969625295725,3.4641016151377544,moderate
Synthetic_00793,generated,immunology,SMD,6,2010,10,83.88,0.3633,26.12,0.504,0.072,6586,Generated based on literature patterns,0.6,1097.6666666666667,8.792701462936309,2.449489742783178,high
Synthetic_00794,generated,pulmonology,HR,15,2005,6,33.63,0.0605,22.4,0.688,0.143,2562,Generated based on literature patterns,2.5,170.8,7.848543482456679,3.872983346207417,moderate
Synthetic_00795,generated,gastroenterology,OR,23,2009,4,4.43,0.0072,11.68,0.868,0.03,56542,Generated based on literature patterns,5.75,2458.3478260869565,10.94273900380909,4.795831523312719,low
Synthetic_00796,generated,immunology,RR,5,2010,3,76.25,0.1562,18.9,0.828,0.356,291,Generated based on literature patterns,1.6666666666666667,58.2,5.673323267171493,2.23606797749979,high
Synthetic_00797,generated,dermatology,HR,15,2022,3,81.25,0.3542,74.86,0.956,0.497,964,Generated based on literature patterns,5.0,64.26666666666667,6.871091294610546,3.872983346207417,high
Synthetic_00798,generated,ophthalmology,RR,13,2009,9,60.85,0.1366,34.59,1.093,0.07,7812,Generated based on literature patterns,1.4444444444444444,600.9230769230769,8.96341629199657,3.605551275463989,substantial
Synthetic_00799,generated,dermatology,COR,8,2007,21,41.72,0.7652,10.6,0.008,0.183,1127,Generated based on literature patterns,0.38095238095238093,140.875,7.027314514039777,2.8284271247461903,moderate
Synthetic_00800,generated,psychiatry,OR,20,2015,8,5.25,0.0121,19.92,1.134,0.157,995,Generated based on literature patterns,2.5,49.75,6.902742737158593,4.47213595499958,low
Synthetic_00801,generated,rheumatology,MD,5,2001,3,42.62,0.4824,9.49,-2.126,0.163,1365,Generated based on literature patterns,1.6666666666666667,273.0,7.21890970761906,2.23606797749979,moderate
Synthetic_00802,generated,endocrinology,COR,19,2010,3,44.35,0.9349,21.74,0.608,0.209,932,Generated based on literature patterns,6.333333333333333,49.05263157894737,6.837332814685591,4.358898943540674,moderate
Synthetic_00803,generated,infectious_disease,HR,6,2014,11,10.49,0.056,12.12,0.717,0.318,147,Generated based on literature patterns,0.5454545454545454,24.5,4.990432586778736,2.449489742783178,low
Synthetic_00804,generated,rheumatology,OR,26,2009,5,40.63,0.2041,46.47,0.553,0.262,743,Generated based on literature patterns,5.2,28.576923076923077,6.610696044717759,5.0990195135927845,moderate
Synthetic_00805,generated,psychiatry,MD,26,2009,4,57.84,1.7223,52.55,3.075,0.301,1259,Generated based on literature patterns,6.5,48.42307692307692,7.138073034044347,5.0990195135927845,substantial
Synthetic_00806,generated,neurology,MD,23,2010,10,41.62,0.3263,51.51,-5.817,0.078,12812,Generated based on literature patterns,2.3,557.0434782608696,9.458137510729049,4.795831523312719,moderate
Synthetic_00807,generated,cardiology,OR,5,2013,9,60.57,0.0736,14.68,2.167,0.138,4421,Generated based on literature patterns,0.5555555555555556,884.2,8.394121193826242,2.23606797749979,substantial
Synthetic_00808,generated,nephrology,COR,27,2016,5,48.52,1.1115,65.61,-0.027,0.051,10300,Generated based on literature patterns,5.4,381.48148148148147,9.239899174217728,5.196152422706632,moderate
Synthetic_00809,generated,infectious_disease,MD,18,2014,10,0.55,0.0329,17.24,-4.924,0.086,3408,Generated based on literature patterns,1.8,189.33333333333334,8.133880887949207,4.242640687119285,low
Synthetic_00810,generated,nephrology,RR,10,2008,20,7.42,0.0249,16.65,0.679,0.158,2012,Generated based on literature patterns,0.5,201.2,7.60688453121963,3.1622776601683795,low
Synthetic_00811,generated,psychiatry,COR,9,2015,15,1.79,0.043,8.6,-0.086,0.18,728,Generated based on literature patterns,0.6,80.88888888888889,6.590301048196686,3.0,low
Synthetic_00812,generated,urology,MD,20,2001,6,2.58,0.0342,16.63,-2.155,0.116,1496,Generated based on literature patterns,3.3333333333333335,74.8,7.310550158534422,4.47213595499958,low
Synthetic_00813,generated,immunology,HR,7,2017,3,11.92,0.0449,7.71,1.597,0.019,67548,Generated based on literature patterns,2.3333333333333335,9649.714285714286,11.120593735252028,2.6457513110645907,low
Synthetic_00814,generated,immunology,HR,7,2015,8,84.3,0.5091,40.38,1.21,0.14,4480,Generated based on literature patterns,0.875,640.0,8.40737832540903,2.6457513110645907,high
Synthetic_00815,generated,nephrology,OR,10,2001,7,62.83,0.2066,25.27,1.891,0.257,1349,Generated based on literature patterns,1.4285714285714286,134.9,7.207118856207756,3.1622776601683795,substantial
Synthetic_00816,generated,gastroenterology,MD,12,2015,12,80.9,2.0685,70.76,1.692,0.045,10101,Generated based on literature patterns,1.0,841.75,9.220389707829185,3.4641016151377544,high
Synthetic_00817,generated,neurology,COR,8,2015,5,34.01,0.3842,14.07,0.291,0.281,481,Generated based on literature patterns,1.6,60.125,6.175867270105761,2.8284271247461903,moderate
Synthetic_00818,generated,psychiatry,RR,5,2010,10,38.28,0.1398,7.09,0.501,0.252,556,Generated based on literature patterns,0.5,111.2,6.320768294250582,2.23606797749979,moderate
Synthetic_00819,generated,cardiology,OR,17,2023,4,54.05,0.1626,39.19,1.228,0.227,728,Generated based on literature patterns,4.25,42.8235294117647,6.590301048196686,4.123105625617661,substantial
Synthetic_00820,generated,cardiology,COR,5,2010,11,1.98,0.1572,14.88,0.01,0.112,3539,Generated based on literature patterns,0.45454545454545453,707.8,8.171599480345463,2.23606797749979,low
Synthetic_00821,generated,cardiology,SMD,10,2002,3,3.34,0.0585,9.78,-0.209,0.191,896,Generated based on literature patterns,3.3333333333333335,89.6,6.79794041297493,3.1622776601683795,low
Synthetic_00822,generated,neurology,RR,9,2008,10,33.98,0.0801,25.67,0.929,0.258,385,Generated based on literature patterns,0.9,42.77777777777778,5.953243334287785,3.0,moderate
Synthetic_00823,generated,ophthalmology,COR,6,2010,13,34.81,1.3176,9.86,-0.278,0.088,4507,Generated based on literature patterns,0.46153846153846156,751.1666666666666,8.413387022690648,2.449489742783178,moderate
Synthetic_00824,generated,ophthalmology,OR,8,2019,24,80.21,0.2033,46.59,0.598,0.177,2079,Generated based on literature patterns,0.3333333333333333,259.875,7.639642287858013,2.8284271247461903,high
Synthetic_00825,generated,oncology,COR,69,2012,11,31.18,0.3307,94.29,-0.024,0.086,3643,Generated based on literature patterns,6.2727272727272725,52.79710144927536,8.200562797008564,8.306623862918075,moderate
Synthetic_00826,generated,neurology,COR,5,2009,9,40.88,0.3054,15.37,0.135,0.252,853,Generated based on literature patterns,0.5555555555555556,170.6,6.748759547491679,2.23606797749979,moderate
Synthetic_00827,generated,endocrinology,COR,10,2006,3,29.94,1.1507,28.65,0.322,0.333,577,Generated based on literature patterns,3.3333333333333335,57.7,6.3578422665081,3.1622776601683795,moderate
Synthetic_00828,generated,urology,SMD,7,2004,17,7.21,0.1909,3.27,0.035,0.106,2308,Generated based on literature patterns,0.4117647058823529,329.7142857142857,7.744136627627991,2.6457513110645907,low
Synthetic_00829,generated,nephrology,COR,8,2012,3,88.77,1.5905,71.86,-0.044,0.263,1108,Generated based on literature patterns,2.6666666666666665,138.5,7.010311867307229,2.8284271247461903,high
Synthetic_00830,generated,cardiology,OR,15,2018,3,0.59,0.0124,13.88,1.445,0.05,15925,Generated based on literature patterns,5.0,1061.6666666666667,9.675645480440364,3.872983346207417,low
Synthetic_00831,generated,rheumatology,OR,17,2013,15,35.38,0.1345,39.24,0.402,0.128,1595,Generated based on literature patterns,1.1333333333333333,93.82352941176471,7.374629015218945,4.123105625617661,moderate
Synthetic_00832,generated,psychiatry,MD,23,2011,23,1.39,0.0591,21.11,0.167,0.118,1351,Generated based on literature patterns,1.0,58.73913043478261,7.208600337960199,4.795831523312719,low
Synthetic_00833,generated,gastroenterology,RR,9,2012,4,40.38,0.0703,12.98,1.008,0.112,1891,Generated based on literature patterns,2.25,210.11111111111111,7.544861068658458,3.0,moderate
Synthetic_00834,generated,psychiatry,COR,6,2007,3,52.97,0.8309,9.99,0.076,0.24,417,Generated based on literature patterns,2.0,69.5,6.0330862217988015,2.449489742783178,substantial
Synthetic_00835,generated,neurology,OR,11,2007,9,67.39,0.1908,28.34,0.911,0.242,776,Generated based on literature patterns,1.2222222222222223,70.54545454545455,6.654152520183219,3.3166247903554,substantial
Synthetic_00836,generated,cardiology,MD,5,2014,5,80.36,0.7903,20.54,3.318,0.044,47379,Generated based on literature patterns,1.0,9475.8,10.765934371538163,2.23606797749979,high
Synthetic_00837,generated,nephrology,OR,8,2020,4,31.29,0.0565,10.65,0.59,0.829,100,Generated based on literature patterns,2.0,12.5,4.605170185988092,2.8284271247461903,moderate
Synthetic_00838,generated,immunology,COR,10,2020,6,67.31,1.1824,18.13,0.051,0.278,1293,Generated based on literature patterns,1.6666666666666667,129.3,7.164720378771857,3.1622776601683795,substantial
Synthetic_00839,generated,psychiatry,HR,21,2010,5,27.9,0.1114,19.56,0.808,0.386,541,Generated based on literature patterns,4.2,25.761904761904763,6.293419278846481,4.58257569495584,moderate
Synthetic_00840,generated,endocrinology,SMD,9,2012,13,89.49,0.183,99.09,-0.236,0.036,82378,Generated based on literature patterns,0.6923076923076923,9153.111111111111,11.319073689958048,3.0,high
Synthetic_00841,generated,endocrinology,MD,5,2006,6,52.55,1.0841,7.74,-1.293,0.933,100,Generated based on literature patterns,0.8333333333333334,20.0,4.605170185988092,2.23606797749979,substantial
Synthetic_00842,generated,gastroenterology,HR,12,2008,12,78.65,0.3349,60.88,2.168,0.065,12303,Generated based on literature patterns,1.0,1025.25,9.41759841406017,3.4641016151377544,high
Synthetic_00843,generated,rheumatology,SMD,7,2008,6,0.69,0.0063,5.1,0.163,0.116,1606,Generated based on literature patterns,1.1666666666666667,229.42857142857142,7.381501894506707,2.6457513110645907,low
Synthetic_00844,generated,nephrology,COR,11,2016,13,86.83,2.3237,74.64,0.17,0.064,8982,Generated based on literature patterns,0.8461538461538461,816.5454545454545,9.102977853647683,3.3166247903554,high
Synthetic_00845,generated,cardiology,HR,5,2011,4,56.2,0.22,7.5,1.2,0.189,2511,Generated based on literature patterns,1.25,502.2,7.828436359157585,2.23606797749979,substantial
Synthetic_00846,generated,gastroenterology,COR,14,2002,4,85.83,0.8933,97.31,-0.451,0.17,1758,Generated based on literature patterns,3.5,125.57142857142857,7.471932078245122,3.7416573867739413,high
Synthetic_00847,generated,infectious_disease,RR,9,2018,11,3.4,0.0376,3.48,0.627,0.298,253,Generated based on literature patterns,0.8181818181818182,28.11111111111111,5.53338948872752,3.0,low
Synthetic_00848,generated,immunology,HR,12,2020,6,56.96,0.1425,36.18,1.365,0.119,5827,Generated based on literature patterns,2.0,485.5833333333333,8.670257567143075,3.4641016151377544,substantial
Synthetic_00849,generated,rheumatology,SMD,32,2015,13,65.33,0.2268,79.23,-0.385,0.194,1571,Generated based on literature patterns,2.4615384615384617,49.09375,7.359467638255621,5.656854249492381,substantial
Synthetic_00850,generated,pulmonology,SMD,29,2013,6,29.43,0.0907,37.34,0.35,0.064,6405,Generated based on literature patterns,4.833333333333333,220.86206896551724,8.764834214330834,5.385164807134504,moderate
Synthetic_00851,generated,neurology,COR,15,1998,6,1.74,0.1084,19.37,-0.449,0.075,10584,Generated based on literature patterns,2.5,705.6,9.267098705794792,3.872983346207417,low
Synthetic_00852,generated,immunology,OR,18,2016,3,59.92,0.1525,44.22,0.989,0.035,31393,Generated based on literature patterns,6.0,1744.0555555555557,10.354340217107467,4.242640687119285,substantial
Synthetic_00853,generated,nephrology,HR,8,2004,8,38.87,0.1227,16.29,1.108,0.259,896,Generated based on literature patterns,1.0,112.0,6.79794041297493,2.8284271247461903,moderate
Synthetic_00854,generated,nephrology,COR,27,2012,6,54.9,0.5936,53.56,-0.302,0.416,327,Generated based on literature patterns,4.5,12.11111111111111,5.7899601708972535,5.196152422706632,substantial
Synthetic_00855,generated,ophthalmology,OR,19,2019,4,14.3,0.1192,28.27,0.987,0.154,594,Generated based on literature patterns,4.75,31.263157894736842,6.386879319362645,4.358898943540674,low
Synthetic_00856,generated,gastroenterology,COR,18,2014,9,57.27,2.389,36.35,0.264,0.259,1178,Generated based on literature patterns,2.0,65.44444444444444,7.071573364211532,4.242640687119285,substantial
Synthetic_00857,generated,endocrinology,RR,20,2012,7,31.11,0.095,20.39,1.246,0.358,801,Generated based on literature patterns,2.857142857142857,40.05,6.68586094706836,4.47213595499958,moderate
Synthetic_00858,generated,cardiology,HR,42,2011,8,61.66,0.1552,119.15,0.43,0.137,2679,Generated based on literature patterns,5.25,63.785714285714285,7.893198869544609,6.48074069840786,substantial
Synthetic_00859,generated,ophthalmology,HR,19,2015,7,4.0,0.0174,20.09,1.984,0.401,100,Generated based on literature patterns,2.7142857142857144,5.2631578947368425,4.605170185988092,4.358898943540674,low
Synthetic_00860,generated,dermatology,SMD,8,2011,9,39.97,0.121,12.25,-0.322,0.192,1321,Generated based on literature patterns,0.8888888888888888,165.125,7.186144304522325,2.8284271247461903,moderate
Synthetic_00861,generated,pulmonology,MD,5,2023,11,68.55,1.1038,12.17,0.685,0.528,133,Generated based on literature patterns,0.45454545454545453,26.6,4.890349128221754,2.23606797749979,substantial
Synthetic_00862,generated,gastroenterology,OR,14,2011,4,89.65,0.0993,145.12,1.258,0.76,253,Generated based on literature patterns,3.5,18.071428571428573,5.53338948872752,3.7416573867739413,high
Synthetic_00863,generated,ophthalmology,SMD,5,2004,3,59.89,0.3629,16.8,-0.081,0.272,1044,Generated based on literature patterns,1.6666666666666667,208.8,6.950814768442584,2.23606797749979,substantial
Synthetic_00864,generated,psychiatry,HR,16,2016,4,41.38,0.0716,12.81,0.836,0.091,6009,Generated based on literature patterns,4.0,375.5625,8.701013624333928,4.0,moderate
Synthetic_00865,generated,oncology,OR,26,2008,8,6.17,0.0109,34.83,0.728,0.047,18217,Generated based on literature patterns,3.25,700.6538461538462,9.81011050303083,5.0990195135927845,low
Synthetic_00866,generated,pulmonology,SMD,18,2010,5,8.34,0.0552,18.5,1.187,0.088,2961,Generated based on literature patterns,3.6,164.5,7.993282328101591,4.242640687119285,low
Synthetic_00867,generated,rheumatology,RR,6,2000,3,38.41,0.2021,6.42,0.849,0.142,2114,Generated based on literature patterns,2.0,352.3333333333333,7.656337166430183,2.449489742783178,moderate
Synthetic_00868,generated,cardiology,SMD,8,2004,5,92.02,0.4088,89.08,0.607,0.196,5628,Generated based on literature patterns,1.6,703.5,8.63550941823428,2.8284271247461903,high
Synthetic_00869,generated,neurology,COR,7,2005,9,5.28,0.068,11.02,-0.035,0.183,1219,Generated based on literature patterns,0.7777777777777778,174.14285714285714,7.105786129481271,2.6457513110645907,low
Synthetic_00870,generated,cardiology,MD,10,2010,6,71.06,0.9856,39.62,0.468,0.076,13684,Generated based on literature patterns,1.6666666666666667,1368.4,9.523982546097495,3.1622776601683795,substantial
Synthetic_00871,generated,nephrology,OR,8,2021,4,33.58,0.1571,12.27,1.068,0.089,9003,Generated based on literature patterns,2.0,1125.375,9.105313134108476,2.8284271247461903,moderate
Synthetic_00872,generated,urology,SMD,14,2016,3,4.66,0.0163,22.04,-0.612,0.065,10213,Generated based on literature patterns,4.666666666666667,729.5,9.2314166975781,3.7416573867739413,low
Synthetic_00873,generated,rheumatology,OR,22,2014,19,36.61,0.0949,30.58,0.435,0.196,1298,Generated based on literature patterns,1.1578947368421053,59.0,7.168579897264035,4.69041575982343,moderate
Synthetic_00874,generated,pulmonology,OR,27,2016,7,86.44,0.2117,217.27,1.219,0.124,2374,Generated based on literature patterns,3.857142857142857,87.92592592592592,7.772331575169614,5.196152422706632,high
Synthetic_00875,generated,oncology,RR,10,2007,3,11.72,0.0518,5.76,0.567,0.16,1468,Generated based on literature patterns,3.3333333333333335,146.8,7.291656209174461,3.1622776601683795,low
Synthetic_00876,generated,nephrology,MD,43,2000,7,2.48,0.0293,43.43,-1.115,0.046,4209,Generated based on literature patterns,6.142857142857143,97.88372093023256,8.344980368770571,6.557438524302,low
Synthetic_00877,generated,infectious_disease,RR,17,2016,9,35.23,0.0858,23.11,0.762,0.327,336,Generated based on literature patterns,1.8888888888888888,19.764705882352942,5.817111159963204,4.123105625617661,moderate
Synthetic_00878,generated,rheumatology,MD,13,2002,4,65.14,1.0063,36.7,-0.015,0.064,11799,Generated based on literature patterns,3.25,907.6153846153846,9.375770061099919,3.605551275463989,substantial
Synthetic_00879,generated,dermatology,MD,11,2009,6,44.8,0.5701,16.72,-1.277,0.464,345,Generated based on literature patterns,1.8333333333333333,31.363636363636363,5.84354441703136,3.3166247903554,moderate
Synthetic_00880,generated,dermatology,HR,6,2009,4,76.86,0.1106,36.76,1.008,0.492,488,Generated based on literature patterns,1.5,81.33333333333333,6.1903154058531475,2.449489742783178,high
Synthetic_00881,generated,endocrinology,MD,5,2007,30,78.77,1.7951,22.16,2.31,0.059,16334,Generated based on literature patterns,0.16666666666666666,3266.8,9.70100410391822,2.23606797749979,high
Synthetic_00882,generated,rheumatology,OR,9,2014,30,31.51,0.0846,22.86,1.132,0.06,9946,Generated based on literature patterns,0.3,1105.111111111111,9.204925739274683,3.0,moderate
Synthetic_00883,generated,pulmonology,COR,5,2017,5,47.27,0.5966,7.22,0.032,0.046,20045,Generated based on literature patterns,1.0,4009.0,9.905735025076607,2.23606797749979,moderate
Synthetic_00884,generated,infectious_disease,COR,7,2012,19,47.03,0.6833,21.82,-0.15,0.108,8551,Generated based on literature patterns,0.3684210526315789,1221.5714285714287,9.053803514155955,2.6457513110645907,moderate
Synthetic_00885,generated,rheumatology,RR,9,2006,6,65.45,0.0977,26.55,1.726,0.292,1053,Generated based on literature patterns,1.5,117.0,6.959398512133975,3.0,substantial
Synthetic_00886,generated,psychiatry,HR,16,2009,7,3.41,0.0158,15.36,0.841,0.219,467,Generated based on literature patterns,2.2857142857142856,29.1875,6.1463292576688975,4.0,low
Synthetic_00887,generated,pulmonology,COR,13,2017,6,3.64,0.0586,15.66,0.039,0.234,475,Generated based on literature patterns,2.1666666666666665,36.53846153846154,6.163314804034641,3.605551275463989,low
Synthetic_00888,generated,nephrology,MD,23,2008,25,40.5,0.7181,42.39,-1.97,0.318,567,Generated based on literature patterns,0.92,24.652173913043477,6.340359303727752,4.795831523312719,moderate
Synthetic_00889,generated,psychiatry,SMD,16,2003,5,37.48,0.2717,25.85,-1.182,0.163,1371,Generated based on literature patterns,3.2,85.6875,7.223295679562314,4.0,moderate
Synthetic_00890,generated,ophthalmology,RR,20,2021,5,58.37,0.0952,38.62,0.886,0.556,100,Generated based on literature patterns,4.0,5.0,4.605170185988092,4.47213595499958,substantial
Synthetic_00891,generated,rheumatology,RR,27,2012,9,66.94,0.1617,83.5,0.518,0.438,129,Generated based on literature patterns,3.0,4.777777777777778,4.859812404361672,5.196152422706632,substantial
Synthetic_00892,generated,nephrology,SMD,30,2011,17,59.68,0.3179,57.66,1.096,0.191,1722,Generated based on literature patterns,1.7647058823529411,57.4,7.451241684987676,5.477225575051661,substantial
Synthetic_00893,generated,neurology,RR,11,2001,5,29.54,0.1657,27.24,1.03,0.155,3404,Generated based on literature patterns,2.2,309.45454545454544,8.132706489693264,3.3166247903554,moderate
Synthetic_00894,generated,ophthalmology,RR,17,2011,9,95.45,0.238,349.32,1.042,0.441,355,Generated based on literature patterns,1.8888888888888888,20.88235294117647,5.872117789475416,4.123105625617661,high
Synthetic_00895,generated,cardiology,OR,21,2008,7,4.1,0.0123,34.19,0.789,0.093,1093,Generated based on literature patterns,3.0,52.04761904761905,6.996681488176539,4.58257569495584,low
Synthetic_00896,generated,endocrinology,HR,20,1998,22,62.14,0.0688,47.47,1.793,0.058,19774,Generated based on literature patterns,0.9090909090909091,988.7,9.892123222457078,4.47213595499958,substantial
Synthetic_00897,generated,gastroenterology,RR,18,2022,12,52.17,0.1847,38.39,0.503,0.259,334,Generated based on literature patterns,1.5,18.555555555555557,5.811140992976701,4.242640687119285,substantial
Synthetic_00898,generated,dermatology,SMD,21,2011,19,79.56,0.2507,95.45,0.34,0.15,3806,Generated based on literature patterns,1.105263157894737,181.23809523809524,8.244334047856094,4.58257569495584,high
Synthetic_00899,generated,pulmonology,OR,10,2006,25,48.35,0.1876,12.42,0.438,0.367,238,Generated based on literature patterns,0.4,23.8,5.472270673671475,3.1622776601683795,moderate
Synthetic_00900,generated,endocrinology,HR,8,2011,4,34.75,0.0731,13.71,1.218,0.268,769,Generated based on literature patterns,2.0,96.125,6.645090969505644,2.8284271247461903,moderate
Synthetic_00901,generated,neurology,MD,5,2013,4,68.25,2.5363,14.96,0.656,0.196,4836,Generated based on literature patterns,1.25,967.2,8.483843211734683,2.23606797749979,substantial
Synthetic_00902,generated,ophthalmology,SMD,7,2012,11,83.72,0.2861,41.95,-0.093,0.698,120,Generated based on literature patterns,0.6363636363636364,17.142857142857142,4.787491742782046,2.6457513110645907,high
Synthetic_00903,generated,neurology,OR,5,2020,10,0.86,0.0066,6.57,2.389,0.351,157,Generated based on literature patterns,0.5,31.4,5.056245805348308,2.23606797749979,low
Synthetic_00904,generated,dermatology,SMD,15,2004,18,1.81,0.0287,17.98,-0.739,0.029,7376,Generated based on literature patterns,0.8333333333333334,491.73333333333335,8.90598676523643,3.872983346207417,low
Synthetic_00905,generated,infectious_disease,OR,7,2008,6,63.47,0.1767,20.98,1.523,0.078,4906,Generated based on literature patterns,1.1666666666666667,700.8571428571429,8.498214224818435,2.6457513110645907,substantial
Synthetic_00906,generated,oncology,COR,7,2007,29,27.03,0.7074,11.81,0.308,0.081,2558,Generated based on literature patterns,0.2413793103448276,365.42857142857144,7.846980982138788,2.6457513110645907,moderate
Synthetic_00907,generated,rheumatology,HR,23,2018,3,2.69,0.0292,21.03,1.431,0.232,708,Generated based on literature patterns,7.666666666666667,30.782608695652176,6.56244409369372,4.795831523312719,low
Synthetic_00908,generated,dermatology,HR,19,2005,5,56.02,0.2255,27.29,1.442,0.118,3010,Generated based on literature patterns,3.8,158.42105263157896,8.009695357742922,4.358898943540674,substantial
Synthetic_00909,generated,nephrology,COR,7,2001,17,0.96,0.0758,6.43,-0.483,0.129,799,Generated based on literature patterns,0.4117647058823529,114.14285714285714,6.683360945766275,2.6457513110645907,low
Synthetic_00910,generated,psychiatry,HR,11,2006,5,88.8,0.167,80.37,0.565,0.294,643,Generated based on literature patterns,2.2,58.45454545454545,6.466144724237619,3.3166247903554,high
Synthetic_00911,generated,psychiatry,COR,41,2006,10,2.07,0.0587,28.56,0.814,0.516,174,Generated based on literature patterns,4.1,4.2439024390243905,5.159055299214529,6.4031242374328485,low
Synthetic_00912,generated,nephrology,OR,24,2015,5,75.67,0.1356,82.78,1.086,0.096,1943,Generated based on literature patterns,4.8,80.95833333333333,7.57198844937744,4.898979485566356,high
Synthetic_00913,generated,oncology,OR,12,2019,3,5.64,0.012,12.3,0.562,0.107,1985,Generated based on literature patterns,4.0,165.41666666666666,7.59337419312129,3.4641016151377544,low
Synthetic_00914,generated,rheumatology,SMD,14,2013,5,9.87,0.0872,12.13,0.257,0.125,771,Generated based on literature patterns,2.8,55.07142857142857,6.647688373563329,3.7416573867739413,low
Synthetic_00915,generated,pulmonology,OR,11,2006,9,56.28,0.1318,23.62,0.7,0.066,8282,Generated based on literature patterns,1.2222222222222223,752.9090909090909,9.021839764105513,3.3166247903554,substantial
Synthetic_00916,generated,immunology,OR,5,2009,4,33.03,0.0627,3.07,1.822,0.271,796,Generated based on literature patterns,1.25,159.2,6.679599185844383,2.23606797749979,moderate
Synthetic_00917,generated,endocrinology,HR,6,2016,4,30.93,0.0703,2.76,0.859,0.203,911,Generated based on literature patterns,1.5,151.83333333333334,6.814542897259958,2.449489742783178,moderate
Synthetic_00918,generated,rheumatology,OR,11,2015,9,82.89,0.4282,84.72,0.718,0.227,1079,Generated based on literature patterns,1.2222222222222223,98.0909090909091,6.983789965258135,3.3166247903554,high
Synthetic_00919,generated,ophthalmology,HR,16,2010,30,69.16,0.2224,63.15,2.31,0.211,1898,Generated based on literature patterns,0.5333333333333333,118.625,7.5485559791698735,4.0,substantial
Synthetic_00920,generated,rheumatology,MD,26,2009,3,80.98,1.1758,135.26,0.371,0.136,5863,Generated based on literature patterns,8.666666666666666,225.5,8.676416696964216,5.0990195135927845,high
Synthetic_00921,generated,pulmonology,SMD,7,2007,18,29.06,0.189,14.94,1.038,0.024,54654,Generated based on literature patterns,0.3888888888888889,7807.714285714285,10.908777683972865,2.6457513110645907,moderate
Synthetic_00922,generated,cardiology,RR,31,2015,5,62.83,0.1907,76.25,0.443,0.045,70360,Generated based on literature patterns,6.2,2269.6774193548385,11.161380198851495,5.5677643628300215,substantial
Synthetic_00923,generated,ophthalmology,MD,5,2016,11,65.15,0.5306,13.69,1.704,0.17,2322,Generated based on literature patterns,0.45454545454545453,464.4,7.7501841622578365,2.23606797749979,substantial
Synthetic_00924,generated,oncology,SMD,25,2008,12,31.97,0.1031,43.19,0.607,0.077,14073,Generated based on literature patterns,2.0833333333333335,562.92,9.552013346996567,5.0,moderate
Synthetic_00925,generated,oncology,MD,7,2015,15,8.31,0.1117,2.39,-2.462,0.429,108,Generated based on literature patterns,0.4666666666666667,15.428571428571429,4.68213122712422,2.6457513110645907,low
Synthetic_00926,generated,urology,COR,6,2005,9,38.69,0.4259,3.95,0.212,0.062,9873,Generated based on literature patterns,0.6666666666666666,1645.5,9.19755903761145,2.449489742783178,moderate
Synthetic_00927,generated,rheumatology,RR,9,2007,8,47.63,0.1008,16.68,1.188,0.192,1422,Generated based on literature patterns,1.125,158.0,7.259819610363186,3.0,moderate
Synthetic_00928,generated,immunology,OR,32,2016,3,34.89,0.1631,41.21,0.858,0.034,29683,Generated based on literature patterns,10.666666666666666,927.59375,10.298329770340379,5.656854249492381,moderate
Synthetic_00929,generated,urology,SMD,16,2015,12,56.11,0.2859,49.41,0.538,0.099,2648,Generated based on literature patterns,1.3333333333333333,165.5,7.881559917056899,4.0,substantial
Synthetic_00930,generated,urology,OR,24,2012,7,43.18,0.052,52.87,1.099,0.292,799,Generated based on literature patterns,3.4285714285714284,33.291666666666664,6.683360945766275,4.898979485566356,moderate
Synthetic_00931,generated,gastroenterology,MD,6,2025,9,1.52,0.0735,9.49,4.668,0.128,1462,Generated based on literature patterns,0.6666666666666666,243.66666666666666,7.2875606403097235,2.449489742783178,low
Synthetic_00932,generated,nephrology,MD,15,2018,4,34.82,1.1629,20.49,0.603,0.071,3097,Generated based on literature patterns,3.75,206.46666666666667,8.038189179973203,3.872983346207417,moderate
Synthetic_00933,generated,oncology,OR,17,2010,3,8.38,0.0233,14.03,1.156,0.105,2752,Generated based on literature patterns,5.666666666666667,161.88235294117646,7.920083199053234,4.123105625617661,low
Synthetic_00934,generated,oncology,OR,13,2016,6,4.31,0.0341,6.36,0.804,0.174,826,Generated based on literature patterns,2.1666666666666665,63.53846153846154,6.716594773520978,3.605551275463989,low
Synthetic_00935,generated,gastroenterology,COR,23,2011,5,3.79,0.1007,24.75,0.02,0.221,235,Generated based on literature patterns,4.6,10.217391304347826,5.459585514144159,4.795831523312719,low
Synthetic_00936,generated,gastroenterology,COR,11,2020,10,91.33,1.5726,98.88,-0.072,0.128,6250,Generated based on literature patterns,1.1,568.1818181818181,8.740336742730447,3.3166247903554,high
Synthetic_00937,generated,pulmonology,MD,13,2004,12,42.34,1.0147,15.63,-1.956,0.145,9917,Generated based on literature patterns,1.0833333333333333,762.8461538461538,9.202005735186125,3.605551275463989,moderate
Synthetic_00938,generated,endocrinology,OR,5,2002,3,62.04,0.2714,17.9,0.862,0.021,39385,Generated based on literature patterns,1.6666666666666667,7877.0,10.581140312137425,2.23606797749979,substantial
Synthetic_00939,generated,immunology,RR,6,2014,8,7.9,0.0227,3.06,0.593,0.109,3643,Generated based on literature patterns,0.75,607.1666666666666,8.200562797008564,2.449489742783178,low
Synthetic_00940,generated,neurology,HR,9,2004,16,35.84,0.0965,14.92,2.578,0.795,100,Generated based on literature patterns,0.5625,11.11111111111111,4.605170185988092,3.0,moderate
Synthetic_00941,generated,neurology,SMD,7,2006,3,93.3,0.3233,96.67,0.031,0.408,398,Generated based on literature patterns,2.3333333333333335,56.857142857142854,5.986452005284438,2.6457513110645907,high
Synthetic_00942,generated,nephrology,SMD,11,2012,6,63.42,0.5265,24.25,-0.052,0.211,3202,Generated based on literature patterns,1.8333333333333333,291.09090909090907,8.07153089355666,3.3166247903554,substantial
Synthetic_00943,generated,neurology,HR,18,2019,7,28.39,0.067,18.34,1.04,0.449,143,Generated based on literature patterns,2.5714285714285716,7.944444444444445,4.962844630259907,4.242640687119285,moderate
Synthetic_00944,generated,neurology,MD,7,2008,7,65.46,0.8125,15.01,1.447,0.903,100,Generated based on literature patterns,1.0,14.285714285714286,4.605170185988092,2.6457513110645907,substantial
Synthetic_00945,generated,psychiatry,MD,8,2005,3,44.67,0.5526,12.51,0.222,0.086,9956,Generated based on literature patterns,2.6666666666666665,1244.5,9.205930663487482,2.8284271247461903,moderate
Synthetic_00946,generated,dermatology,SMD,11,2006,12,39.03,0.307,28.04,0.447,0.62,400,Generated based on literature patterns,0.9166666666666666,36.36363636363637,5.991464547107982,3.3166247903554,moderate
Synthetic_00947,generated,psychiatry,RR,19,2012,7,1.24,0.03,22.77,1.108,0.14,832,Generated based on literature patterns,2.7142857142857144,43.78947368421053,6.723832440821209,4.358898943540674,low
Synthetic_00948,generated,rheumatology,COR,43,2010,9,38.82,0.3744,52.54,-0.21,0.213,702,Generated based on literature patterns,4.777777777777778,16.325581395348838,6.553933404025811,6.557438524302,moderate
Synthetic_00949,generated,ophthalmology,MD,9,2014,8,77.17,0.7648,37.38,2.105,0.052,15681,Generated based on literature patterns,1.125,1742.3333333333333,9.660205067381032,3.0,high
Synthetic_00950,generated,rheumatology,COR,7,2014,7,56.21,0.5886,20.92,0.239,0.107,2450,Generated based on literature patterns,1.0,350.0,7.803843303538772,2.6457513110645907,substantial
Synthetic_00951,generated,gastroenterology,MD,17,2012,4,32.3,0.2901,30.08,-3.781,0.39,371,Generated based on literature patterns,4.25,21.823529411764707,5.916202062607435,4.123105625617661,moderate
Synthetic_00952,generated,cardiology,MD,18,2025,7,63.33,0.5209,32.82,2.433,0.057,9364,Generated based on literature patterns,2.5714285714285716,520.2222222222222,9.144627828610801,4.242640687119285,substantial
Synthetic_00953,generated,gastroenterology,HR,9,2017,13,42.18,0.0581,18.46,1.007,0.215,430,Generated based on literature patterns,0.6923076923076923,47.77777777777778,6.063785208687608,3.0,moderate
Synthetic_00954,generated,cardiology,RR,10,2013,3,52.61,0.211,18.56,0.999,0.345,473,Generated based on literature patterns,3.3333333333333335,47.3,6.159095388491933,3.1622776601683795,substantial
Synthetic_00955,generated,cardiology,COR,6,2022,30,2.14,0.095,4.21,0.048,0.054,10517,Generated based on literature patterns,0.2,1752.8333333333333,9.260748274520028,2.449489742783178,low
Synthetic_00956,generated,infectious_disease,RR,5,2010,5,63.35,0.2496,21.99,1.186,0.304,349,Generated based on literature patterns,1.0,69.8,5.855071922202427,2.23606797749979,substantial
Synthetic_00957,generated,neurology,OR,5,2019,6,69.96,0.3096,15.51,1.596,0.03,122153,Generated based on literature patterns,0.8333333333333334,24430.6,11.713029636351548,2.23606797749979,substantial
Synthetic_00958,generated,cardiology,SMD,5,2011,3,35.05,0.1402,4.83,-0.537,0.088,6331,Generated based on literature patterns,1.6666666666666667,1266.2,8.753213480544126,2.23606797749979,moderate
Synthetic_00959,generated,dermatology,RR,7,2016,11,34.54,0.0542,9.83,0.823,0.257,506,Generated based on literature patterns,0.6363636363636364,72.28571428571429,6.226536669287466,2.6457513110645907,moderate
Synthetic_00960,generated,oncology,SMD,14,2012,9,32.55,0.0734,11.8,-0.16,0.026,32130,Generated based on literature patterns,1.5555555555555556,2295.0,10.377545452109905,3.7416573867739413,moderate
Synthetic_00961,generated,urology,MD,14,2011,6,5.9,0.0392,11.73,1.437,0.119,1665,Generated based on literature patterns,2.3333333333333335,118.92857142857143,7.417580402414544,3.7416573867739413,low
Synthetic_00962,generated,oncology,MD,38,2014,5,6.47,0.0927,40.81,1.33,0.181,799,Generated based on literature patterns,7.6,21.026315789473685,6.683360945766275,6.164414002968976,low
Synthetic_00963,generated,urology,RR,8,2011,5,66.13,0.3282,19.13,0.351,0.237,803,Generated based on literature patterns,1.6,100.375,6.688354713946762,2.8284271247461903,substantial
Synthetic_00964,generated,neurology,HR,19,2010,8,78.17,0.4313,56.46,0.298,0.832,357,Generated based on literature patterns,2.375,18.789473684210527,5.877735781779639,4.358898943540674,high
Synthetic_00965,generated,urology,HR,9,2026,4,84.19,0.1407,62.1,0.807,0.3,453,Generated based on literature patterns,2.25,50.333333333333336,6.115892125483034,3.0,high
Synthetic_00966,generated,urology,HR,12,2007,12,39.99,0.1233,12.24,2.209,0.154,2010,Generated based on literature patterns,1.0,167.5,7.605890001053122,3.4641016151377544,moderate
Synthetic_00967,generated,cardiology,COR,7,1997,6,33.2,0.8661,13.09,0.044,0.146,3717,Generated based on literature patterns,1.1666666666666667,531.0,8.220672170297252,2.6457513110645907,moderate
Synthetic_00968,generated,rheumatology,RR,7,2010,9,34.17,0.181,18.55,0.995,0.115,2391,Generated based on literature patterns,0.7777777777777778,341.57142857142856,7.779466967458324,2.6457513110645907,moderate
Synthetic_00969,generated,immunology,SMD,32,2018,11,81.32,0.3468,205.24,0.151,0.105,4967,Generated based on literature patterns,2.909090909090909,155.21875,8.51057131510735,5.656854249492381,high
Synthetic_00970,generated,neurology,SMD,6,2006,11,40.77,0.2328,11.72,0.264,0.167,960,Generated based on literature patterns,0.5454545454545454,160.0,6.866933284461882,2.449489742783178,moderate
Synthetic_00971,generated,immunology,MD,15,2009,5,85.44,1.0993,102.28,-1.023,0.071,22264,Generated based on literature patterns,3.0,1484.2666666666667,10.010726303205727,3.872983346207417,high
Synthetic_00972,generated,oncology,HR,16,2003,10,76.4,0.2363,36.5,0.815,0.098,2202,Generated based on literature patterns,1.6,137.625,7.697121317282625,4.0,high
Synthetic_00973,generated,dermatology,RR,5,2011,3,44.93,0.2343,4.83,0.661,0.217,780,Generated based on literature patterns,1.6666666666666667,156.0,6.659293919683638,2.23606797749979,moderate
Synthetic_00974,generated,nephrology,OR,15,1994,5,30.17,0.1135,28.07,1.355,0.475,492,Generated based on literature patterns,3.0,32.8,6.198478716492308,3.872983346207417,moderate
Synthetic_00975,generated,urology,SMD,36,2013,4,52.8,0.1431,77.83,-0.087,0.131,1972,Generated based on literature patterns,9.0,54.77777777777778,7.586803535162581,6.0,substantial
Synthetic_00976,generated,immunology,RR,21,2010,12,2.13,0.0181,19.11,0.638,0.115,2257,Generated based on literature patterns,1.75,107.47619047619048,7.721791776817535,4.58257569495584,low
Synthetic_00977,generated,infectious_disease,COR,11,2004,9,31.31,0.3592,13.1,-0.076,0.082,4751,Generated based on literature patterns,1.2222222222222223,431.90909090909093,8.46611040118692,3.3166247903554,moderate
Synthetic_00978,generated,endocrinology,HR,28,2012,3,63.3,0.1467,69.38,1.95,0.198,973,Generated based on literature patterns,9.333333333333334,34.75,6.880384082186005,5.291502622129181,substantial
Synthetic_00979,generated,dermatology,RR,5,2017,10,81.81,0.1358,31.61,0.457,0.25,968,Generated based on literature patterns,0.5,193.6,6.875232087276577,2.23606797749979,high
Synthetic_00980,generated,immunology,COR,7,2016,13,61.11,0.9615,16.18,0.103,0.261,2943,Generated based on literature patterns,0.5384615384615384,420.42857142857144,7.987184748233473,2.6457513110645907,substantial
Synthetic_00981,generated,neurology,HR,6,2020,8,27.03,0.1023,11.1,0.738,0.081,3908,Generated based on literature patterns,0.75,651.3333333333334,8.270781013162674,2.449489742783178,moderate
Synthetic_00982,generated,rheumatology,HR,24,2011,5,60.18,0.1024,63.08,1.314,0.41,1028,Generated based on literature patterns,4.8,42.833333333333336,6.93537044601511,4.898979485566356,substantial
Synthetic_00983,generated,nephrology,COR,11,2011,3,12.44,0.6805,12.78,0.259,0.208,445,Generated based on literature patterns,3.6666666666666665,40.45454545454545,6.09807428216624,3.3166247903554,low
Synthetic_00984,generated,infectious_disease,SMD,11,2014,5,77.52,0.3687,35.58,0.066,0.174,1694,Generated based on literature patterns,2.2,154.0,7.434847875211999,3.3166247903554,high
Synthetic_00985,generated,cardiology,MD,20,2013,19,87.38,2.216,164.68,1.135,0.176,1465,Generated based on literature patterns,1.0526315789473684,73.25,7.289610521451167,4.47213595499958,high
Synthetic_00986,generated,endocrinology,SMD,13,2017,24,32.72,0.137,11.49,0.217,0.248,468,Generated based on literature patterns,0.5416666666666666,36.0,6.148468295917647,3.605551275463989,moderate
Synthetic_00987,generated,cardiology,SMD,18,2015,5,77.73,0.3684,60.77,0.383,0.423,429,Generated based on literature patterns,3.6,23.833333333333332,6.061456918928017,4.242640687119285,high
Synthetic_00988,generated,nephrology,SMD,32,2004,6,82.48,0.8762,151.76,0.361,0.33,772,Generated based on literature patterns,5.333333333333333,24.125,6.648984550024776,5.656854249492381,high
Synthetic_00989,generated,immunology,RR,10,2010,4,86.65,0.3847,70.48,2.652,0.137,6160,Generated based on literature patterns,2.5,616.0,8.725832056527565,3.1622776601683795,high
Synthetic_00990,generated,neurology,COR,17,2018,9,35.16,1.2174,14.34,0.263,0.063,6517,Generated based on literature patterns,1.8888888888888888,383.3529411764706,8.78216942633238,4.123105625617661,moderate
Synthetic_00991,generated,neurology,OR,7,2012,3,81.96,0.0434,31.27,0.792,0.069,10477,Generated based on literature patterns,2.3333333333333335,1496.7142857142858,9.256937657352966,2.6457513110645907,high
Synthetic_00992,generated,gastroenterology,OR,6,2020,6,56.82,0.1412,24.12,1.087,0.585,257,Generated based on literature patterns,1.0,42.833333333333336,5.54907608489522,2.449489742783178,substantial
Synthetic_00993,generated,gastroenterology,OR,34,2014,4,55.28,0.1343,81.87,0.622,0.241,749,Generated based on literature patterns,8.5,22.029411764705884,6.618738983517219,5.830951894845301,substantial
Synthetic_00994,generated,pulmonology,COR,11,1996,30,3.44,0.087,13.91,-0.25,0.064,3419,Generated based on literature patterns,0.36666666666666664,310.8181818181818,8.137103389639302,3.3166247903554,low
Synthetic_00995,generated,urology,MD,35,2016,3,34.74,2.5165,48.63,-1.129,0.113,6541,Generated based on literature patterns,11.666666666666666,186.88571428571427,8.785845337961213,5.916079783099616,moderate
Synthetic_00996,generated,neurology,COR,15,2011,8,45.73,0.5109,22.75,0.065,0.099,6337,Generated based on literature patterns,1.875,422.46666666666664,8.754160749323518,3.872983346207417,moderate
Synthetic_00997,generated,pulmonology,MD,19,2015,9,40.23,0.8792,33.23,-4.34,0.052,9193,Generated based on literature patterns,2.111111111111111,483.8421052631579,9.126197603863755,4.358898943540674,moderate
Synthetic_00998,generated,endocrinology,HR,8,2004,3,43.15,0.0807,12.81,0.756,0.124,2457,Generated based on literature patterns,2.6666666666666665,307.125,7.806696372521179,2.8284271247461903,moderate
Synthetic_00999,generated,psychiatry,RR,8,2011,13,85.53,0.1527,59.7,0.328,0.438,836,Generated based on literature patterns,0.6153846153846154,104.5,6.728628613084702,2.8284271247461903,high
Synthetic_01000,generated,nephrology,OR,15,2000,3,64.32,0.2093,30.73,0.59,0.715,100,Generated based on literature patterns,5.0,6.666666666666667,4.605170185988092,3.872983346207417,substantial
Synthetic_01001,generated,ophthalmology,OR,11,2006,17,71.83,0.1677,55.37,0.729,0.088,16257,Generated based on literature patterns,0.6470588235294118,1477.909090909091,9.696278864234223,3.3166247903554,substantial
Synthetic_01002,generated,rheumatology,HR,8,2016,11,47.1,0.1498,17.18,0.987,0.092,5015,Generated based on literature patterns,0.7272727272727273,626.875,8.520188700396035,2.8284271247461903,moderate
Synthetic_01003,generated,gastroenterology,COR,15,2012,7,14.83,0.2502,20.11,-0.224,0.193,3027,Generated based on literature patterns,2.142857142857143,201.8,8.01532730902172,3.872983346207417,low
Synthetic_01004,generated,gastroenterology,HR,8,2024,5,80.68,0.1184,62.4,0.996,0.391,335,Generated based on literature patterns,1.6,41.875,5.814130531825066,2.8284271247461903,high
Synthetic_01005,generated,immunology,COR,9,2006,20,80.02,1.1882,38.32,0.212,0.155,7635,Generated based on literature patterns,0.45,848.3333333333334,8.940498217652733,3.0,high
Synthetic_01006,generated,gastroenterology,OR,17,2013,4,5.57,0.0423,15.71,0.726,0.234,498,Generated based on literature patterns,4.25,29.294117647058822,6.210600077024653,4.123105625617661,low
Synthetic_01007,generated,pulmonology,SMD,7,2008,5,31.1,0.0987,3.96,-0.381,0.129,2429,Generated based on literature patterns,1.4,347.0,7.795234929002173,2.6457513110645907,moderate
Synthetic_01008,generated,pulmonology,MD,18,2010,5,2.77,0.1144,18.05,-2.262,0.051,18585,Generated based on literature patterns,3.6,1032.5,9.830110082731352,4.242640687119285,low
Synthetic_01009,generated,ophthalmology,COR,9,2005,8,75.54,3.3791,20.81,0.138,0.18,2227,Generated based on literature patterns,1.125,247.44444444444446,7.708410667257367,3.0,high
Synthetic_01010,generated,nephrology,RR,7,2022,7,26.36,0.0603,15.14,1.207,0.167,897,Generated based on literature patterns,1.0,128.14285714285714,6.799055862058796,2.6457513110645907,moderate
Synthetic_01011,generated,urology,MD,23,2008,4,4.0,0.0577,36.34,0.659,0.085,3992,Generated based on literature patterns,5.75,173.56521739130434,8.292047637431354,4.795831523312719,low
Synthetic_01012,generated,infectious_disease,OR,9,2012,22,69.41,0.1161,30.08,0.715,0.095,3465,Generated based on literature patterns,0.4090909090909091,385.0,8.150467911624004,3.0,substantial
Synthetic_01013,generated,ophthalmology,OR,12,2007,6,78.37,0.1633,64.83,1.582,0.445,438,Generated based on literature patterns,2.0,36.5,6.082218910376446,3.4641016151377544,high
Synthetic_01014,generated,pulmonology,HR,24,2012,5,56.41,0.1079,36.26,0.902,0.248,2770,Generated based on literature patterns,4.8,115.41666666666667,7.926602599181384,4.898979485566356,substantial
Synthetic_01015,generated,dermatology,COR,15,2002,19,2.95,0.0962,22.2,-0.463,0.051,8768,Generated based on literature patterns,0.7894736842105263,584.5333333333333,9.078864009187797,3.872983346207417,low
Synthetic_01016,generated,rheumatology,MD,13,2007,8,10.98,0.4145,18.44,1.717,0.053,21456,Generated based on literature patterns,1.625,1650.4615384615386,9.97375960552146,3.605551275463989,low
Synthetic_01017,generated,dermatology,RR,5,2009,20,3.4,0.0163,5.15,0.563,0.053,6080,Generated based on literature patterns,0.25,1216.0,8.712759974960212,2.23606797749979,low
Synthetic_01018,generated,psychiatry,HR,8,2011,3,56.55,0.1193,16.17,0.647,0.209,2620,Generated based on literature patterns,2.6666666666666665,327.5,7.8709295967551425,2.8284271247461903,substantial
Synthetic_01019,generated,rheumatology,OR,12,2017,6,39.28,0.1223,31.09,0.719,0.034,21785,Generated based on literature patterns,2.0,1815.4166666666667,9.988976938551543,3.4641016151377544,moderate
Synthetic_01020,generated,endocrinology,HR,10,2021,7,66.45,0.1048,41.93,1.801,0.308,306,Generated based on literature patterns,1.4285714285714286,30.6,5.723585101952381,3.1622776601683795,substantial
Synthetic_01021,generated,urology,COR,14,2021,6,41.77,1.3914,18.16,-0.21,0.203,537,Generated based on literature patterns,2.3333333333333335,38.357142857142854,6.285998094508865,3.7416573867739413,moderate
Synthetic_01022,generated,neurology,SMD,10,2008,6,80.3,0.1266,45.08,-0.621,0.171,2559,Generated based on literature patterns,1.6666666666666667,255.9,7.847371836159788,3.1622776601683795,high
Synthetic_01023,generated,urology,RR,10,2015,30,29.32,0.0842,20.61,0.986,0.112,1725,Generated based on literature patterns,0.3333333333333333,172.5,7.45298232946546,3.1622776601683795,moderate
Synthetic_01024,generated,ophthalmology,SMD,15,2013,6,4.72,0.0214,15.21,0.209,0.185,483,Generated based on literature patterns,2.5,32.2,6.180016653652572,3.872983346207417,low
Synthetic_01025,generated,immunology,SMD,16,2007,3,46.27,0.145,33.74,0.591,0.228,1502,Generated based on literature patterns,5.333333333333333,93.875,7.31455283232408,4.0,moderate
Synthetic_01026,generated,dermatology,HR,9,2009,11,77.05,0.2328,32.15,1.387,0.121,6204,Generated based on literature patterns,0.8181818181818182,689.3333333333334,8.73294952429643,3.0,high
Synthetic_01027,generated,oncology,HR,19,2012,19,66.25,0.3888,71.57,1.141,0.266,870,Generated based on literature patterns,1.0,45.78947368421053,6.76849321164863,4.358898943540674,substantial
Synthetic_01028,generated,infectious_disease,COR,8,2013,4,84.15,2.0024,58.71,0.048,0.476,1214,Generated based on literature patterns,2.0,151.75,7.101675971619444,2.8284271247461903,high
Synthetic_01029,generated,neurology,MD,28,2008,6,5.07,0.0855,33.28,-0.579,0.149,1162,Generated based on literature patterns,4.666666666666667,41.5,7.057897937411856,5.291502622129181,low
Synthetic_01030,generated,gastroenterology,SMD,6,2010,6,33.28,0.1423,10.68,0.003,0.128,4481,Generated based on literature patterns,1.0,746.8333333333334,8.407601514786142,2.449489742783178,moderate
Synthetic_01031,generated,endocrinology,OR,17,2016,20,2.4,0.0057,17.74,2.002,0.122,2914,Generated based on literature patterns,0.85,171.41176470588235,7.97728198675515,4.123105625617661,low
Synthetic_01032,generated,dermatology,SMD,10,2007,18,72.49,0.1747,35.32,0.253,0.295,921,Generated based on literature patterns,0.5555555555555556,92.1,6.825460036255307,3.1622776601683795,substantial
Synthetic_01033,generated,endocrinology,COR,36,2013,6,76.41,1.3096,149.95,0.294,0.183,1860,Generated based on literature patterns,6.0,51.666666666666664,7.528331766707247,6.0,high
Synthetic_01034,generated,oncology,MD,19,2019,3,70.46,1.3984,55.96,1.367,0.51,363,Generated based on literature patterns,6.333333333333333,19.105263157894736,5.8944028342648505,4.358898943540674,substantial
Synthetic_01035,generated,rheumatology,HR,5,2009,3,56.14,0.0902,18.33,1.084,0.057,5727,Generated based on literature patterns,1.6666666666666667,1145.4,8.652947112393857,2.23606797749979,substantial
Synthetic_01036,generated,ophthalmology,SMD,18,2015,4,38.43,0.1397,22.07,0.198,0.105,3851,Generated based on literature patterns,4.5,213.94444444444446,8.25608813381491,4.242640687119285,moderate
Synthetic_01037,generated,oncology,MD,13,2016,13,84.33,1.6243,61.1,-3.4,0.064,24059,Generated based on literature patterns,1.0,1850.6923076923076,10.088264425905146,3.605551275463989,high
Synthetic_01038,generated,endocrinology,HR,24,2010,6,39.05,0.0961,35.01,0.455,0.404,493,Generated based on literature patterns,4.0,20.541666666666668,6.20050917404269,4.898979485566356,moderate
Synthetic_01039,generated,immunology,OR,30,2016,9,81.38,0.2,163.41,1.348,0.842,128,Generated based on literature patterns,3.3333333333333335,4.266666666666667,4.852030263919617,5.477225575051661,high
Synthetic_01040,generated,dermatology,HR,16,2011,3,3.84,0.008,12.58,0.948,0.035,12729,Generated based on literature patterns,5.333333333333333,795.5625,9.451638133870434,4.0,low
Synthetic_01041,generated,neurology,SMD,17,2011,4,83.92,0.3148,132.57,-0.617,0.361,794,Generated based on literature patterns,4.25,46.705882352941174,6.677083461247136,4.123105625617661,high
Synthetic_01042,generated,oncology,HR,19,2012,7,45.31,0.15,42.98,1.902,0.103,1193,Generated based on literature patterns,2.7142857142857144,62.78947368421053,7.084226422097916,4.358898943540674,moderate
Synthetic_01043,generated,ophthalmology,RR,9,2011,13,85.21,0.2332,76.48,1.358,0.296,1713,Generated based on literature patterns,0.6923076923076923,190.33333333333334,7.44600149832412,3.0,high
Synthetic_01044,generated,infectious_disease,COR,8,2011,8,2.18,0.0557,7.84,-0.099,0.098,2429,Generated based on literature patterns,1.0,303.625,7.795234929002173,2.8284271247461903,low
Synthetic_01045,generated,dermatology,RR,19,2016,4,6.34,0.0298,19.02,1.18,0.084,3845,Generated based on literature patterns,4.75,202.3684210526316,8.254528881939745,4.358898943540674,low
Synthetic_01046,generated,rheumatology,COR,10,2014,7,86.13,2.446,60.54,0.11,0.422,351,Generated based on literature patterns,1.4285714285714286,35.1,5.860786223465865,3.1622776601683795,high
Synthetic_01047,generated,endocrinology,HR,5,2010,7,7.15,0.0428,5.32,0.44,0.218,277,Generated based on literature patterns,0.7142857142857143,55.4,5.6240175061873385,2.23606797749979,low
Synthetic_01048,generated,neurology,OR,7,2005,11,3.66,0.0307,8.8,1.422,0.301,497,Generated based on literature patterns,0.6363636363636364,71.0,6.208590026096629,2.6457513110645907,low
Synthetic_01049,generated,oncology,SMD,5,2005,3,58.68,0.8539,14.04,-0.361,0.124,3510,Generated based on literature patterns,1.6666666666666667,702.0,8.163371316459912,2.23606797749979,substantial
Synthetic_01050,generated,dermatology,SMD,11,2015,3,87.35,0.1608,96.74,0.059,0.144,2082,Generated based on literature patterns,3.6666666666666665,189.27272727272728,7.641084249174914,3.3166247903554,high
Synthetic_01051,generated,psychiatry,MD,25,2022,30,40.18,0.5225,42.91,-0.013,0.212,1123,Generated based on literature patterns,0.8333333333333334,44.92,7.023758954738443,5.0,moderate
Synthetic_01052,generated,gastroenterology,HR,18,2008,7,3.25,0.013,32.0,0.622,0.152,1047,Generated based on literature patterns,2.5714285714285716,58.166666666666664,6.953684210870537,4.242640687119285,low
Synthetic_01053,generated,psychiatry,RR,24,1998,4,68.86,0.1412,75.34,0.947,0.134,1971,Generated based on literature patterns,6.0,82.125,7.58629630715272,4.898979485566356,substantial
Synthetic_01054,generated,infectious_disease,MD,6,2011,9,34.83,0.4152,6.51,-1.07,0.081,15056,Generated based on literature patterns,0.6666666666666666,2509.3333333333335,9.61953186182516,2.449489742783178,moderate
Synthetic_01055,generated,endocrinology,RR,13,2019,13,37.76,0.1372,22.2,0.675,0.041,6507,Generated based on literature patterns,1.0,500.53846153846155,8.780633799494984,3.605551275463989,moderate
Synthetic_01056,generated,infectious_disease,HR,22,2006,11,43.63,0.167,39.08,0.903,0.198,1496,Generated based on literature patterns,2.0,68.0,7.310550158534422,4.69041575982343,moderate
Synthetic_01057,generated,neurology,HR,12,2016,26,3.18,0.0251,6.65,0.599,0.104,2412,Generated based on literature patterns,0.46153846153846156,201.0,7.788211557847076,3.4641016151377544,low
Synthetic_01058,generated,neurology,MD,17,2015,4,63.32,0.7912,35.57,0.162,0.198,1390,Generated based on literature patterns,4.25,81.76470588235294,7.237059026124737,4.123105625617661,substantial
Synthetic_01059,generated,nephrology,OR,26,2013,9,6.42,0.0412,19.57,0.732,0.033,12632,Generated based on literature patterns,2.888888888888889,485.84615384615387,9.443988555935478,5.0990195135927845,low
Synthetic_01060,generated,neurology,HR,5,2012,21,80.89,0.3094,35.94,0.584,0.276,979,Generated based on literature patterns,0.23809523809523808,195.8,6.88653164253051,2.23606797749979,high
Synthetic_01061,generated,immunology,RR,9,2017,5,36.86,0.2112,16.72,0.802,0.219,1555,Generated based on literature patterns,1.8,172.77777777777777,7.349230824613334,3.0,moderate
Synthetic_01062,generated,dermatology,SMD,16,2016,11,2.77,0.0636,20.9,0.215,0.227,301,Generated based on literature patterns,1.4545454545454546,18.8125,5.707110264748875,4.0,low
Synthetic_01063,generated,ophthalmology,OR,21,2010,6,81.66,0.1631,94.02,0.947,0.312,1225,Generated based on literature patterns,3.5,58.333333333333336,7.110696122978827,4.58257569495584,high
Synthetic_01064,generated,pulmonology,MD,11,2008,7,63.3,1.2064,34.2,-0.016,0.092,3468,Generated based on literature patterns,1.5714285714285714,315.27272727272725,8.151333337900432,3.3166247903554,substantial
Synthetic_01065,generated,cardiology,COR,5,2017,12,87.7,2.4854,43.22,-0.199,0.074,7398,Generated based on literature patterns,0.4166666666666667,1479.6,8.908964972392399,2.23606797749979,high
Synthetic_01066,generated,nephrology,COR,14,2011,7,80.48,1.2755,67.48,-0.146,0.165,2307,Generated based on literature patterns,2.0,164.78571428571428,7.7437032581737535,3.7416573867739413,high
Synthetic_01067,generated,urology,COR,14,2018,30,67.56,0.785,47.89,0.11,0.111,2300,Generated based on literature patterns,0.4666666666666667,164.28571428571428,7.7406644019172415,3.7416573867739413,substantial
Synthetic_01068,generated,cardiology,RR,10,2007,10,79.88,0.3322,60.38,1.084,0.115,5152,Generated based on literature patterns,1.0,515.2,8.54714026778419,3.1622776601683795,high
Synthetic_01069,generated,dermatology,SMD,11,2011,17,67.49,0.3898,47.51,0.052,0.492,451,Generated based on literature patterns,0.6470588235294118,41.0,6.111467339502679,3.3166247903554,substantial
Synthetic_01070,generated,oncology,OR,15,1994,14,68.59,0.2542,54.39,1.591,0.162,1507,Generated based on literature patterns,1.0714285714285714,100.46666666666667,7.317876198626496,3.872983346207417,substantial
Synthetic_01071,generated,neurology,OR,65,2011,4,8.25,0.0308,62.51,0.342,0.086,6838,Generated based on literature patterns,16.25,105.2,8.830250570199247,8.06225774829855,low
Synthetic_01072,generated,neurology,HR,16,2010,10,25.29,0.1517,14.32,0.818,0.099,2520,Generated based on literature patterns,1.6,157.5,7.832014180505469,4.0,moderate
Synthetic_01073,generated,nephrology,OR,5,1998,5,58.44,0.1098,8.18,0.919,0.233,1671,Generated based on literature patterns,1.0,334.2,7.421177528595393,2.23606797749979,substantial
Synthetic_01074,generated,immunology,COR,8,2007,3,28.53,0.399,9.55,0.224,0.041,38903,Generated based on literature patterns,2.6666666666666665,4862.875,10.568826647455502,2.8284271247461903,moderate
Synthetic_01075,generated,immunology,OR,22,2013,6,33.94,0.0499,24.33,1.207,0.066,7231,Generated based on literature patterns,3.6666666666666665,328.6818181818182,8.886132618174951,4.69041575982343,moderate
Synthetic_01076,generated,oncology,MD,7,2009,7,2.21,0.2059,3.66,3.97,0.23,246,Generated based on literature patterns,1.0,35.142857142857146,5.5053315359323625,2.6457513110645907,low
Synthetic_01077,generated,cardiology,RR,5,2004,8,79.77,0.3195,28.99,0.576,0.143,2209,Generated based on literature patterns,0.625,441.8,7.700295203420117,2.23606797749979,high
Synthetic_01078,generated,dermatology,HR,34,2012,5,65.7,0.2006,94.97,0.564,0.102,20058,Generated based on literature patterns,6.8,589.9411764705883,9.906383355648154,5.830951894845301,substantial
Synthetic_01079,generated,psychiatry,SMD,5,2010,4,53.19,0.2902,9.69,-0.286,0.371,1007,Generated based on literature patterns,1.25,201.4,6.914730892718563,2.23606797749979,substantial
Synthetic_01080,generated,gastroenterology,RR,5,2011,18,32.7,0.0589,11.8,1.489,0.213,706,Generated based on literature patterns,0.2777777777777778,141.2,6.559615237493242,2.23606797749979,moderate
Synthetic_01081,generated,immunology,MD,10,2010,6,9.16,0.1008,12.45,-0.545,0.093,1109,Generated based on literature patterns,1.6666666666666667,110.9,7.011213987350367,3.1622776601683795,low
Synthetic_01082,generated,immunology,COR,14,2009,5,85.81,1.3649,97.72,0.112,0.061,17322,Generated based on literature patterns,2.8,1237.2857142857142,9.75973264889099,3.7416573867739413,high
Synthetic_01083,generated,endocrinology,RR,8,2011,8,76.41,0.1589,28.31,1.306,0.165,1366,Generated based on literature patterns,1.0,170.75,7.2196420401307355,2.8284271247461903,high
Synthetic_01084,generated,endocrinology,MD,45,2012,12,92.82,0.8692,612.38,1.561,0.162,6093,Generated based on literature patterns,3.75,135.4,8.714895850248494,6.708203932499369,high
Synthetic_01085,generated,pulmonology,MD,5,2013,16,32.53,0.2413,11.66,-0.312,0.238,922,Generated based on literature patterns,0.3125,184.4,6.826545223556594,2.23606797749979,moderate
Synthetic_01086,generated,urology,HR,11,2021,18,3.81,0.0294,5.79,1.074,0.287,365,Generated based on literature patterns,0.6111111111111112,33.18181818181818,5.8998973535824915,3.3166247903554,low
Synthetic_01087,generated,neurology,OR,37,2014,13,3.83,0.0343,38.51,0.897,0.041,6919,Generated based on literature patterns,2.8461538461538463,187.0,8.842026529498812,6.082762530298219,low
Synthetic_01088,generated,oncology,COR,20,2001,12,40.35,0.7841,35.03,0.732,0.118,3726,Generated based on literature patterns,1.6666666666666667,186.3,8.223090551161533,4.47213595499958,moderate
Synthetic_01089,generated,dermatology,HR,12,2003,3,42.22,0.0487,21.33,0.88,0.03,44727,Generated based on literature patterns,4.0,3727.25,10.708332625096508,3.4641016151377544,moderate
Synthetic_01090,generated,gastroenterology,SMD,5,2007,10,26.21,0.1041,4.99,-0.568,0.148,3427,Generated based on literature patterns,0.5,685.4,8.139440521874608,2.23606797749979,moderate
Synthetic_01091,generated,infectious_disease,MD,12,2008,6,48.09,0.4533,32.22,-2.319,0.036,22657,Generated based on literature patterns,2.0,1888.0833333333333,10.028224133937455,3.4641016151377544,moderate
Synthetic_01092,generated,rheumatology,RR,5,2008,18,40.25,0.052,3.31,1.235,0.26,2366,Generated based on literature patterns,0.2777777777777778,473.2,7.768956044538332,2.23606797749979,moderate
Synthetic_01093,generated,cardiology,MD,28,2011,14,3.76,0.1983,35.61,-2.95,0.183,745,Generated based on literature patterns,2.0,26.607142857142858,6.61338421837956,5.291502622129181,low
Synthetic_01094,generated,urology,OR,33,1999,12,7.94,0.0237,42.37,0.573,0.098,2113,Generated based on literature patterns,2.75,64.03030303030303,7.655864017616056,5.744562646538029,low
Synthetic_01095,generated,rheumatology,HR,17,1996,7,44.49,0.0676,37.96,1.115,0.183,1855,Generated based on literature patterns,2.4285714285714284,109.11764705882354,7.5256399750415355,4.123105625617661,moderate
Synthetic_01096,generated,endocrinology,COR,12,2012,3,78.16,1.4674,53.13,0.015,0.348,349,Generated based on literature patterns,4.0,29.083333333333332,5.855071922202427,3.4641016151377544,high
Synthetic_01097,generated,ophthalmology,SMD,5,2001,8,87.61,0.7295,51.29,0.764,0.093,7942,Generated based on literature patterns,0.625,1588.4,8.979920411691197,2.23606797749979,high
Synthetic_01098,generated,rheumatology,SMD,8,2007,5,36.33,0.2169,13.78,0.011,0.278,1061,Generated based on literature patterns,1.6,132.625,6.966967138613983,2.8284271247461903,moderate
Synthetic_01099,generated,ophthalmology,COR,14,2010,6,60.63,0.6922,34.06,0.133,0.582,127,Generated based on literature patterns,2.3333333333333335,9.071428571428571,4.844187086458591,3.7416573867739413,substantial
Synthetic_01100,generated,rheumatology,SMD,9,2009,6,38.29,0.1413,11.1,-0.073,0.353,903,Generated based on literature patterns,1.5,100.33333333333333,6.805722553416985,3.0,moderate
Synthetic_01101,generated,neurology,OR,5,2019,5,79.3,0.1285,16.68,0.704,0.167,6376,Generated based on literature patterns,1.0,1275.2,8.760296220470051,2.23606797749979,high
Synthetic_01102,generated,neurology,HR,6,2021,3,65.93,0.2865,10.05,0.942,0.18,2168,Generated based on literature patterns,2.0,361.3333333333333,7.681560362559537,2.449489742783178,substantial
Synthetic_01103,generated,endocrinology,HR,9,2010,11,57.36,0.1435,19.52,0.812,0.158,5995,Generated based on literature patterns,0.8181818181818182,666.1111111111111,8.698681067461614,3.0,substantial
Synthetic_01104,generated,neurology,RR,13,2016,5,2.25,0.0194,17.96,0.899,0.039,14518,Generated based on literature patterns,2.6,1116.7692307692307,9.583144537844786,3.605551275463989,low
Synthetic_01105,generated,dermatology,COR,10,2009,10,53.71,1.1982,14.7,0.485,0.199,1911,Generated based on literature patterns,1.0,191.1,7.555381944240273,3.1622776601683795,substantial
Synthetic_01106,generated,gastroenterology,SMD,8,2012,9,30.27,0.3861,9.45,-0.109,0.286,572,Generated based on literature patterns,0.8888888888888888,71.5,6.349138991379798,2.8284271247461903,moderate
Synthetic_01107,generated,immunology,OR,8,2003,10,63.94,0.1254,24.29,1.642,0.096,4737,Generated based on literature patterns,0.8,592.125,8.463159302923751,2.8284271247461903,substantial
Synthetic_01108,generated,neurology,HR,9,2009,8,79.34,0.4864,63.35,1.214,0.326,606,Generated based on literature patterns,1.125,67.33333333333333,6.406879986069314,3.0,high
Synthetic_01109,generated,psychiatry,MD,9,2016,3,77.02,0.4318,47.78,-3.985,0.099,5412,Generated based on literature patterns,3.0,601.3333333333334,8.59637398929068,3.0,high
Synthetic_01110,generated,psychiatry,RR,13,2015,8,33.86,0.1585,33.31,0.903,0.098,1480,Generated based on literature patterns,1.625,113.84615384615384,7.299797366758161,3.605551275463989,moderate
Synthetic_01111,generated,psychiatry,SMD,20,1996,7,63.72,0.2966,50.09,0.231,0.288,1257,Generated based on literature patterns,2.857142857142857,62.85,7.136483208590247,4.47213595499958,substantial
Synthetic_01112,generated,rheumatology,MD,11,2015,4,2.1,0.158,16.03,-0.034,0.035,8328,Generated based on literature patterns,2.75,757.0909090909091,9.027378610294805,3.3166247903554,low
Synthetic_01113,generated,pulmonology,MD,19,2025,4,53.91,1.2012,37.53,-3.434,0.456,522,Generated based on literature patterns,4.75,27.473684210526315,6.257667587882639,4.358898943540674,substantial
Synthetic_01114,generated,gastroenterology,COR,11,2009,3,84.45,0.9755,71.68,-0.165,0.091,4639,Generated based on literature patterns,3.6666666666666665,421.72727272727275,8.442254104751743,3.3166247903554,high
Synthetic_01115,generated,pulmonology,RR,29,2006,7,36.36,0.1424,54.63,1.768,0.137,1442,Generated based on literature patterns,4.142857142857143,49.724137931034484,7.273786317844895,5.385164807134504,moderate
Synthetic_01116,generated,dermatology,SMD,5,2009,22,65.59,0.7152,14.2,-0.383,0.095,4118,Generated based on literature patterns,0.22727272727272727,823.6,8.323122887587735,2.23606797749979,substantial
Synthetic_01117,generated,gastroenterology,RR,24,2007,14,55.51,0.2913,38.63,0.962,0.532,376,Generated based on literature patterns,1.7142857142857142,15.666666666666666,5.929589143389895,4.898979485566356,substantial
Synthetic_01118,generated,dermatology,COR,9,2008,14,1.73,0.3003,8.77,0.334,0.015,39755,Generated based on literature patterns,0.6428571428571429,4417.222222222223,10.590490898335585,3.0,low
Synthetic_01119,generated,nephrology,HR,24,2006,3,89.1,0.1481,225.33,0.841,0.131,3061,Generated based on literature patterns,8.0,127.54166666666667,8.026496938945412,4.898979485566356,high
Synthetic_01120,generated,dermatology,SMD,8,2012,8,41.09,0.2094,8.18,-0.462,0.085,7400,Generated based on literature patterns,1.0,925.0,8.909235279192261,2.8284271247461903,moderate
Synthetic_01121,generated,neurology,MD,12,2021,12,41.0,0.4416,18.77,0.939,0.494,280,Generated based on literature patterns,1.0,23.333333333333332,5.634789603169249,3.4641016151377544,moderate
Synthetic_01122,generated,cardiology,SMD,22,2004,26,48.18,0.2489,35.94,-0.946,0.051,32388,Generated based on literature patterns,0.8461538461538461,1472.1818181818182,10.385543262806005,4.69041575982343,moderate
Synthetic_01123,generated,pulmonology,RR,25,2019,4,80.68,0.0895,131.79,1.368,0.113,1963,Generated based on literature patterns,6.25,78.52,7.5822291942764615,5.0,high
Synthetic_01124,generated,neurology,HR,14,2016,3,35.01,0.0747,20.0,0.906,0.054,12425,Generated based on literature patterns,4.666666666666667,887.5,9.427465850964829,3.7416573867739413,moderate
Synthetic_01125,generated,nephrology,HR,6,2008,3,7.94,0.0261,3.59,0.722,0.027,27859,Generated based on literature patterns,2.0,4643.166666666667,10.234911352935114,2.449489742783178,low
Synthetic_01126,generated,psychiatry,SMD,20,2006,6,58.98,0.236,33.28,-0.904,0.123,10380,Generated based on literature patterns,3.3333333333333335,519.0,9.24763615671988,4.47213595499958,substantial
Synthetic_01127,generated,psychiatry,COR,17,2004,12,69.96,0.372,39.93,-0.613,0.433,496,Generated based on literature patterns,1.4166666666666667,29.176470588235293,6.206575926724928,4.123105625617661,substantial
Synthetic_01128,generated,pulmonology,COR,8,2022,3,90.19,2.5608,71.7,0.799,0.305,1533,Generated based on literature patterns,2.6666666666666665,191.625,7.334981878871814,2.8284271247461903,high
Synthetic_01129,generated,gastroenterology,HR,5,2005,4,5.6,0.0206,3.98,1.639,0.079,4950,Generated based on literature patterns,1.25,990.0,8.507142855562735,2.23606797749979,low
Synthetic_01130,generated,infectious_disease,RR,19,2018,6,59.21,0.2462,51.9,0.754,0.204,2738,Generated based on literature patterns,3.1666666666666665,144.10526315789474,7.914983005848394,4.358898943540674,substantial
Synthetic_01131,generated,gastroenterology,RR,14,2008,15,9.73,0.0307,17.0,1.011,0.159,1249,Generated based on literature patterns,0.9333333333333333,89.21428571428571,7.130098510125578,3.7416573867739413,low
Synthetic_01132,generated,infectious_disease,HR,14,2015,11,32.1,0.0951,18.74,0.678,0.1,3169,Generated based on literature patterns,1.2727272727272727,226.35714285714286,8.06117135969092,3.7416573867739413,moderate
Synthetic_01133,generated,urology,HR,16,1996,28,58.45,0.101,28.74,1.057,0.147,5468,Generated based on literature patterns,0.5714285714285714,341.75,8.60666819784384,4.0,substantial
Synthetic_01134,generated,urology,SMD,12,2015,8,3.64,0.0217,10.63,-0.429,0.7,117,Generated based on literature patterns,1.5,9.75,4.762173934797756,3.4641016151377544,low
Synthetic_01135,generated,endocrinology,SMD,20,2013,3,4.19,0.065,22.64,0.066,0.036,12151,Generated based on literature patterns,6.666666666666667,607.55,9.405166749908611,4.47213595499958,low
Synthetic_01136,generated,dermatology,MD,8,2006,19,42.4,0.5345,14.2,-2.181,0.156,2783,Generated based on literature patterns,0.42105263157894735,347.875,7.931284761525891,2.8284271247461903,moderate
Synthetic_01137,generated,ophthalmology,HR,50,2019,10,71.64,0.1066,195.03,0.861,0.263,1726,Generated based on literature patterns,5.0,34.52,7.453561871643373,7.0710678118654755,substantial
Synthetic_01138,generated,endocrinology,OR,9,2018,7,4.35,0.0058,9.03,0.895,0.041,36804,Generated based on literature patterns,1.2857142857142858,4089.3333333333335,10.513361813902252,3.0,low
Synthetic_01139,generated,endocrinology,SMD,7,2005,5,86.77,0.479,41.39,-0.421,0.244,783,Generated based on literature patterns,1.4,111.85714285714286,6.663132695990803,2.6457513110645907,high
Synthetic_01140,generated,nephrology,RR,8,2016,6,1.3,0.0134,4.49,0.59,0.041,12575,Generated based on literature patterns,1.3333333333333333,1571.875,9.43946599496794,2.8284271247461903,low
Synthetic_01141,generated,psychiatry,COR,7,2019,3,84.72,2.7504,50.46,-0.219,0.909,100,Generated based on literature patterns,2.3333333333333335,14.285714285714286,4.605170185988092,2.6457513110645907,high
Synthetic_01142,generated,gastroenterology,OR,5,2025,4,33.28,0.0736,4.01,0.796,0.212,645,Generated based on literature patterns,1.25,129.0,6.4692503167957724,2.23606797749979,moderate
Synthetic_01143,generated,nephrology,SMD,5,2017,26,6.07,0.0691,7.55,0.127,0.112,3229,Generated based on literature patterns,0.19230769230769232,645.8,8.079927770758275,2.23606797749979,low
Synthetic_01144,generated,immunology,SMD,13,2009,3,32.01,0.0632,22.41,0.028,0.3,391,Generated based on literature patterns,4.333333333333333,30.076923076923077,5.968707559985366,3.605551275463989,moderate
Synthetic_01145,generated,gastroenterology,MD,5,2019,6,3.71,0.1383,4.53,0.704,0.033,3006,Generated based on literature patterns,0.8333333333333334,601.2,8.00836557031292,2.23606797749979,low
Synthetic_01146,generated,rheumatology,MD,17,2007,20,34.48,0.941,40.99,1.139,0.668,112,Generated based on literature patterns,0.85,6.588235294117647,4.718498871295094,4.123105625617661,moderate
Synthetic_01147,generated,cardiology,SMD,15,2017,7,29.56,0.1126,9.79,-0.469,0.133,854,Generated based on literature patterns,2.142857142857143,56.93333333333333,6.74993119378857,3.872983346207417,moderate
Synthetic_01148,generated,psychiatry,HR,60,2013,4,78.86,0.3562,320.89,0.909,0.061,26366,Generated based on literature patterns,15.0,439.43333333333334,10.179830580317915,7.745966692414834,high
Synthetic_01149,generated,pulmonology,OR,26,2020,3,89.28,0.0958,247.46,1.202,0.127,4412,Generated based on literature patterns,8.666666666666666,169.69230769230768,8.392083380373393,5.0990195135927845,high
Synthetic_01150,generated,neurology,COR,27,2014,4,36.33,1.0409,48.01,-0.482,0.656,103,Generated based on literature patterns,6.75,3.814814814814815,4.634728988229636,5.196152422706632,moderate
Synthetic_01151,generated,pulmonology,SMD,22,2006,11,34.68,0.166,28.63,0.315,0.435,139,Generated based on literature patterns,2.0,6.318181818181818,4.9344739331306915,4.69041575982343,moderate
Synthetic_01152,generated,cardiology,MD,7,2010,12,87.85,0.578,82.84,0.293,0.933,100,Generated based on literature patterns,0.5833333333333334,14.285714285714286,4.605170185988092,2.6457513110645907,high
Synthetic_01153,generated,oncology,SMD,8,2014,6,31.7,0.2029,9.96,0.466,0.084,3078,Generated based on literature patterns,1.3333333333333333,384.75,8.032035314398824,2.8284271247461903,moderate
Synthetic_01154,generated,neurology,OR,16,2009,6,84.86,0.1546,109.04,1.29,0.076,7295,Generated based on literature patterns,2.6666666666666665,455.9375,8.894944460956886,4.0,high
Synthetic_01155,generated,psychiatry,SMD,16,2006,7,43.48,0.1717,20.67,-0.811,0.931,100,Generated based on literature patterns,2.2857142857142856,6.25,4.605170185988092,4.0,moderate
Synthetic_01156,generated,infectious_disease,HR,5,2013,11,81.36,0.2155,12.28,1.053,0.081,12865,Generated based on literature patterns,0.45454545454545453,2573.0,9.462265724715845,2.23606797749979,high
Synthetic_01157,generated,urology,OR,12,2014,9,69.76,0.165,46.89,0.829,0.464,284,Generated based on literature patterns,1.3333333333333333,23.666666666666668,5.648974238161206,3.4641016151377544,substantial
Synthetic_01158,generated,infectious_disease,COR,20,2015,7,87.21,1.1926,138.81,-0.264,0.42,358,Generated based on literature patterns,2.857142857142857,17.9,5.8805329864007,4.47213595499958,high
Synthetic_01159,generated,immunology,HR,14,2016,20,69.63,0.2219,32.05,0.568,0.112,4170,Generated based on literature patterns,0.7,297.85714285714283,8.335671314792847,3.7416573867739413,substantial
Synthetic_01160,generated,nephrology,MD,22,2013,6,54.72,0.5892,47.2,-2.471,0.333,893,Generated based on literature patterns,3.6666666666666665,40.59090909090909,6.794586580876499,4.69041575982343,substantial
Synthetic_01161,generated,immunology,HR,7,2019,3,79.4,0.0876,25.01,1.41,0.493,183,Generated based on literature patterns,2.3333333333333335,26.142857142857142,5.209486152841421,2.6457513110645907,high
Synthetic_01162,generated,infectious_disease,OR,8,2015,4,60.09,0.3194,11.51,0.98,0.204,6019,Generated based on literature patterns,2.0,752.375,8.70267641154777,2.8284271247461903,substantial
Synthetic_01163,generated,dermatology,MD,6,2014,7,3.0,0.2129,9.37,-2.036,0.228,583,Generated based on literature patterns,0.8571428571428571,97.16666666666667,6.368187186350492,2.449489742783178,low
Synthetic_01164,generated,rheumatology,RR,7,2007,8,81.92,0.1668,32.07,0.952,0.089,11139,Generated based on literature patterns,0.875,1591.2857142857142,9.318207742845189,2.6457513110645907,high
Synthetic_01165,generated,gastroenterology,SMD,9,2004,10,45.87,0.5628,25.74,0.449,0.335,748,Generated based on literature patterns,0.9,83.11111111111111,6.617402977974478,3.0,moderate
Synthetic_01166,generated,endocrinology,MD,8,2006,11,41.05,0.4476,10.3,-2.494,0.056,6931,Generated based on literature patterns,0.7272727272727273,866.375,8.843759381917984,2.8284271247461903,moderate
Synthetic_01167,generated,oncology,MD,25,2011,6,81.06,1.2,132.16,2.276,0.116,2296,Generated based on literature patterns,4.166666666666667,91.84,7.738923757439457,5.0,high
Synthetic_01168,generated,psychiatry,RR,26,2010,5,67.09,0.1753,64.69,1.046,0.639,205,Generated based on literature patterns,5.2,7.884615384615385,5.3230099791384085,5.0990195135927845,substantial
Synthetic_01169,generated,dermatology,HR,9,2009,7,35.34,0.0593,8.36,0.8,0.174,1361,Generated based on literature patterns,1.2857142857142858,151.22222222222223,7.215975002651466,3.0,moderate
Synthetic_01170,generated,infectious_disease,HR,15,2010,30,83.23,0.3664,92.41,0.897,0.475,332,Generated based on literature patterns,0.5,22.133333333333333,5.805134968916488,3.872983346207417,high
Synthetic_01171,generated,dermatology,SMD,23,2017,7,63.73,0.465,53.9,-0.569,0.312,1007,Generated based on literature patterns,3.2857142857142856,43.78260869565217,6.914730892718563,4.795831523312719,substantial
Synthetic_01172,generated,urology,COR,11,2015,9,40.73,0.9074,12.58,-0.251,0.176,547,Generated based on literature patterns,1.2222222222222223,49.72727272727273,6.304448802421981,3.3166247903554,moderate
Synthetic_01173,generated,infectious_disease,OR,9,2018,7,80.85,0.224,36.8,0.819,0.689,100,Generated based on literature patterns,1.2857142857142858,11.11111111111111,4.605170185988092,3.0,high
Synthetic_01174,generated,neurology,MD,12,2001,5,79.01,1.1577,98.04,2.381,0.672,460,Generated based on literature patterns,2.4,38.333333333333336,6.131226489483141,3.4641016151377544,high
Synthetic_01175,generated,endocrinology,COR,11,2012,3,9.59,0.2511,10.31,-0.246,0.083,3448,Generated based on literature patterns,3.6666666666666665,313.45454545454544,8.145549631783584,3.3166247903554,low
Synthetic_01176,generated,dermatology,HR,6,2004,4,41.27,0.1433,11.73,0.925,0.082,6424,Generated based on literature patterns,1.5,1070.6666666666667,8.767796255626598,2.449489742783178,moderate
Synthetic_01177,generated,nephrology,SMD,22,2012,21,61.82,0.2183,48.85,0.249,0.059,17210,Generated based on literature patterns,1.0476190476190477,782.2727272727273,9.753245889205585,4.69041575982343,substantial
Synthetic_01178,generated,ophthalmology,HR,12,2017,3,2.5,0.0082,12.36,2.151,0.247,854,Generated based on literature patterns,4.0,71.16666666666667,6.74993119378857,3.4641016151377544,low
Synthetic_01179,generated,urology,MD,21,2003,14,44.69,0.6227,34.64,0.07,0.137,2319,Generated based on literature patterns,1.5,110.42857142857143,7.7488913372555315,4.58257569495584,moderate
Synthetic_01180,generated,neurology,OR,5,2013,5,32.5,0.0476,10.18,1.072,0.374,667,Generated based on literature patterns,1.0,133.4,6.502790045915623,2.23606797749979,moderate
Synthetic_01181,generated,urology,HR,15,2016,7,4.97,0.0284,19.53,0.754,0.145,1383,Generated based on literature patterns,2.142857142857143,92.2,7.232010331664759,3.872983346207417,low
Synthetic_01182,generated,endocrinology,OR,5,2013,10,85.16,0.4587,34.78,2.41,0.113,4920,Generated based on literature patterns,0.5,984.0,8.501063809486354,2.23606797749979,high
Synthetic_01183,generated,ophthalmology,COR,16,2008,8,80.5,0.9086,104.23,-0.116,0.107,8079,Generated based on literature patterns,2.0,504.9375,8.997023381479709,4.0,high
Synthetic_01184,generated,cardiology,HR,20,2013,8,12.63,0.0503,18.07,0.919,0.338,100,Generated based on literature patterns,2.5,5.0,4.605170185988092,4.47213595499958,low
Synthetic_01185,generated,urology,OR,17,2009,5,2.91,0.0208,18.18,0.529,0.047,4583,Generated based on literature patterns,3.4,269.5882352941176,8.430109084509125,4.123105625617661,low
Synthetic_01186,generated,neurology,OR,12,2008,10,79.4,0.3639,65.15,0.586,0.206,2884,Generated based on literature patterns,1.2,240.33333333333334,7.96693349840484,3.4641016151377544,high
Synthetic_01187,generated,infectious_disease,HR,10,2015,5,82.65,0.1797,61.08,0.759,0.248,5418,Generated based on literature patterns,2.0,541.8,8.59748202264504,3.1622776601683795,high
Synthetic_01188,generated,dermatology,HR,9,2010,9,4.03,0.0373,10.91,0.317,0.4,780,Generated based on literature patterns,1.0,86.66666666666667,6.659293919683638,3.0,low
Synthetic_01189,generated,cardiology,RR,28,2016,30,76.75,0.239,126.08,0.94,0.094,2246,Generated based on literature patterns,0.9333333333333333,80.21428571428571,7.716906135298388,5.291502622129181,high
Synthetic_01190,generated,immunology,MD,7,2017,10,77.5,1.8657,22.15,-0.539,0.102,4542,Generated based on literature patterns,0.7,648.8571428571429,8.421122722665503,2.6457513110645907,high
Synthetic_01191,generated,urology,HR,5,2016,4,34.15,0.1353,9.99,1.389,0.114,2861,Generated based on literature patterns,1.25,572.2,7.95892649305011,2.23606797749979,moderate
Synthetic_01192,generated,rheumatology,MD,18,2008,9,3.85,0.115,25.26,3.712,0.052,10732,Generated based on literature patterns,2.0,596.2222222222222,9.280985211545515,4.242640687119285,low
Synthetic_01193,generated,endocrinology,RR,6,2020,12,58.72,0.0975,10.63,0.918,0.131,2143,Generated based on literature patterns,0.5,357.1666666666667,7.669961995473577,2.449489742783178,substantial
Synthetic_01194,generated,immunology,MD,15,2008,4,84.71,3.2744,116.31,-2.351,0.309,1063,Generated based on literature patterns,3.75,70.86666666666666,6.968850378341948,3.872983346207417,high
Synthetic_01195,generated,cardiology,HR,17,2005,3,6.0,0.0464,30.54,1.035,0.493,165,Generated based on literature patterns,5.666666666666667,9.705882352941176,5.10594547390058,4.123105625617661,low
Synthetic_01196,generated,gastroenterology,MD,8,2005,4,66.09,1.4834,17.11,-1.773,0.056,12644,Generated based on literature patterns,2.0,1580.5,9.444938073335509,2.8284271247461903,substantial
Synthetic_01197,generated,gastroenterology,HR,10,2008,13,59.45,0.1945,22.68,0.651,0.075,4227,Generated based on literature patterns,0.7692307692307693,422.7,8.34924780056679,3.1622776601683795,substantial
Synthetic_01198,generated,cardiology,COR,21,2012,17,58.41,0.7164,64.47,-0.2,0.214,710,Generated based on literature patterns,1.2352941176470589,33.80952380952381,6.565264970035361,4.58257569495584,substantial
Synthetic_01199,generated,immunology,MD,5,2009,3,2.03,0.0918,6.17,0.987,0.076,3987,Generated based on literature patterns,1.6666666666666667,797.4,8.290794347381356,2.23606797749979,low
Synthetic_01200,generated,ophthalmology,MD,5,2025,28,39.41,0.5445,7.35,-1.752,0.266,1142,Generated based on literature patterns,0.17857142857142858,228.4,7.040536390215956,2.23606797749979,moderate
Synthetic_01201,generated,immunology,SMD,14,2011,17,3.59,0.0351,26.87,-0.487,0.419,199,Generated based on literature patterns,0.8235294117647058,14.214285714285714,5.293304824724492,3.7416573867739413,low
Synthetic_01202,generated,endocrinology,MD,25,2001,6,38.11,0.1768,48.43,-2.063,0.188,2026,Generated based on literature patterns,4.166666666666667,81.04,7.613818684808629,5.0,moderate
Synthetic_01203,generated,gastroenterology,SMD,12,2017,13,1.96,0.0678,18.86,0.326,0.154,720,Generated based on literature patterns,0.9230769230769231,60.0,6.579251212010101,3.4641016151377544,low
Synthetic_01204,generated,immunology,HR,7,2019,5,3.93,0.0127,7.18,0.727,0.161,845,Generated based on literature patterns,1.4,120.71428571428571,6.739336627357174,2.6457513110645907,low
Synthetic_01205,generated,gastroenterology,OR,6,2004,5,72.62,0.2286,37.78,0.698,0.518,175,Generated based on literature patterns,1.2,29.166666666666668,5.1647859739235145,2.449489742783178,substantial
Synthetic_01206,generated,pulmonology,HR,18,2017,6,66.33,0.0813,62.43,0.948,0.139,9458,Generated based on literature patterns,3.0,525.4444444444445,9.15461622320382,4.242640687119285,substantial
Synthetic_01207,generated,dermatology,RR,14,2007,12,36.24,0.1213,14.27,0.625,0.146,1888,Generated based on literature patterns,1.1666666666666667,134.85714285714286,7.543273346705446,3.7416573867739413,moderate
Synthetic_01208,generated,neurology,OR,7,2011,7,60.46,0.3096,23.63,1.063,0.567,309,Generated based on literature patterns,1.0,44.142857142857146,5.733341276897746,2.6457513110645907,substantial
Synthetic_01209,generated,oncology,MD,10,2012,3,89.82,0.9632,81.61,-3.043,0.207,2605,Generated based on literature patterns,3.3333333333333335,260.5,7.865187954187467,3.1622776601683795,high
Synthetic_01210,generated,dermatology,RR,8,2022,7,41.14,0.0692,18.89,0.891,0.183,2330,Generated based on literature patterns,1.1428571428571428,291.25,7.753623546559746,2.8284271247461903,moderate
Synthetic_01211,generated,psychiatry,HR,21,2006,15,2.28,0.0112,29.55,2.128,0.085,5580,Generated based on literature patterns,1.4,265.7142857142857,8.626944055375356,4.58257569495584,low
Synthetic_01212,generated,ophthalmology,SMD,18,2023,12,62.89,0.1275,43.9,0.729,0.144,2490,Generated based on literature patterns,1.5,138.33333333333334,7.820037989458753,4.242640687119285,substantial
Synthetic_01213,generated,cardiology,SMD,14,2015,9,83.93,0.301,70.46,-0.783,0.243,2054,Generated based on literature patterns,1.5555555555555556,146.71428571428572,7.627544390488503,3.7416573867739413,high
Synthetic_01214,generated,cardiology,SMD,5,1999,3,34.23,0.2379,9.99,0.725,0.045,18424,Generated based on literature patterns,1.6666666666666667,3684.8,9.82140944150052,2.23606797749979,moderate
Synthetic_01215,generated,psychiatry,MD,9,2025,7,37.08,0.5954,22.5,0.857,0.159,4132,Generated based on literature patterns,1.2857142857142858,459.1111111111111,8.326516830239528,3.0,moderate
Synthetic_01216,generated,urology,OR,8,2022,3,2.95,0.0183,7.62,1.17,0.056,5964,Generated based on literature patterns,2.6666666666666665,745.5,8.69349667588463,2.8284271247461903,low
Synthetic_01217,generated,ophthalmology,COR,8,2010,9,90.8,0.9495,98.25,0.182,0.232,910,Generated based on literature patterns,0.8888888888888888,113.75,6.813444599510896,2.8284271247461903,high
Synthetic_01218,generated,urology,OR,5,2002,3,10.74,0.0329,6.58,0.947,0.204,764,Generated based on literature patterns,1.6666666666666667,152.8,6.638567789166521,2.23606797749979,low
Synthetic_01219,generated,endocrinology,COR,11,2008,9,82.15,1.0109,51.17,-0.029,0.067,7946,Generated based on literature patterns,1.2222222222222223,722.3636363636364,8.980423936374544,3.3166247903554,high
Synthetic_01220,generated,nephrology,OR,8,2002,10,87.67,0.1818,54.86,0.994,0.204,3152,Generated based on literature patterns,0.8,394.0,8.05579245097777,2.8284271247461903,high
Synthetic_01221,generated,endocrinology,MD,36,2011,13,77.86,1.0966,191.01,0.1,0.189,1556,Generated based on literature patterns,2.769230769230769,43.22222222222222,7.349873704738337,6.0,high
Synthetic_01222,generated,neurology,SMD,9,2009,16,1.23,0.0189,6.6,0.009,0.187,1090,Generated based on literature patterns,0.5625,121.11111111111111,6.993932975223189,3.0,low
Synthetic_01223,generated,pulmonology,SMD,7,2009,23,0.79,0.0212,9.77,-0.46,0.048,5364,Generated based on literature patterns,0.30434782608695654,766.2857142857143,8.587465244401569,2.6457513110645907,low
Synthetic_01224,generated,endocrinology,MD,6,2014,3,41.47,0.666,4.62,-2.514,0.324,415,Generated based on literature patterns,2.0,69.16666666666667,6.028278520230698,2.449489742783178,moderate
Synthetic_01225,generated,neurology,HR,10,2015,5,82.93,0.1151,55.23,0.491,0.072,5782,Generated based on literature patterns,2.0,578.2,8.662504922576291,3.1622776601683795,high
Synthetic_01226,generated,gastroenterology,MD,7,2007,3,4.47,0.1564,2.29,-3.952,0.057,6669,Generated based on literature patterns,2.3333333333333335,952.7142857142857,8.805225202632306,2.6457513110645907,low
Synthetic_01227,generated,rheumatology,MD,15,2008,13,87.48,2.5062,108.96,0.845,0.053,7379,Generated based on literature patterns,1.1538461538461537,491.93333333333334,8.906393407058367,3.872983346207417,high
Synthetic_01228,generated,psychiatry,COR,10,2006,14,3.83,0.1184,17.45,-0.588,0.077,5971,Generated based on literature patterns,0.7142857142857143,597.1,8.694669696546992,3.1622776601683795,low
Synthetic_01229,generated,neurology,COR,14,2014,21,2.53,0.0493,15.32,0.137,0.1,7093,Generated based on literature patterns,0.6666666666666666,506.64285714285717,8.866863661202087,3.7416573867739413,low
Synthetic_01230,generated,neurology,RR,23,2015,7,59.72,0.0568,55.95,1.351,0.117,5140,Generated based on literature patterns,3.2857142857142856,223.47826086956522,8.544808358449211,4.795831523312719,substantial
Synthetic_01231,generated,oncology,MD,15,2010,15,3.49,0.1684,12.43,1.506,0.441,355,Generated based on literature patterns,1.0,23.666666666666668,5.872117789475416,3.872983346207417,low
Synthetic_01232,generated,neurology,COR,11,2017,5,68.06,1.0762,29.88,0.505,0.347,484,Generated based on literature patterns,2.2,44.0,6.182084906716632,3.3166247903554,substantial
Synthetic_01233,generated,cardiology,MD,5,2017,19,80.65,0.5087,14.63,0.022,0.125,14513,Generated based on literature patterns,0.2631578947368421,2902.6,9.582800078470363,2.23606797749979,high
Synthetic_01234,generated,infectious_disease,RR,7,2021,3,30.25,0.0729,8.32,1.085,0.083,4991,Generated based on literature patterns,2.3333333333333335,713.0,8.515391569469609,2.6457513110645907,moderate
Synthetic_01235,generated,endocrinology,SMD,8,2015,30,4.88,0.0437,2.31,-0.082,0.057,4226,Generated based on literature patterns,0.26666666666666666,528.25,8.349011198176003,2.8284271247461903,low
Synthetic_01236,generated,oncology,COR,6,2013,9,3.47,0.1021,4.86,-0.006,0.337,100,Generated based on literature patterns,0.6666666666666666,16.666666666666668,4.605170185988092,2.449489742783178,low
Synthetic_01237,generated,nephrology,RR,21,2010,7,5.54,0.0345,14.36,0.924,0.077,2598,Generated based on literature patterns,3.0,123.71428571428571,7.862497197230545,4.58257569495584,low
Synthetic_01238,generated,oncology,SMD,13,2017,13,32.74,0.3275,29.29,0.157,0.02,33068,Generated based on literature patterns,1.0,2543.6923076923076,10.406321326372566,3.605551275463989,moderate
Synthetic_01239,generated,dermatology,OR,9,2012,24,52.54,0.0618,21.51,1.19,0.565,107,Generated based on literature patterns,0.375,11.88888888888889,4.672828834461906,3.0,substantial
Synthetic_01240,generated,rheumatology,SMD,15,2010,3,68.89,0.1575,58.65,-0.704,0.694,173,Generated based on literature patterns,5.0,11.533333333333333,5.153291594497779,3.872983346207417,substantial
Synthetic_01241,generated,gastroenterology,OR,12,2012,7,58.74,0.1914,23.56,0.7,0.093,10877,Generated based on literature patterns,1.7142857142857142,906.4166666666666,9.294405747093851,3.4641016151377544,substantial
Synthetic_01242,generated,gastroenterology,COR,17,2010,3,59.33,1.0995,37.16,0.242,0.08,5875,Generated based on literature patterns,5.666666666666667,345.5882352941176,8.67846133901236,4.123105625617661,substantial
Synthetic_01243,generated,immunology,OR,7,2017,4,2.47,0.0268,4.01,0.539,0.042,16381,Generated based on literature patterns,1.75,2340.1428571428573,9.703877405604631,2.6457513110645907,low
Synthetic_01244,generated,gastroenterology,OR,20,2020,6,61.1,0.224,52.03,1.621,0.204,2121,Generated based on literature patterns,3.3333333333333335,106.05,7.659642954564682,4.47213595499958,substantial
Synthetic_01245,generated,ophthalmology,COR,25,2005,6,79.96,0.805,96.24,0.409,0.612,195,Generated based on literature patterns,4.166666666666667,7.8,5.272999558563747,5.0,high
Synthetic_01246,generated,rheumatology,HR,6,2024,30,34.24,0.0478,7.17,0.976,0.215,1183,Generated based on literature patterns,0.2,197.16666666666666,7.075808863978387,2.449489742783178,moderate
Synthetic_01247,generated,dermatology,HR,19,2007,3,32.47,0.1044,39.94,1.668,0.182,927,Generated based on literature patterns,6.333333333333333,48.78947368421053,6.831953565565855,4.358898943540674,moderate
Synthetic_01248,generated,oncology,RR,8,2013,4,38.9,0.1287,5.93,1.174,0.447,643,Generated based on literature patterns,2.0,80.375,6.466144724237619,2.8284271247461903,moderate
Synthetic_01249,generated,urology,MD,22,2010,4,5.8,0.1752,16.29,1.536,0.026,20359,Generated based on literature patterns,5.5,925.4090909090909,9.921278353544677,4.69041575982343,low
Synthetic_01250,generated,gastroenterology,SMD,13,2000,19,64.18,0.2336,40.27,-0.195,0.261,486,Generated based on literature patterns,0.6842105263157895,37.38461538461539,6.186208623900494,3.605551275463989,substantial
Synthetic_01251,generated,neurology,SMD,8,2008,13,86.55,0.405,58.12,0.251,0.054,9817,Generated based on literature patterns,0.6153846153846154,1227.125,9.191870855692521,2.8284271247461903,high
Synthetic_01252,generated,dermatology,HR,10,1996,14,56.82,0.0761,21.13,1.709,0.406,304,Generated based on literature patterns,0.7142857142857143,30.4,5.717027701406222,3.1622776601683795,substantial
Synthetic_01253,generated,urology,RR,15,2015,6,83.37,0.1631,108.64,0.566,0.105,5023,Generated based on literature patterns,2.5,334.8666666666667,8.521782643750045,3.872983346207417,high
Synthetic_01254,generated,gastroenterology,SMD,7,2007,4,13.18,0.137,4.2,-0.329,0.222,505,Generated based on literature patterns,1.75,72.14285714285714,6.22455842927536,2.6457513110645907,low
Synthetic_01255,generated,psychiatry,SMD,7,2009,3,65.0,0.3389,24.91,0.541,0.345,1339,Generated based on literature patterns,2.3333333333333335,191.28571428571428,7.199678345691172,2.6457513110645907,substantial
Synthetic_01256,generated,endocrinology,OR,5,2006,4,37.71,0.1235,8.13,0.832,0.455,208,Generated based on literature patterns,1.25,41.6,5.337538079701318,2.23606797749979,moderate
Synthetic_01257,generated,endocrinology,MD,12,2010,3,86.35,2.9279,83.15,-1.395,0.427,358,Generated based on literature patterns,4.0,29.833333333333332,5.8805329864007,3.4641016151377544,high
Synthetic_01258,generated,rheumatology,RR,8,2009,12,82.92,0.091,38.44,0.867,0.729,242,Generated based on literature patterns,0.6666666666666666,30.25,5.488937726156687,2.8284271247461903,high
Synthetic_01259,generated,ophthalmology,OR,12,2020,7,38.01,0.0306,9.3,0.57,0.079,6465,Generated based on literature patterns,1.7142857142857142,538.75,8.774158291205957,3.4641016151377544,moderate
Synthetic_01260,generated,dermatology,RR,21,2012,13,65.25,0.1354,75.74,0.687,0.057,21870,Generated based on literature patterns,1.6153846153846154,1041.4285714285713,9.992871113670814,4.58257569495584,substantial
Synthetic_01261,generated,endocrinology,OR,17,2005,16,85.45,0.5338,123.52,1.245,0.093,3559,Generated based on literature patterns,1.0625,209.35294117647058,8.177234885510194,4.123105625617661,high
Synthetic_01262,generated,endocrinology,HR,25,2008,4,56.61,0.1605,47.25,1.482,0.261,964,Generated based on literature patterns,6.25,38.56,6.871091294610546,5.0,substantial
Synthetic_01263,generated,ophthalmology,MD,10,2005,3,39.89,0.5179,15.86,1.404,0.074,4462,Generated based on literature patterns,3.3333333333333335,446.2,8.403352374992478,3.1622776601683795,moderate
Synthetic_01264,generated,endocrinology,COR,11,2014,4,3.28,0.1148,14.23,-0.177,0.056,8237,Generated based on literature patterns,2.75,748.8181818181819,9.016391478941248,3.3166247903554,low
Synthetic_01265,generated,urology,HR,13,2001,3,61.51,0.1253,25.18,0.566,0.248,948,Generated based on literature patterns,4.333333333333333,72.92307692307692,6.854354502255021,3.605551275463989,substantial
Synthetic_01266,generated,nephrology,HR,5,2024,7,84.66,0.2483,39.18,0.451,0.121,2298,Generated based on literature patterns,0.7142857142857143,459.6,7.739794458408701,2.23606797749979,high
Synthetic_01267,generated,immunology,SMD,28,2009,13,79.96,0.4149,134.16,-0.09,0.362,356,Generated based on literature patterns,2.1538461538461537,12.714285714285714,5.87493073085203,5.291502622129181,high
Synthetic_01268,generated,pulmonology,HR,22,2015,4,72.1,0.2547,69.07,0.483,0.183,795,Generated based on literature patterns,5.5,36.13636363636363,6.678342114654332,4.69041575982343,substantial
Synthetic_01269,generated,gastroenterology,MD,9,2010,16,76.71,0.6994,42.43,-0.347,0.303,1135,Generated based on literature patterns,0.5625,126.11111111111111,7.034387929915503,3.0,high
Synthetic_01270,generated,neurology,HR,16,2009,9,31.22,0.1176,17.55,1.039,0.062,4021,Generated based on literature patterns,1.7777777777777777,251.3125,8.299285906897275,4.0,moderate
Synthetic_01271,generated,psychiatry,OR,13,2024,16,2.37,0.0084,7.15,0.688,0.087,4698,Generated based on literature patterns,0.8125,361.38461538461536,8.454892165218858,3.605551275463989,low
Synthetic_01272,generated,oncology,OR,35,2016,13,30.69,0.0635,41.36,1.018,0.165,1258,Generated based on literature patterns,2.6923076923076925,35.94285714285714,7.1372784372603855,5.916079783099616,moderate
Synthetic_01273,generated,psychiatry,RR,26,2012,8,53.07,0.1255,50.79,0.806,0.065,3766,Generated based on literature patterns,3.25,144.84615384615384,8.233768709217097,5.0990195135927845,substantial
Synthetic_01274,generated,ophthalmology,HR,17,2007,7,36.88,0.102,38.23,1.112,0.475,402,Generated based on literature patterns,2.4285714285714284,23.647058823529413,5.996452088619021,4.123105625617661,moderate
Synthetic_01275,generated,endocrinology,MD,16,2017,3,77.09,2.2009,61.79,1.37,0.127,4613,Generated based on literature patterns,5.333333333333333,288.3125,8.43663368355782,4.0,high
Synthetic_01276,generated,pulmonology,HR,7,2005,5,3.24,0.0161,7.03,0.804,0.28,163,Generated based on literature patterns,1.4,23.285714285714285,5.093750200806762,2.6457513110645907,low
Synthetic_01277,generated,immunology,COR,18,2028,3,40.99,0.1927,24.28,-0.409,0.889,124,Generated based on literature patterns,6.0,6.888888888888889,4.820281565605037,4.242640687119285,moderate
Synthetic_01278,generated,dermatology,SMD,21,2004,4,86.61,0.4001,162.05,-0.413,0.099,7457,Generated based on literature patterns,5.25,355.0952380952381,8.916908467543795,4.58257569495584,high
Synthetic_01279,generated,ophthalmology,RR,10,2010,20,61.9,0.1513,28.6,1.304,0.941,100,Generated based on literature patterns,0.5,10.0,4.605170185988092,3.1622776601683795,substantial
Synthetic_01280,generated,nephrology,SMD,13,2015,9,70.13,0.5272,33.01,-0.13,0.713,352,Generated based on literature patterns,1.4444444444444444,27.076923076923077,5.863631175598097,3.605551275463989,substantial
Synthetic_01281,generated,pulmonology,HR,5,2022,15,5.34,0.0149,2.65,0.698,0.063,3079,Generated based on literature patterns,0.3333333333333333,615.8,8.0323601479245,2.23606797749979,low
Synthetic_01282,generated,oncology,SMD,18,2020,5,88.38,0.3698,171.15,-0.221,0.033,51135,Generated based on literature patterns,3.6,2840.8333333333335,10.842224473240114,4.242640687119285,high
Synthetic_01283,generated,infectious_disease,COR,5,2016,5,66.08,0.766,14.55,0.538,0.23,849,Generated based on literature patterns,1.0,169.8,6.744059186311348,2.23606797749979,substantial
Synthetic_01284,generated,rheumatology,OR,16,2005,4,75.63,0.3051,61.4,0.782,0.079,8404,Generated based on literature patterns,4.0,525.25,9.036463061964891,4.0,high
Synthetic_01285,generated,nephrology,RR,12,2026,4,1.86,0.0123,15.04,1.146,0.256,876,Generated based on literature patterns,3.0,73.0,6.775366090936392,3.4641016151377544,low
Synthetic_01286,generated,rheumatology,RR,13,2015,22,80.75,0.2383,67.68,0.705,0.032,52542,Generated based on literature patterns,0.5909090909090909,4041.6923076923076,10.86936812875028,3.605551275463989,high
Synthetic_01287,generated,neurology,OR,41,2020,15,41.19,0.0736,58.43,0.619,0.133,1266,Generated based on literature patterns,2.7333333333333334,30.878048780487806,7.143617602704121,6.4031242374328485,moderate
Synthetic_01288,generated,oncology,RR,12,2012,30,2.78,0.0188,14.18,0.444,0.172,1063,Generated based on literature patterns,0.4,88.58333333333333,6.968850378341948,3.4641016151377544,low
Synthetic_01289,generated,endocrinology,RR,5,2022,4,4.56,0.0478,2.4,1.106,0.087,3247,Generated based on literature patterns,1.25,649.4,8.085486772102845,2.23606797749979,low
Synthetic_01290,generated,nephrology,HR,11,2015,13,6.9,0.022,6.99,1.225,0.007,162072,Generated based on literature patterns,0.8461538461538461,14733.818181818182,11.995795959922788,3.3166247903554,low
Synthetic_01291,generated,oncology,HR,20,1999,5,80.05,0.2163,96.15,0.66,0.286,1190,Generated based on literature patterns,4.0,59.5,7.081708586105575,4.47213595499958,high
Synthetic_01292,generated,pulmonology,COR,7,2012,4,84.42,1.311,47.27,-0.228,0.236,2315,Generated based on literature patterns,1.75,330.7142857142857,7.747164966520335,2.6457513110645907,high
Synthetic_01293,generated,nephrology,COR,19,2015,8,68.74,1.5348,62.3,0.033,0.512,250,Generated based on literature patterns,2.375,13.157894736842104,5.521460917862246,4.358898943540674,substantial
Synthetic_01294,generated,oncology,SMD,11,2012,12,92.5,0.7769,139.93,-0.488,0.157,3541,Generated based on literature patterns,0.9166666666666666,321.90909090909093,8.172164452111904,3.3166247903554,high
Synthetic_01295,generated,urology,COR,12,2011,25,3.41,0.1082,12.41,-0.758,0.251,512,Generated based on literature patterns,0.48,42.666666666666664,6.238324625039508,3.4641016151377544,low
Synthetic_01296,generated,nephrology,OR,9,2014,17,86.85,0.1547,86.04,0.8,0.282,372,Generated based on literature patterns,0.5294117647058824,41.333333333333336,5.918893854273146,3.0,high
Synthetic_01297,generated,gastroenterology,HR,20,2013,14,41.23,0.2684,47.92,0.606,0.151,1105,Generated based on literature patterns,1.4285714285714286,55.25,7.007600613951853,4.47213595499958,moderate
Synthetic_01298,generated,cardiology,MD,5,2007,5,2.95,0.3105,13.14,1.179,0.041,21764,Generated based on literature patterns,1.0,4352.8,9.988012507605816,2.23606797749979,low
Synthetic_01299,generated,urology,RR,9,2021,4,79.18,0.0902,34.11,0.647,0.314,1767,Generated based on literature patterns,2.25,196.33333333333334,7.4770384723196965,3.0,high
Synthetic_01300,generated,immunology,HR,21,2023,30,83.47,0.2702,164.65,0.717,0.166,3857,Generated based on literature patterns,0.7,183.66666666666666,8.257644958208228,4.58257569495584,high
Synthetic_01301,generated,neurology,SMD,11,2013,3,67.38,0.518,38.86,-0.427,0.03,48296,Generated based on literature patterns,3.6666666666666665,4390.545454545455,10.785104020476263,3.3166247903554,substantial
Synthetic_01302,generated,neurology,HR,8,2010,16,80.04,0.3112,25.85,0.79,0.171,856,Generated based on literature patterns,0.5,107.0,6.752270376141742,2.8284271247461903,high
Synthetic_01303,generated,oncology,COR,21,2014,11,7.09,0.0792,17.44,0.872,0.192,1080,Generated based on literature patterns,1.9090909090909092,51.42857142857143,6.984716320118266,4.58257569495584,low
Synthetic_01304,generated,psychiatry,COR,6,2010,12,46.83,0.7867,9.98,0.47,0.2,702,Generated based on literature patterns,0.5,117.0,6.553933404025811,2.449489742783178,moderate
Synthetic_01305,generated,psychiatry,COR,8,2008,13,1.19,0.0484,13.66,0.4,0.086,1610,Generated based on literature patterns,0.6153846153846154,201.25,7.383989457978509,2.8284271247461903,low
Synthetic_01306,generated,ophthalmology,HR,43,2007,6,34.68,0.0675,58.55,0.772,0.36,308,Generated based on literature patterns,7.166666666666667,7.162790697674419,5.730099782973574,6.557438524302,moderate
Synthetic_01307,generated,rheumatology,MD,14,2011,4,82.79,3.0476,69.54,-0.313,0.115,10022,Generated based on literature patterns,3.5,715.8571428571429,9.21253795551967,3.7416573867739413,high
Synthetic_01308,generated,urology,HR,13,2014,13,65.42,0.1153,43.89,1.264,0.244,2302,Generated based on literature patterns,1.0,177.07692307692307,7.741533589281828,3.605551275463989,substantial
Synthetic_01309,generated,urology,MD,15,2005,17,5.68,0.0618,8.17,-4.251,0.099,2531,Generated based on literature patterns,0.8823529411764706,168.73333333333332,7.836369760545124,3.872983346207417,low
Synthetic_01310,generated,psychiatry,SMD,23,2014,12,84.09,0.4271,140.8,0.08,0.108,6494,Generated based on literature patterns,1.9166666666666667,282.3478260869565,8.77863395266279,4.795831523312719,high
Synthetic_01311,generated,dermatology,COR,71,2008,4,1.59,0.1057,51.49,-0.061,0.201,394,Generated based on literature patterns,17.75,5.549295774647887,5.976350909297934,8.426149773176359,low
Synthetic_01312,generated,infectious_disease,MD,20,2010,18,55.7,0.5487,35.06,-0.602,0.237,795,Generated based on literature patterns,1.1111111111111112,39.75,6.678342114654332,4.47213595499958,substantial
Synthetic_01313,generated,neurology,RR,13,2016,4,4.04,0.0136,8.9,0.666,0.091,1838,Generated based on literature patterns,3.25,141.3846153846154,7.516433302915632,3.605551275463989,low
Synthetic_01314,generated,oncology,COR,19,2014,5,11.39,0.3261,14.87,0.662,0.04,6267,Generated based on literature patterns,3.8,329.8421052631579,8.743053050224676,4.358898943540674,low
Synthetic_01315,generated,oncology,RR,6,2016,3,77.25,0.179,18.01,0.642,0.133,5795,Generated based on literature patterns,2.0,965.8333333333334,8.664750755773852,2.449489742783178,high
Synthetic_01316,generated,endocrinology,SMD,8,2017,11,33.15,0.2031,20.87,-0.519,0.045,12692,Generated based on literature patterns,0.7272727272727273,1586.5,9.448727152703086,2.8284271247461903,moderate
Synthetic_01317,generated,nephrology,COR,15,1997,4,78.75,2.463,62.14,0.153,0.153,4398,Generated based on literature patterns,3.75,293.2,8.388905171114706,3.872983346207417,high
Synthetic_01318,generated,ophthalmology,MD,24,2016,12,55.14,0.5138,67.74,1.247,0.184,982,Generated based on literature patterns,2.0,40.916666666666664,6.889591308354466,4.898979485566356,substantial
Synthetic_01319,generated,rheumatology,RR,15,2004,3,35.71,0.0683,20.0,0.823,0.109,2707,Generated based on literature patterns,5.0,180.46666666666667,7.903596289614301,3.872983346207417,moderate
Synthetic_01320,generated,psychiatry,HR,22,2009,24,70.89,0.4029,87.66,0.794,0.335,944,Generated based on literature patterns,0.9166666666666666,42.90909090909091,6.8501261661455,4.69041575982343,substantial
Synthetic_01321,generated,psychiatry,RR,14,2006,17,6.8,0.0467,21.78,0.513,0.099,2433,Generated based on literature patterns,0.8235294117647058,173.78571428571428,7.796880342783522,3.7416573867739413,low
Synthetic_01322,generated,cardiology,COR,14,2009,5,44.88,1.1959,31.74,0.268,0.274,546,Generated based on literature patterns,2.8,39.0,6.302618975744905,3.7416573867739413,moderate
Synthetic_01323,generated,nephrology,RR,5,2013,5,81.77,0.2108,26.17,0.477,0.199,1257,Generated based on literature patterns,1.0,251.4,7.136483208590247,2.23606797749979,high
Synthetic_01324,generated,cardiology,SMD,20,2008,10,54.17,0.4379,36.28,-0.973,0.102,2807,Generated based on literature patterns,2.0,140.35,7.939871576361883,4.47213595499958,substantial
Synthetic_01325,generated,nephrology,HR,5,2002,4,69.18,0.0846,15.18,0.588,0.05,39006,Generated based on literature patterns,1.25,7801.2,10.571470759432524,2.23606797749979,substantial
Synthetic_01326,generated,cardiology,RR,12,2013,6,38.0,0.0801,18.25,1.267,0.283,614,Generated based on literature patterns,2.0,51.166666666666664,6.419994928147142,3.4641016151377544,moderate
Synthetic_01327,generated,gastroenterology,MD,9,2005,4,5.09,0.1815,14.97,0.121,0.137,1699,Generated based on literature patterns,2.25,188.77777777777777,7.4377951216719325,3.0,low
Synthetic_01328,generated,cardiology,MD,15,1999,18,7.09,0.1077,20.57,-2.803,0.085,1376,Generated based on literature patterns,0.8333333333333334,91.73333333333333,7.226936018493289,3.872983346207417,low
Synthetic_01329,generated,infectious_disease,SMD,14,2017,11,5.37,0.0558,14.03,-1.128,0.135,1937,Generated based on literature patterns,1.2727272727272727,138.35714285714286,7.5688956634069955,3.7416573867739413,low
Synthetic_01330,generated,nephrology,MD,5,2009,3,8.61,0.1848,7.11,-0.761,0.178,927,Generated based on literature patterns,1.6666666666666667,185.4,6.831953565565855,2.23606797749979,low
Synthetic_01331,generated,gastroenterology,HR,20,2017,5,65.29,0.1205,56.56,1.281,0.12,2558,Generated based on literature patterns,4.0,127.9,7.846980982138788,4.47213595499958,substantial
Synthetic_01332,generated,pulmonology,SMD,14,2010,6,77.47,0.1411,58.33,0.373,0.344,950,Generated based on literature patterns,2.3333333333333335,67.85714285714286,6.856461984594587,3.7416573867739413,high
Synthetic_01333,generated,pulmonology,OR,19,2012,11,65.69,0.1953,70.11,1.534,0.647,228,Generated based on literature patterns,1.7272727272727273,12.0,5.429345628954441,4.358898943540674,substantial
Synthetic_01334,generated,neurology,SMD,10,2002,3,6.19,0.087,18.15,0.205,0.149,609,Generated based on literature patterns,3.3333333333333335,60.9,6.411818267709897,3.1622776601683795,low
Synthetic_01335,generated,endocrinology,RR,10,2011,6,40.6,0.0877,17.67,1.446,0.12,2887,Generated based on literature patterns,1.6666666666666667,288.7,7.967973179662935,3.1622776601683795,moderate
Synthetic_01336,generated,infectious_disease,MD,10,2016,4,54.83,0.7935,24.97,0.069,0.225,847,Generated based on literature patterns,2.5,84.7,6.741700694652055,3.1622776601683795,substantial
Synthetic_01337,generated,immunology,OR,16,2026,4,60.22,0.0546,41.97,0.653,0.736,100,Generated based on literature patterns,4.0,6.25,4.605170185988092,4.0,substantial
Synthetic_01338,generated,neurology,HR,12,2010,13,58.69,0.1903,46.8,0.835,0.071,31749,Generated based on literature patterns,0.9230769230769231,2645.75,10.365616507761834,3.4641016151377544,substantial
Synthetic_01339,generated,psychiatry,SMD,7,2013,7,61.43,0.6927,26.5,0.387,0.285,560,Generated based on literature patterns,1.0,80.0,6.327936783729195,2.6457513110645907,substantial
Synthetic_01340,generated,rheumatology,OR,5,2011,3,5.05,0.0283,4.29,1.024,0.054,7992,Generated based on literature patterns,1.6666666666666667,1598.4,8.98619632032839,2.23606797749979,low
Synthetic_01341,generated,ophthalmology,COR,8,2024,3,37.53,0.826,22.27,0.245,0.205,879,Generated based on literature patterns,2.6666666666666665,109.875,6.778784897685177,2.8284271247461903,moderate
Synthetic_01342,generated,endocrinology,HR,16,2018,8,47.9,0.1318,31.34,1.153,0.258,439,Generated based on literature patterns,2.0,27.4375,6.0844994130751715,4.0,moderate
Synthetic_01343,generated,rheumatology,HR,11,2008,22,38.52,0.2605,26.86,0.49,0.126,964,Generated based on literature patterns,0.5,87.63636363636364,6.871091294610546,3.3166247903554,moderate
Synthetic_01344,generated,psychiatry,HR,18,2000,19,37.99,0.1562,17.17,0.691,0.602,100,Generated based on literature patterns,0.9473684210526315,5.555555555555555,4.605170185988092,4.242640687119285,moderate
Synthetic_01345,generated,urology,RR,6,2012,6,29.79,0.0354,5.98,1.522,0.105,1551,Generated based on literature patterns,1.0,258.5,7.346655163176539,2.449489742783178,moderate
Synthetic_01346,generated,urology,OR,17,2024,6,61.18,0.1103,33.74,1.173,0.597,338,Generated based on literature patterns,2.8333333333333335,19.88235294117647,5.823045895483019,4.123105625617661,substantial
Synthetic_01347,generated,endocrinology,RR,31,2018,11,66.63,0.1203,80.48,1.397,0.107,5818,Generated based on literature patterns,2.8181818181818183,187.67741935483872,8.668711839055147,5.5677643628300215,substantial
Synthetic_01348,generated,ophthalmology,HR,18,2015,16,51.86,0.1713,34.8,1.498,0.324,562,Generated based on literature patterns,1.125,31.22222222222222,6.331501849893691,4.242640687119285,substantial
Synthetic_01349,generated,cardiology,HR,24,2009,6,9.65,0.0234,29.32,0.972,0.108,4215,Generated based on literature patterns,4.0,175.625,8.346404870435956,4.898979485566356,low
Synthetic_01350,generated,rheumatology,SMD,41,2003,6,77.41,0.3559,208.45,0.032,0.129,1457,Generated based on literature patterns,6.833333333333333,35.53658536585366,7.284134806195205,6.4031242374328485,high
Synthetic_01351,generated,gastroenterology,RR,18,2012,11,53.56,0.0925,44.48,0.559,0.087,6236,Generated based on literature patterns,1.6363636363636365,346.44444444444446,8.738094230177667,4.242640687119285,substantial
Synthetic_01352,generated,oncology,COR,5,2013,30,1.49,0.0634,3.58,-0.342,0.207,479,Generated based on literature patterns,0.16666666666666666,95.8,6.171700597410915,2.23606797749979,low
Synthetic_01353,generated,nephrology,RR,10,2008,3,34.9,0.15,23.89,0.356,0.247,972,Generated based on literature patterns,3.3333333333333335,97.2,6.879355804460439,3.1622776601683795,moderate
Synthetic_01354,generated,immunology,MD,18,2022,19,45.29,1.0713,30.76,-1.509,0.049,8777,Generated based on literature patterns,0.9473684210526315,487.6111111111111,9.079889942592118,4.242640687119285,moderate
Synthetic_01355,generated,immunology,MD,16,2009,3,66.76,1.1641,43.17,1.641,0.112,2609,Generated based on literature patterns,5.333333333333333,163.0625,7.866722285136729,4.0,substantial
Synthetic_01356,generated,nephrology,MD,55,2010,20,45.63,1.278,93.35,0.281,0.461,276,Generated based on literature patterns,2.75,5.0181818181818185,5.62040086571715,7.416198487095663,moderate
Synthetic_01357,generated,urology,RR,24,2011,5,67.88,0.2078,66.41,0.761,0.904,170,Generated based on literature patterns,4.8,7.083333333333333,5.135798437050262,4.898979485566356,substantial
Synthetic_01358,generated,neurology,MD,16,2013,4,56.77,0.9718,42.4,0.706,0.219,891,Generated based on literature patterns,4.0,55.6875,6.792344427470809,4.0,substantial
Synthetic_01359,generated,nephrology,COR,5,2001,7,6.8,0.0823,6.12,-0.049,0.173,594,Generated based on literature patterns,0.7142857142857143,118.8,6.386879319362645,2.23606797749979,low
Synthetic_01360,generated,endocrinology,RR,9,1998,3,79.52,0.1191,30.99,0.828,0.336,613,Generated based on literature patterns,3.0,68.11111111111111,6.418364935936212,3.0,high
Synthetic_01361,generated,neurology,SMD,5,2009,3,3.52,0.0305,5.73,0.421,0.131,1401,Generated based on literature patterns,1.6666666666666667,280.2,7.244941546337007,2.23606797749979,low
Synthetic_01362,generated,psychiatry,RR,23,2010,11,77.26,0.387,105.3,0.41,0.208,3014,Generated based on literature patterns,2.090909090909091,131.04347826086956,8.01102337918644,4.795831523312719,high
Synthetic_01363,generated,urology,HR,15,2012,10,4.33,0.0284,10.94,1.15,0.122,3000,Generated based on literature patterns,1.5,200.0,8.006367567650246,3.872983346207417,low
Synthetic_01364,generated,nephrology,COR,44,2013,6,44.27,0.6936,72.74,-0.453,0.125,4631,Generated based on literature patterns,7.333333333333333,105.25,8.440528106480752,6.6332495807108,moderate
Synthetic_01365,generated,urology,OR,8,1995,12,36.5,0.1245,14.66,1.168,0.05,6528,Generated based on literature patterns,0.6666666666666666,816.0,8.783855896643942,2.8284271247461903,moderate
Synthetic_01366,generated,immunology,RR,8,2010,25,82.94,0.2535,50.56,1.44,0.893,113,Generated based on literature patterns,0.32,14.125,4.727387818712341,2.8284271247461903,high
Synthetic_01367,generated,cardiology,HR,33,2013,8,36.86,0.0901,51.82,0.835,0.188,392,Generated based on literature patterns,4.125,11.878787878787879,5.971261839790462,5.744562646538029,moderate
Synthetic_01368,generated,oncology,COR,18,2011,13,85.92,1.3624,111.67,0.016,0.156,3536,Generated based on literature patterns,1.3846153846153846,196.44444444444446,8.170751423757535,4.242640687119285,high
Synthetic_01369,generated,endocrinology,MD,6,2007,13,4.7,0.0763,1.93,1.919,0.049,19044,Generated based on literature patterns,0.46153846153846156,3174.0,9.85450737031441,2.449489742783178,low
Synthetic_01370,generated,immunology,SMD,9,2009,9,55.95,0.1457,15.0,-0.225,1.1,107,Generated based on literature patterns,1.0,11.88888888888889,4.672828834461906,3.0,substantial
Synthetic_01371,generated,pulmonology,SMD,18,2007,15,32.12,0.0868,30.35,-0.902,0.041,7098,Generated based on literature patterns,1.2,394.3333333333333,8.867568333206442,4.242640687119285,moderate
Synthetic_01372,generated,neurology,SMD,8,2019,4,69.96,0.3035,34.96,0.643,0.378,638,Generated based on literature patterns,2.0,79.75,6.45833828334479,2.8284271247461903,substantial
Synthetic_01373,generated,cardiology,OR,5,2013,3,27.99,0.0545,5.33,1.368,0.038,11878,Generated based on literature patterns,1.6666666666666667,2375.6,9.382443228575806,2.23606797749979,moderate
Synthetic_01374,generated,infectious_disease,HR,8,2001,7,7.58,0.0352,4.91,1.314,0.105,2608,Generated based on literature patterns,1.1428571428571428,326.0,7.866338923046544,2.8284271247461903,low
Synthetic_01375,generated,cardiology,MD,6,2007,14,11.04,0.6734,5.36,5.25,0.202,1015,Generated based on literature patterns,0.42857142857142855,169.16666666666666,6.922643891475888,2.449489742783178,low
Synthetic_01376,generated,urology,MD,7,2016,9,3.77,0.1147,3.76,-1.796,0.135,1931,Generated based on literature patterns,0.7777777777777778,275.85714285714283,7.565793282428515,2.6457513110645907,low
Synthetic_01377,generated,pulmonology,MD,9,2006,11,33.24,0.2696,15.92,2.739,0.164,825,Generated based on literature patterns,0.8181818181818182,91.66666666666667,6.715383386334681,3.0,moderate
Synthetic_01378,generated,nephrology,RR,10,2012,3,36.83,0.1089,11.77,0.42,0.649,352,Generated based on literature patterns,3.3333333333333335,35.2,5.863631175598097,3.1622776601683795,moderate
Synthetic_01379,generated,ophthalmology,COR,14,2010,6,78.36,0.482,69.7,-0.464,0.063,22337,Generated based on literature patterns,2.3333333333333335,1595.5,10.013999775333557,3.7416573867739413,high
Synthetic_01380,generated,immunology,OR,31,2014,3,83.05,0.2764,182.91,0.873,0.198,606,Generated based on literature patterns,10.333333333333334,19.548387096774192,6.406879986069314,5.5677643628300215,high
Synthetic_01381,generated,nephrology,RR,30,2005,21,1.32,0.0077,35.65,0.5,0.049,5405,Generated based on literature patterns,1.4285714285714286,180.16666666666666,8.595079730073309,5.477225575051661,low
Synthetic_01382,generated,psychiatry,MD,12,2007,30,30.42,0.3564,26.83,0.144,0.237,1115,Generated based on literature patterns,0.4,92.91666666666667,7.016609683894219,3.4641016151377544,moderate
Synthetic_01383,generated,endocrinology,SMD,24,2006,8,79.23,0.2848,113.08,1.03,0.337,711,Generated based on literature patterns,3.0,29.625,6.566672429803241,4.898979485566356,high
Synthetic_01384,generated,rheumatology,SMD,21,2013,8,8.45,0.0264,10.92,-0.152,0.087,2539,Generated based on literature patterns,2.625,120.9047619047619,7.839525581704678,4.58257569495584,low
Synthetic_01385,generated,dermatology,RR,37,2014,3,39.02,0.0894,60.24,0.463,0.092,2787,Generated based on literature patterns,12.333333333333334,75.32432432432432,7.932721027481948,6.082762530298219,moderate
Synthetic_01386,generated,psychiatry,OR,17,2025,3,88.47,0.5121,139.03,0.459,0.287,1291,Generated based on literature patterns,5.666666666666667,75.94117647058823,7.1631723908466425,4.123105625617661,high
Synthetic_01387,generated,immunology,COR,19,2010,3,2.22,0.1588,11.45,0.116,0.169,2094,Generated based on literature patterns,6.333333333333333,110.21052631578948,7.646831391430482,4.358898943540674,low
Synthetic_01388,generated,urology,SMD,17,2014,12,57.72,0.2499,27.87,0.511,0.036,52435,Generated based on literature patterns,1.4166666666666667,3084.4117647058824,10.867329586268506,4.123105625617661,substantial
Synthetic_01389,generated,psychiatry,OR,9,2012,3,45.12,0.1087,13.24,0.591,0.293,1748,Generated based on literature patterns,3.0,194.22222222222223,7.466227556215481,3.0,moderate
Synthetic_01390,generated,ophthalmology,HR,5,2018,7,66.22,0.1811,8.42,1.208,0.397,961,Generated based on literature patterns,0.7142857142857143,192.2,6.8679744089702925,2.23606797749979,substantial
Synthetic_01391,generated,neurology,COR,7,2008,4,34.47,0.7821,6.35,0.271,0.111,1920,Generated based on literature patterns,1.75,274.2857142857143,7.560080465021827,2.6457513110645907,moderate
Synthetic_01392,generated,oncology,OR,35,2006,6,70.5,0.1225,146.37,0.535,0.174,6196,Generated based on literature patterns,5.833333333333333,177.02857142857144,8.73165920153676,5.916079783099616,substantial
Synthetic_01393,generated,oncology,MD,10,2012,7,45.58,0.7128,17.3,0.296,0.245,521,Generated based on literature patterns,1.4285714285714286,52.1,6.255750041753367,3.1622776601683795,moderate
Synthetic_01394,generated,nephrology,SMD,8,2014,11,7.16,0.0472,10.81,-0.429,0.235,429,Generated based on literature patterns,0.7272727272727273,53.625,6.061456918928017,2.8284271247461903,low
Synthetic_01395,generated,rheumatology,MD,9,2004,14,5.54,0.2545,5.27,-2.409,0.149,1600,Generated based on literature patterns,0.6428571428571429,177.77777777777777,7.3777589082278725,3.0,low
Synthetic_01396,generated,immunology,RR,6,2004,3,84.57,0.3308,44.41,1.411,0.063,17646,Generated based on literature patterns,2.0,2941.0,9.77826440778205,2.449489742783178,high
Synthetic_01397,generated,infectious_disease,MD,12,2010,4,40.61,0.3948,21.48,3.257,0.054,8144,Generated based on literature patterns,3.0,678.6666666666666,9.005036738790304,3.4641016151377544,moderate
Synthetic_01398,generated,gastroenterology,COR,9,2014,5,84.57,0.8313,60.91,0.245,0.152,4535,Generated based on literature patterns,1.8,503.8888888888889,8.419580362549237,3.0,high
Synthetic_01399,generated,rheumatology,HR,9,2013,7,40.33,0.2972,17.72,0.857,0.432,386,Generated based on literature patterns,1.2857142857142858,42.888888888888886,5.955837369464831,3.0,moderate
Synthetic_01400,generated,dermatology,RR,23,2013,3,43.27,0.1839,42.44,1.143,0.309,1075,Generated based on literature patterns,7.666666666666667,46.73913043478261,6.980075940561763,4.795831523312719,moderate
Synthetic_01401,generated,pulmonology,SMD,7,2009,6,2.23,0.0172,6.08,-0.334,0.159,566,Generated based on literature patterns,1.1666666666666667,80.85714285714286,6.338594078203183,2.6457513110645907,low
Synthetic_01402,generated,cardiology,MD,18,1994,4,61.15,0.8207,41.05,1.406,0.076,5291,Generated based on literature patterns,4.5,293.94444444444446,8.57376254290413,4.242640687119285,substantial
Synthetic_01403,generated,psychiatry,COR,18,2018,3,90.81,1.9138,238.36,-0.124,0.202,2946,Generated based on literature patterns,6.0,163.66666666666666,7.988203597022576,4.242640687119285,high
Synthetic_01404,generated,pulmonology,SMD,19,2015,11,78.93,0.447,98.06,-0.078,0.778,336,Generated based on literature patterns,1.7272727272727273,17.68421052631579,5.817111159963204,4.358898943540674,high
Synthetic_01405,generated,urology,HR,18,2017,6,28.96,0.0493,19.08,0.973,0.172,1165,Generated based on literature patterns,3.0,64.72222222222223,7.060476365999801,4.242640687119285,moderate
Synthetic_01406,generated,ophthalmology,MD,15,2015,4,35.8,0.4558,30.78,-1.163,0.916,133,Generated based on literature patterns,3.75,8.866666666666667,4.890349128221754,3.872983346207417,moderate
Synthetic_01407,generated,neurology,COR,13,2004,14,65.69,1.4113,53.19,0.215,0.102,9996,Generated based on literature patterns,0.9285714285714286,768.9230769230769,9.209940291954844,3.605551275463989,substantial
Synthetic_01408,generated,nephrology,COR,10,2007,5,76.72,0.1279,41.1,0.134,0.428,602,Generated based on literature patterns,2.0,60.2,6.400257445308821,3.1622776601683795,high
Synthetic_01409,generated,immunology,SMD,12,1992,3,59.95,0.6916,18.62,0.648,0.236,506,Generated based on literature patterns,4.0,42.166666666666664,6.226536669287466,3.4641016151377544,substantial
Synthetic_01410,generated,neurology,OR,23,2014,3,42.54,0.0982,45.98,0.588,0.414,241,Generated based on literature patterns,7.666666666666667,10.478260869565217,5.484796933490655,4.795831523312719,moderate
Synthetic_01411,generated,immunology,HR,6,2010,14,56.16,0.2556,15.75,0.874,0.099,1962,Generated based on literature patterns,0.42857142857142855,327.0,7.581719640125308,2.449489742783178,substantial
Synthetic_01412,generated,infectious_disease,SMD,18,2000,4,6.83,0.0612,19.38,0.706,0.032,18798,Generated based on literature patterns,4.5,1044.3333333333333,9.841505760180247,4.242640687119285,low
Synthetic_01413,generated,infectious_disease,COR,5,2004,10,6.9,0.2746,26.67,0.012,0.543,165,Generated based on literature patterns,0.5,33.0,5.10594547390058,2.23606797749979,low
Synthetic_01414,generated,infectious_disease,SMD,26,2009,5,64.06,0.2372,68.71,0.699,0.177,2920,Generated based on literature patterns,5.2,112.3076923076923,7.979338895262328,5.0990195135927845,substantial
Synthetic_01415,generated,psychiatry,RR,28,2010,5,43.96,0.0777,67.6,1.413,0.346,323,Generated based on literature patterns,5.6,11.535714285714286,5.777652323222656,5.291502622129181,moderate
Synthetic_01416,generated,gastroenterology,HR,8,2014,4,5.53,0.0158,10.98,1.298,0.065,5539,Generated based on literature patterns,2.0,692.375,8.619569258033104,2.8284271247461903,low
Synthetic_01417,generated,gastroenterology,COR,22,2008,12,38.03,0.7679,28.14,-0.329,0.037,17822,Generated based on literature patterns,1.8333333333333333,810.0909090909091,9.788188928172666,4.69041575982343,moderate
Synthetic_01418,generated,endocrinology,MD,11,2022,6,44.0,0.6001,29.42,-0.351,0.143,2342,Generated based on literature patterns,1.8333333333333333,212.9090909090909,7.758760544157663,3.3166247903554,moderate
Synthetic_01419,generated,endocrinology,MD,5,2012,11,33.32,0.4677,4.29,-0.963,0.624,100,Generated based on literature patterns,0.45454545454545453,20.0,4.605170185988092,2.23606797749979,moderate
Synthetic_01420,generated,neurology,COR,9,2019,4,5.98,0.0538,5.57,0.636,0.012,193324,Generated based on literature patterns,2.25,21480.444444444445,12.172122816827107,3.0,low
Synthetic_01421,generated,neurology,OR,14,1992,9,37.08,0.0735,27.21,0.755,0.174,3887,Generated based on literature patterns,1.5555555555555556,277.64285714285717,8.265392930852224,3.7416573867739413,moderate
Synthetic_01422,generated,nephrology,SMD,10,2004,13,79.74,0.4441,54.92,-0.477,0.343,1459,Generated based on literature patterns,0.7692307692307693,145.9,7.285506548522785,3.1622776601683795,high
Synthetic_01423,generated,pulmonology,COR,17,1997,12,9.35,0.0977,16.41,-0.087,0.021,54946,Generated based on literature patterns,1.4166666666666667,3232.1176470588234,10.914106163733607,4.123105625617661,low
Synthetic_01424,generated,infectious_disease,COR,13,2018,4,37.29,0.5176,12.18,0.34,0.267,354,Generated based on literature patterns,3.25,27.23076923076923,5.869296913133774,3.605551275463989,moderate
Synthetic_01425,generated,neurology,SMD,6,2014,3,52.72,0.2418,13.79,0.378,0.082,10461,Generated based on literature patterns,2.0,1743.5,9.25540933534376,2.449489742783178,substantial
Synthetic_01426,generated,gastroenterology,SMD,9,2007,3,11.28,0.0361,8.7,0.129,0.164,856,Generated based on literature patterns,3.0,95.11111111111111,6.752270376141742,3.0,low
Synthetic_01427,generated,endocrinology,MD,24,2020,3,37.48,0.5228,51.61,-2.366,0.303,999,Generated based on literature patterns,8.0,41.625,6.906754778648554,4.898979485566356,moderate
Synthetic_01428,generated,gastroenterology,HR,7,2005,17,0.88,0.0091,9.14,1.348,0.074,11543,Generated based on literature patterns,0.4117647058823529,1649.0,9.353834471614912,2.6457513110645907,low
Synthetic_01429,generated,oncology,RR,10,2012,6,2.42,0.011,7.27,0.723,0.104,1881,Generated based on literature patterns,1.6666666666666667,188.1,7.53955882930103,3.1622776601683795,low
Synthetic_01430,generated,dermatology,RR,12,2009,3,35.76,0.1192,13.49,0.67,0.061,9994,Generated based on literature patterns,4.0,832.8333333333334,9.20974019190415,3.4641016151377544,moderate
Synthetic_01431,generated,nephrology,OR,7,2010,8,40.15,0.1179,16.79,1.074,0.584,100,Generated based on literature patterns,0.875,14.285714285714286,4.605170185988092,2.6457513110645907,moderate
Synthetic_01432,generated,dermatology,MD,11,2022,4,61.24,0.3992,22.87,-1.889,0.06,17387,Generated based on literature patterns,2.75,1580.6363636363637,9.76347807952779,3.3166247903554,substantial
Synthetic_01433,generated,pulmonology,SMD,5,2016,3,78.98,0.2789,20.42,0.484,0.31,3045,Generated based on literature patterns,1.6666666666666667,609.0,8.021256180143997,2.23606797749979,high
Synthetic_01434,generated,psychiatry,COR,20,2011,6,80.06,0.947,98.0,0.009,0.192,1955,Generated based on literature patterns,3.3333333333333335,97.75,7.578145472419466,4.47213595499958,high
Synthetic_01435,generated,psychiatry,COR,20,2008,6,80.22,1.1248,86.16,0.537,0.161,8051,Generated based on literature patterns,3.3333333333333335,402.55,8.993551586299981,4.47213595499958,high
Synthetic_01436,generated,dermatology,MD,18,2003,22,5.65,0.077,28.76,1.559,0.334,241,Generated based on literature patterns,0.8181818181818182,13.38888888888889,5.484796933490655,4.242640687119285,low
Synthetic_01437,generated,endocrinology,OR,13,2016,12,55.97,0.0981,37.41,0.765,0.23,1890,Generated based on literature patterns,1.0833333333333333,145.3846153846154,7.5443321080536885,3.605551275463989,substantial
Synthetic_01438,generated,pulmonology,MD,25,2010,4,31.82,0.4887,41.63,3.342,0.032,95769,Generated based on literature patterns,6.25,3830.76,11.46969432077795,5.0,moderate
Synthetic_01439,generated,rheumatology,MD,6,2014,7,80.05,1.9246,19.24,1.888,0.098,3844,Generated based on literature patterns,0.8571428571428571,640.6666666666666,8.254268770090183,2.449489742783178,high
Synthetic_01440,generated,neurology,SMD,8,2008,19,66.44,0.2289,26.83,-0.602,0.173,3906,Generated based on literature patterns,0.42105263157894735,488.25,8.270269111436624,2.8284271247461903,substantial
Synthetic_01441,generated,nephrology,RR,8,2009,26,4.35,0.0149,9.59,0.696,0.137,1903,Generated based on literature patterns,0.3076923076923077,237.875,7.551186867296149,2.8284271247461903,low
Synthetic_01442,generated,immunology,COR,5,2013,6,39.62,1.1255,8.07,0.349,0.14,1470,Generated based on literature patterns,0.8333333333333334,294.0,7.293017679772782,2.23606797749979,moderate
Synthetic_01443,generated,infectious_disease,COR,10,2008,9,9.0,0.2905,9.33,-0.295,0.015,138391,Generated based on literature patterns,1.1111111111111112,13839.1,11.8378382911495,3.1622776601683795,low
Synthetic_01444,generated,urology,RR,7,2004,16,66.41,0.3174,17.8,0.87,0.059,34873,Generated based on literature patterns,0.4375,4981.857142857143,10.459468169808975,2.6457513110645907,substantial
Synthetic_01445,generated,rheumatology,MD,16,2008,5,76.8,1.248,66.42,-0.807,0.126,3664,Generated based on literature patterns,3.2,229.0,8.20631072579402,4.0,high
Synthetic_01446,generated,neurology,HR,5,2016,4,67.95,0.1579,14.45,0.333,0.077,22333,Generated based on literature patterns,1.25,4466.6,10.013820684220475,2.23606797749979,substantial
Synthetic_01447,generated,urology,MD,30,2017,6,86.62,1.2471,227.0,1.604,0.352,616,Generated based on literature patterns,5.0,20.533333333333335,6.423246963533519,5.477225575051661,high
Synthetic_01448,generated,nephrology,COR,10,2020,5,60.0,2.1967,24.34,-0.001,0.222,469,Generated based on literature patterns,2.0,46.9,6.150602768446279,3.1622776601683795,substantial
Synthetic_01449,generated,ophthalmology,RR,15,2025,5,61.6,0.2735,37.17,0.995,0.256,2420,Generated based on literature patterns,3.0,161.33333333333334,7.791522819150732,3.872983346207417,substantial
Synthetic_01450,generated,ophthalmology,MD,12,2007,30,6.09,0.2906,7.3,-2.763,0.087,10490,Generated based on literature patterns,0.4,874.1666666666666,9.258177701390343,3.4641016151377544,low
Synthetic_01451,generated,dermatology,RR,12,2021,3,5.84,0.0483,13.44,1.514,0.213,423,Generated based on literature patterns,4.0,35.25,6.0473721790462776,3.4641016151377544,low
Synthetic_01452,generated,psychiatry,SMD,18,2005,7,5.99,0.0645,13.68,0.783,0.1,1329,Generated based on literature patterns,2.5714285714285716,73.83333333333333,7.192182058713246,4.242640687119285,low
Synthetic_01453,generated,gastroenterology,RR,30,2029,25,83.7,0.1577,177.92,2.174,0.095,4015,Generated based on literature patterns,1.2,133.83333333333334,8.297792626380861,5.477225575051661,high
Synthetic_01454,generated,urology,MD,11,2000,3,5.79,0.2975,5.43,-1.022,0.03,10562,Generated based on literature patterns,3.6666666666666665,960.1818181818181,9.26501793326688,3.3166247903554,low
Synthetic_01455,generated,infectious_disease,HR,7,2005,15,44.52,0.1616,16.34,0.91,0.094,2519,Generated based on literature patterns,0.4666666666666667,359.85714285714283,7.831617276352611,2.6457513110645907,moderate
Synthetic_01456,generated,dermatology,COR,9,2009,23,64.4,1.2969,29.77,-0.302,0.285,519,Generated based on literature patterns,0.391304347826087,57.666666666666664,6.251903883165888,3.0,substantial
Synthetic_01457,generated,dermatology,OR,26,2010,5,2.43,0.0149,26.09,1.511,0.228,1151,Generated based on literature patterns,5.2,44.26923076923077,7.048386408721883,5.0990195135927845,low
Synthetic_01458,generated,urology,MD,22,2015,13,55.26,1.0217,56.91,1.108,0.042,12316,Generated based on literature patterns,1.6923076923076923,559.8181818181819,9.41865450904439,4.69041575982343,substantial
Synthetic_01459,generated,rheumatology,OR,5,2013,4,60.33,0.1993,4.84,0.924,0.132,2167,Generated based on literature patterns,1.25,433.4,7.681099001536359,2.23606797749979,substantial
Synthetic_01460,generated,psychiatry,OR,28,2008,3,78.24,0.1597,118.14,0.576,0.623,274,Generated based on literature patterns,9.333333333333334,9.785714285714286,5.6131281063880705,5.291502622129181,high
Synthetic_01461,generated,urology,SMD,43,2011,3,75.43,0.7004,166.91,0.033,0.064,16023,Generated based on literature patterns,14.333333333333334,372.6279069767442,9.68178046900788,6.557438524302,high
Synthetic_01462,generated,oncology,COR,9,2009,19,36.21,0.7379,15.02,-0.022,0.114,692,Generated based on literature patterns,0.47368421052631576,76.88888888888889,6.539585955617669,3.0,moderate
Synthetic_01463,generated,infectious_disease,SMD,9,2013,14,62.96,0.1657,22.05,-0.095,0.113,2077,Generated based on literature patterns,0.6428571428571429,230.77777777777777,7.638679823876112,3.0,substantial
Synthetic_01464,generated,rheumatology,SMD,10,2011,8,74.6,0.3937,32.27,0.583,0.144,1993,Generated based on literature patterns,1.25,199.3,7.597396320212795,3.1622776601683795,substantial
Synthetic_01465,generated,dermatology,MD,5,2013,9,78.35,1.4283,13.51,1.323,0.09,4799,Generated based on literature patterns,0.5555555555555556,959.8,8.476162841858246,2.23606797749979,high
Synthetic_01466,generated,immunology,COR,5,1997,10,80.85,1.0862,24.4,0.177,0.182,2322,Generated based on literature patterns,0.5,464.4,7.7501841622578365,2.23606797749979,high
Synthetic_01467,generated,immunology,HR,5,2012,4,65.82,0.2463,16.36,0.697,0.415,695,Generated based on literature patterns,1.25,139.0,6.543911845564792,2.23606797749979,substantial
Synthetic_01468,generated,neurology,SMD,32,2013,3,1.51,0.0364,30.0,-0.397,0.118,1070,Generated based on literature patterns,10.666666666666666,33.4375,6.975413927455952,5.656854249492381,low
Synthetic_01469,generated,oncology,RR,6,2014,19,6.27,0.0492,16.65,0.724,0.116,2273,Generated based on literature patterns,0.3157894736842105,378.8333333333333,7.728855823852543,2.449489742783178,low
Synthetic_01470,generated,pulmonology,SMD,13,2009,11,43.89,0.0981,16.06,0.068,0.069,10416,Generated based on literature patterns,1.1818181818181819,801.2307692307693,9.251098364448351,3.605551275463989,moderate
Synthetic_01471,generated,cardiology,HR,7,2018,3,72.92,0.416,33.9,1.967,0.282,585,Generated based on literature patterns,2.3333333333333335,83.57142857142857,6.371611847231857,2.6457513110645907,substantial
Synthetic_01472,generated,oncology,MD,9,2021,3,84.19,1.9013,62.12,-2.157,0.273,1201,Generated based on literature patterns,3.0,133.44444444444446,7.0909098220799835,3.0,high
Synthetic_01473,generated,rheumatology,COR,20,2003,30,10.27,0.3722,23.49,-0.388,0.044,10789,Generated based on literature patterns,0.6666666666666666,539.45,9.28628237555134,4.47213595499958,low
Synthetic_01474,generated,gastroenterology,COR,15,2016,5,3.32,0.1405,19.49,0.66,0.172,827,Generated based on literature patterns,3.0,55.13333333333333,6.717804695023691,3.872983346207417,low
Synthetic_01475,generated,cardiology,RR,9,2014,7,5.55,0.0342,7.39,1.87,0.099,4385,Generated based on literature patterns,1.2857142857142858,487.22222222222223,8.385944904806284,3.0,low
Synthetic_01476,generated,pulmonology,MD,8,2001,27,41.05,1.3106,11.38,2.174,0.171,511,Generated based on literature patterns,0.2962962962962963,63.875,6.236369590203704,2.8284271247461903,moderate
Synthetic_01477,generated,cardiology,OR,5,2006,7,61.57,0.249,13.09,1.239,1.061,230,Generated based on literature patterns,0.7142857142857143,46.0,5.438079308923196,2.23606797749979,substantial
Synthetic_01478,generated,psychiatry,MD,34,2015,14,47.47,1.008,67.98,1.952,0.056,20138,Generated based on literature patterns,2.4285714285714284,592.2941176470588,9.910363856475561,5.830951894845301,moderate
Synthetic_01479,generated,gastroenterology,MD,5,2023,5,4.33,0.0853,5.17,0.127,0.111,5863,Generated based on literature patterns,1.0,1172.6,8.676416696964216,2.23606797749979,low
Synthetic_01480,generated,immunology,OR,8,2000,12,6.37,0.0968,5.64,0.983,0.077,6592,Generated based on literature patterns,0.6666666666666666,824.0,8.793612071589308,2.8284271247461903,low
Synthetic_01481,generated,immunology,SMD,22,2024,13,3.15,0.0423,20.39,-0.065,0.063,5912,Generated based on literature patterns,1.6923076923076923,268.72727272727275,8.684739462628038,4.69041575982343,low
Synthetic_01482,generated,psychiatry,HR,25,2005,10,81.34,0.2664,128.88,0.998,0.383,899,Generated based on literature patterns,2.5,35.96,6.80128303447162,5.0,high
Synthetic_01483,generated,dermatology,MD,11,2003,15,0.6,0.0741,12.45,0.09,0.184,1592,Generated based on literature patterns,0.7333333333333333,144.72727272727272,7.3727463664043285,3.3166247903554,low
Synthetic_01484,generated,nephrology,SMD,16,2015,4,5.64,0.0693,26.7,-0.68,0.082,1898,Generated based on literature patterns,4.0,118.625,7.5485559791698735,4.0,low
Synthetic_01485,generated,immunology,COR,9,2016,11,80.53,1.1343,39.26,-0.506,0.272,699,Generated based on literature patterns,0.8181818181818182,77.66666666666667,6.54965074223381,3.0,high
Synthetic_01486,generated,gastroenterology,OR,5,2003,16,63.21,0.2636,20.28,1.032,0.085,10416,Generated based on literature patterns,0.3125,2083.2,9.251098364448351,2.23606797749979,substantial
Synthetic_01487,generated,immunology,RR,5,2012,5,69.91,0.1439,10.2,1.218,0.047,10752,Generated based on literature patterns,1.0,2150.4,9.282847062762931,2.23606797749979,substantial
Synthetic_01488,generated,ophthalmology,OR,14,2011,13,5.76,0.0443,10.77,1.117,0.089,1047,Generated based on literature patterns,1.0769230769230769,74.78571428571429,6.953684210870537,3.7416573867739413,low
Synthetic_01489,generated,rheumatology,RR,7,2018,4,56.56,0.1585,13.41,1.48,0.106,7861,Generated based on literature patterns,1.75,1123.0,8.969669103793757,2.6457513110645907,substantial
Synthetic_01490,generated,endocrinology,OR,15,2004,5,78.82,0.2146,83.13,1.297,0.143,7004,Generated based on literature patterns,3.0,466.93333333333334,8.854236693405742,3.872983346207417,high
Synthetic_01491,generated,ophthalmology,OR,11,2008,5,5.64,0.0591,14.48,0.717,0.165,705,Generated based on literature patterns,2.2,64.0909090909091,6.558197802812269,3.3166247903554,low
Synthetic_01492,generated,endocrinology,OR,36,2012,10,34.78,0.055,59.05,0.53,0.27,1228,Generated based on literature patterns,3.6,34.111111111111114,7.113142108707088,6.0,moderate
Synthetic_01493,generated,neurology,HR,21,2023,8,86.83,0.2852,173.75,1.478,0.737,158,Generated based on literature patterns,2.625,7.523809523809524,5.062595033026967,4.58257569495584,high
Synthetic_01494,generated,pulmonology,HR,7,2003,10,68.18,0.2242,22.71,1.626,0.124,8476,Generated based on literature patterns,0.7,1210.857142857143,9.04499391938819,2.6457513110645907,substantial
Synthetic_01495,generated,psychiatry,COR,7,2013,10,33.35,0.7723,8.84,0.32,0.169,765,Generated based on literature patterns,0.7,109.28571428571429,6.639875833826536,2.6457513110645907,moderate
Synthetic_01496,generated,neurology,COR,5,2009,3,85.1,0.7685,32.01,0.048,0.214,2447,Generated based on literature patterns,1.6666666666666667,489.4,7.802618063442671,2.23606797749979,high
Synthetic_01497,generated,infectious_disease,OR,22,2020,5,6.77,0.0243,20.73,0.545,0.077,2469,Generated based on literature patterns,4.4,112.22727272727273,7.81156848934518,4.69041575982343,low
Synthetic_01498,generated,endocrinology,SMD,5,2016,3,54.1,0.5519,8.28,-1.454,0.312,398,Generated based on literature patterns,1.6666666666666667,79.6,5.986452005284438,2.23606797749979,substantial
Synthetic_01499,generated,oncology,SMD,5,2011,5,83.73,0.3569,26.87,0.156,0.172,3383,Generated based on literature patterns,1.0,676.6,8.12651816878071,2.23606797749979,high
Synthetic_01500,generated,urology,SMD,15,2012,3,79.79,0.3074,77.36,0.405,1.555,112,Generated based on literature patterns,5.0,7.466666666666667,4.718498871295094,3.872983346207417,high
Synthetic_01501,generated,pulmonology,SMD,12,2016,7,40.08,0.325,27.48,-0.359,0.239,3854,Generated based on literature patterns,1.7142857142857142,321.1666666666667,8.256866848974312,3.4641016151377544,moderate
Synthetic_01502,generated,rheumatology,COR,7,2013,10,84.01,2.4055,52.44,-0.625,0.083,3274,Generated based on literature patterns,0.7,467.7142857142857,8.09376775793108,2.6457513110645907,high
Synthetic_01503,generated,psychiatry,OR,5,2014,8,72.44,0.3856,24.21,0.947,0.095,6129,Generated based on literature patterns,0.625,1225.8,8.720786883485731,2.23606797749979,substantial
Synthetic_01504,generated,dermatology,COR,6,2018,17,8.51,0.0818,6.91,-0.304,0.06,4837,Generated based on literature patterns,0.35294117647058826,806.1666666666666,8.484049972822984,2.449489742783178,low
Synthetic_01505,generated,dermatology,OR,10,2011,6,12.56,0.0339,12.32,0.978,0.22,392,Generated based on literature patterns,1.6666666666666667,39.2,5.971261839790462,3.1622776601683795,low
Synthetic_01506,generated,rheumatology,SMD,8,2004,5,45.0,0.3214,18.07,-0.191,0.295,711,Generated based on literature patterns,1.6,88.875,6.566672429803241,2.8284271247461903,moderate
Synthetic_01507,generated,rheumatology,HR,8,2021,3,82.15,0.2385,53.06,1.211,0.356,626,Generated based on literature patterns,2.6666666666666665,78.25,6.439350371100098,2.8284271247461903,high
Synthetic_01508,generated,gastroenterology,COR,5,2009,7,33.62,0.1586,7.96,-0.297,0.187,998,Generated based on literature patterns,0.7142857142857143,199.6,6.905753276311464,2.23606797749979,moderate
Synthetic_01509,generated,gastroenterology,OR,6,2016,16,91.36,0.415,59.6,0.731,0.192,1196,Generated based on literature patterns,0.375,199.33333333333334,7.086737934510577,2.449489742783178,high
Synthetic_01510,generated,psychiatry,RR,11,2014,12,80.21,0.062,62.98,1.017,0.205,2493,Generated based on literature patterns,0.9166666666666666,226.63636363636363,7.821242083523558,3.3166247903554,high
Synthetic_01511,generated,cardiology,OR,11,2018,7,43.09,0.1173,9.02,0.771,0.379,921,Generated based on literature patterns,1.5714285714285714,83.72727272727273,6.825460036255307,3.3166247903554,moderate
Synthetic_01512,generated,immunology,MD,12,2013,11,35.74,0.8683,18.01,-3.732,0.072,8253,Generated based on literature patterns,1.0909090909090908,687.75,9.018332049592685,3.4641016151377544,moderate
Synthetic_01513,generated,dermatology,COR,7,2021,17,30.76,0.231,5.88,-0.259,0.139,637,Generated based on literature patterns,0.4117647058823529,91.0,6.456769655572163,2.6457513110645907,moderate
Synthetic_01514,generated,neurology,COR,5,2022,3,62.56,1.1516,13.77,-0.073,0.141,6453,Generated based on literature patterns,1.6666666666666667,1290.6,8.77230041793584,2.23606797749979,substantial
Synthetic_01515,generated,endocrinology,HR,19,2017,7,68.8,0.338,51.67,0.85,0.152,3009,Generated based on literature patterns,2.7142857142857144,158.3684210526316,8.009363076630045,4.358898943540674,substantial
Synthetic_01516,generated,psychiatry,RR,14,2005,26,2.54,0.0084,22.59,1.449,0.119,2343,Generated based on literature patterns,0.5384615384615384,167.35714285714286,7.759187438507795,3.7416573867739413,low
Synthetic_01517,generated,endocrinology,OR,15,2014,13,77.15,0.2709,76.15,0.569,0.333,685,Generated based on literature patterns,1.1538461538461537,45.666666666666664,6.529418838262226,3.872983346207417,high
Synthetic_01518,generated,pulmonology,COR,24,2000,10,6.48,0.2022,32.62,-0.399,0.015,87622,Generated based on literature patterns,2.4,3650.9166666666665,11.380787386946233,4.898979485566356,low
Synthetic_01519,generated,endocrinology,RR,13,2014,10,71.33,0.4396,43.11,0.859,0.113,6881,Generated based on literature patterns,1.3,529.3076923076923,8.83651926920248,3.605551275463989,substantial
Synthetic_01520,generated,cardiology,OR,22,2012,20,83.07,0.1632,112.88,1.123,1.271,100,Generated based on literature patterns,1.1,4.545454545454546,4.605170185988092,4.69041575982343,high
Synthetic_01521,generated,pulmonology,HR,24,2014,3,56.42,0.0717,81.45,1.513,0.932,259,Generated based on literature patterns,8.0,10.791666666666666,5.556828061699537,4.898979485566356,substantial
Synthetic_01522,generated,dermatology,RR,17,2010,10,79.81,0.0613,101.76,0.963,0.21,734,Generated based on literature patterns,1.7,43.1764705882353,6.598509028614515,4.123105625617661,high
Synthetic_01523,generated,ophthalmology,OR,5,2002,5,77.54,0.2442,35.11,1.508,0.5,143,Generated based on literature patterns,1.0,28.6,4.962844630259907,2.23606797749979,high
Synthetic_01524,generated,urology,HR,8,2011,9,35.72,0.1617,9.55,0.914,0.218,1370,Generated based on literature patterns,0.8888888888888888,171.25,7.222566018822171,2.8284271247461903,moderate
Synthetic_01525,generated,rheumatology,COR,5,2018,14,2.35,0.0663,12.36,-0.179,0.077,5605,Generated based on literature patterns,0.35714285714285715,1121.0,8.63141433550626,2.23606797749979,low
Synthetic_01526,generated,infectious_disease,HR,5,2009,12,36.52,0.0901,7.23,1.363,0.077,4634,Generated based on literature patterns,0.4166666666666667,926.8,8.441175704992322,2.23606797749979,moderate
Synthetic_01527,generated,urology,COR,13,2018,3,82.12,0.6324,62.99,0.019,0.129,4252,Generated based on literature patterns,4.333333333333333,327.0769230769231,8.355144739461839,3.605551275463989,high
Synthetic_01528,generated,dermatology,COR,16,2015,8,53.35,1.1194,48.79,-0.093,0.131,2150,Generated based on literature patterns,2.0,134.375,7.673223121121708,4.0,substantial
Synthetic_01529,generated,psychiatry,HR,8,2019,18,55.0,0.1072,13.34,0.76,0.193,1347,Generated based on literature patterns,0.4444444444444444,168.375,7.205635176410364,2.8284271247461903,substantial
Synthetic_01530,generated,nephrology,SMD,15,2015,5,44.36,0.1654,22.52,-0.069,0.214,1084,Generated based on literature patterns,3.0,72.26666666666667,6.988413181999592,3.872983346207417,moderate
Synthetic_01531,generated,pulmonology,SMD,33,2022,5,78.31,0.1976,145.17,-0.258,0.402,307,Generated based on literature patterns,6.6,9.303030303030303,5.726847747587197,5.744562646538029,high
Synthetic_01532,generated,pulmonology,RR,8,2018,3,61.8,0.3513,14.8,0.538,0.091,11360,Generated based on literature patterns,2.6666666666666665,1420.0,9.337853692275143,2.8284271247461903,substantial
Synthetic_01533,generated,cardiology,MD,6,2010,7,39.24,0.402,17.57,2.242,0.096,2840,Generated based on literature patterns,0.8571428571428571,473.3333333333333,7.951559331155252,2.449489742783178,moderate
Synthetic_01534,generated,ophthalmology,HR,20,2010,8,82.53,0.3746,133.85,1.043,0.107,4543,Generated based on literature patterns,2.5,227.15,8.421342865759403,4.47213595499958,high
Synthetic_01535,generated,ophthalmology,RR,28,2010,4,37.45,0.0836,45.66,1.633,0.553,100,Generated based on literature patterns,7.0,3.5714285714285716,4.605170185988092,5.291502622129181,moderate
Synthetic_01536,generated,cardiology,RR,11,2018,6,69.09,0.0939,19.69,0.527,0.349,559,Generated based on literature patterns,1.8333333333333333,50.81818181818182,6.326149473155099,3.3166247903554,substantial
Synthetic_01537,generated,oncology,OR,15,2022,7,42.76,0.1433,33.9,1.007,0.294,1628,Generated based on literature patterns,2.142857142857143,108.53333333333333,7.395107546562485,3.872983346207417,moderate
Synthetic_01538,generated,psychiatry,SMD,17,2013,12,37.84,0.1258,29.68,0.49,0.041,18859,Generated based on literature patterns,1.4166666666666667,1109.3529411764705,9.844745532512365,4.123105625617661,moderate
Synthetic_01539,generated,gastroenterology,HR,14,2008,4,28.48,0.075,16.99,1.487,0.448,162,Generated based on literature patterns,3.5,11.571428571428571,5.087596335232384,3.7416573867739413,moderate
Synthetic_01540,generated,endocrinology,COR,11,2010,6,76.22,1.3754,72.67,0.203,0.246,999,Generated based on literature patterns,1.8333333333333333,90.81818181818181,6.906754778648554,3.3166247903554,high
Synthetic_01541,generated,pulmonology,SMD,10,2019,3,82.16,0.4381,66.85,0.506,0.305,2705,Generated based on literature patterns,3.3333333333333335,270.5,7.902857191280582,3.1622776601683795,high
Synthetic_01542,generated,endocrinology,OR,10,2015,14,4.4,0.0389,7.84,0.312,0.249,406,Generated based on literature patterns,0.7142857142857143,40.6,6.0063531596017325,3.1622776601683795,low
Synthetic_01543,generated,neurology,OR,6,2000,3,70.36,0.1439,16.91,0.592,0.289,551,Generated based on literature patterns,2.0,91.83333333333333,6.311734809152915,2.449489742783178,substantial
Synthetic_01544,generated,dermatology,OR,21,2008,18,56.06,0.1848,67.58,0.58,0.413,723,Generated based on literature patterns,1.1666666666666667,34.42857142857143,6.583409222158765,4.58257569495584,substantial
Synthetic_01545,generated,oncology,RR,15,2017,12,10.91,0.0435,19.64,1.13,0.139,2042,Generated based on literature patterns,1.25,136.13333333333333,7.621684998724611,3.872983346207417,low
Synthetic_01546,generated,immunology,SMD,6,2023,8,80.37,0.505,29.66,-0.524,0.225,1976,Generated based on literature patterns,0.75,329.3333333333333,7.588829878307813,2.449489742783178,high
Synthetic_01547,generated,immunology,SMD,14,2003,5,13.75,0.0705,27.43,-0.517,0.439,366,Generated based on literature patterns,2.8,26.142857142857142,5.902633333401366,3.7416573867739413,low
Synthetic_01548,generated,nephrology,SMD,13,2002,3,43.99,0.1491,32.04,0.127,0.122,2216,Generated based on literature patterns,4.333333333333333,170.46153846153845,7.703459047867175,3.605551275463989,moderate
Synthetic_01549,generated,pulmonology,HR,21,2008,3,85.89,0.3498,131.34,1.525,0.327,1030,Generated based on literature patterns,7.0,49.04761904761905,6.937314081223682,4.58257569495584,high
Synthetic_01550,generated,psychiatry,SMD,11,2009,3,86.71,0.1498,79.01,0.311,0.077,11377,Generated based on literature patterns,3.6666666666666665,1034.2727272727273,9.339349052539717,3.3166247903554,high
Synthetic_01551,generated,cardiology,COR,19,2007,3,81.29,1.2636,125.08,-0.395,0.149,5048,Generated based on literature patterns,6.333333333333333,265.6842105263158,8.52674740422105,4.358898943540674,high
Synthetic_01552,generated,immunology,RR,11,2021,4,3.04,0.0079,20.15,1.148,0.315,489,Generated based on literature patterns,2.75,44.45454545454545,6.192362489474872,3.3166247903554,low
Synthetic_01553,generated,pulmonology,OR,15,2006,16,0.92,0.0166,18.52,0.745,0.166,2183,Generated based on literature patterns,0.9375,145.53333333333333,7.688455356549944,3.872983346207417,low
Synthetic_01554,generated,infectious_disease,MD,12,2010,5,29.05,0.3513,13.69,0.392,0.094,4681,Generated based on literature patterns,2.4,390.0833333333333,8.45126704130007,3.4641016151377544,moderate
Synthetic_01555,generated,rheumatology,SMD,5,2014,3,38.26,0.1999,2.05,-0.682,0.461,415,Generated based on literature patterns,1.6666666666666667,83.0,6.028278520230698,2.23606797749979,moderate
Synthetic_01556,generated,dermatology,OR,6,2022,10,40.99,0.1139,8.82,0.737,0.278,817,Generated based on literature patterns,0.6,136.16666666666666,6.705639094860003,2.449489742783178,moderate
Synthetic_01557,generated,endocrinology,COR,14,2013,8,33.55,0.2562,18.4,0.032,0.11,1995,Generated based on literature patterns,1.75,142.5,7.598399329323964,3.7416573867739413,moderate
Synthetic_01558,generated,endocrinology,HR,20,2016,4,56.99,0.1664,36.31,1.622,0.162,2906,Generated based on literature patterns,5.0,145.3,7.974532844130228,4.47213595499958,substantial
Synthetic_01559,generated,dermatology,OR,15,2010,11,77.7,0.1765,60.91,0.835,0.105,8788,Generated based on literature patterns,1.3636363636363635,585.8666666666667,9.081142433504501,3.872983346207417,high
Synthetic_01560,generated,ophthalmology,COR,13,2020,16,31.51,0.6016,14.24,-0.404,0.285,2744,Generated based on literature patterns,0.8125,211.07692307692307,7.917171988845776,3.605551275463989,moderate
Synthetic_01561,generated,neurology,SMD,9,2012,15,31.21,0.2858,11.76,0.086,0.323,1095,Generated based on literature patterns,0.6,121.66666666666667,6.9985096422506015,3.0,moderate
Synthetic_01562,generated,dermatology,OR,5,2015,5,34.36,0.0785,20.02,0.656,0.093,4346,Generated based on literature patterns,1.0,869.2,8.377011160816375,2.23606797749979,moderate
Synthetic_01563,generated,neurology,SMD,9,2012,6,81.88,0.4116,48.05,0.264,0.218,1316,Generated based on literature patterns,1.5,146.22222222222223,7.182352111885263,3.0,high
Synthetic_01564,generated,nephrology,SMD,16,2011,3,33.44,0.1538,33.96,0.201,0.558,100,Generated based on literature patterns,5.333333333333333,6.25,4.605170185988092,4.0,moderate
Synthetic_01565,generated,endocrinology,RR,5,2018,3,1.63,0.0265,2.13,0.79,0.423,185,Generated based on literature patterns,1.6666666666666667,37.0,5.220355825078324,2.23606797749979,low
Synthetic_01566,generated,cardiology,OR,9,2012,14,32.57,0.1427,19.76,1.302,0.158,3883,Generated based on literature patterns,0.6428571428571429,431.44444444444446,8.264363329731667,3.0,moderate
Synthetic_01567,generated,pulmonology,MD,8,2009,11,56.51,1.9626,21.89,0.83,0.054,12324,Generated based on literature patterns,0.7272727272727273,1540.5,9.419303859716559,2.8284271247461903,substantial
Synthetic_01568,generated,pulmonology,HR,18,2015,30,76.83,0.4403,60.84,1.027,0.191,2832,Generated based on literature patterns,0.6,157.33333333333334,7.94873845481361,4.242640687119285,high
Synthetic_01569,generated,neurology,OR,18,2013,6,81.5,0.1361,88.81,1.188,0.09,21274,Generated based on literature patterns,3.0,1181.888888888889,9.96524094881161,4.242640687119285,high
Synthetic_01570,generated,immunology,MD,9,2012,10,1.33,0.0865,2.7,-1.898,0.162,413,Generated based on literature patterns,0.9,45.888888888888886,6.023447592961033,3.0,low
Synthetic_01571,generated,oncology,OR,11,2014,4,30.79,0.1591,12.34,0.83,0.174,992,Generated based on literature patterns,2.75,90.18181818181819,6.899723107284872,3.3166247903554,moderate
Synthetic_01572,generated,rheumatology,MD,60,2008,17,42.32,0.8519,111.31,-0.742,0.051,11230,Generated based on literature patterns,3.5294117647058822,187.16666666666666,9.326344047732489,7.745966692414834,moderate
Synthetic_01573,generated,ophthalmology,OR,14,2000,8,81.29,0.1606,87.87,1.531,1.149,100,Generated based on literature patterns,1.75,7.142857142857143,4.605170185988092,3.7416573867739413,high
Synthetic_01574,generated,rheumatology,SMD,9,2012,3,80.26,0.5047,35.58,-0.659,0.459,909,Generated based on literature patterns,3.0,101.0,6.812345094177479,3.0,high
Synthetic_01575,generated,neurology,HR,35,2004,9,6.87,0.0453,30.52,0.842,0.051,8925,Generated based on literature patterns,3.888888888888889,255.0,9.09661160664784,5.916079783099616,low
Synthetic_01576,generated,gastroenterology,COR,14,2008,3,62.38,1.2368,38.36,-0.067,0.093,3298,Generated based on literature patterns,4.666666666666667,235.57142857142858,8.101071503119543,3.7416573867739413,substantial
Synthetic_01577,generated,pulmonology,HR,6,2016,6,2.11,0.0221,15.25,1.007,0.056,7451,Generated based on literature patterns,1.0,1241.8333333333333,8.916103530553727,2.449489742783178,low
Synthetic_01578,generated,neurology,COR,12,2001,22,29.77,0.6472,10.0,-0.611,0.077,3761,Generated based on literature patterns,0.5454545454545454,313.4166666666667,8.232440158470336,3.4641016151377544,moderate
Synthetic_01579,generated,neurology,RR,16,2007,15,61.28,0.1518,43.94,0.99,0.167,1846,Generated based on literature patterns,1.0666666666666667,115.375,7.520776415062797,4.0,substantial
Synthetic_01580,generated,urology,OR,28,2014,8,7.16,0.0984,29.21,1.126,0.033,12458,Generated based on literature patterns,3.5,444.92857142857144,9.430118265814091,5.291502622129181,low
Synthetic_01581,generated,neurology,OR,15,2012,25,10.62,0.0463,13.41,1.066,0.477,245,Generated based on literature patterns,0.6,16.333333333333332,5.501258210544727,3.872983346207417,low
Synthetic_01582,generated,urology,HR,9,2011,9,28.79,0.1052,16.56,0.887,0.081,12151,Generated based on literature patterns,1.0,1350.111111111111,9.405166749908611,3.0,moderate
Synthetic_01583,generated,pulmonology,MD,19,2014,3,8.11,0.2121,31.08,2.749,0.095,3269,Generated based on literature patterns,6.333333333333333,172.05263157894737,8.092239406724211,4.358898943540674,low
Synthetic_01584,generated,infectious_disease,MD,16,2010,6,50.85,1.6405,40.04,1.028,0.046,10518,Generated based on literature patterns,2.6666666666666665,657.375,9.260843354149289,4.0,substantial
Synthetic_01585,generated,endocrinology,HR,5,2005,7,68.75,0.3603,11.73,0.946,0.295,1538,Generated based on literature patterns,0.7142857142857143,307.6,7.338238150065589,2.23606797749979,substantial
Synthetic_01586,generated,dermatology,HR,11,2012,7,6.67,0.0087,13.34,0.56,0.124,1596,Generated based on literature patterns,1.5714285714285714,145.0909090909091,7.3752557780097545,3.3166247903554,low
Synthetic_01587,generated,cardiology,OR,23,2009,13,4.48,0.039,32.92,0.969,0.034,12511,Generated based on literature patterns,1.7692307692307692,543.9565217391304,9.4343635363174,4.795831523312719,low
Synthetic_01588,generated,ophthalmology,OR,24,2005,9,28.12,0.066,34.09,0.591,0.572,100,Generated based on literature patterns,2.6666666666666665,4.166666666666667,4.605170185988092,4.898979485566356,moderate
Synthetic_01589,generated,neurology,RR,14,2010,11,77.7,0.1905,67.4,0.732,0.199,2053,Generated based on literature patterns,1.2727272727272727,146.64285714285714,7.627057417018934,3.7416573867739413,high
Synthetic_01590,generated,immunology,SMD,5,2013,9,81.9,0.3159,36.4,0.218,0.193,2030,Generated based on literature patterns,0.5555555555555556,406.0,7.615791072035833,2.23606797749979,high
Synthetic_01591,generated,nephrology,COR,9,2013,7,32.41,0.5849,12.48,0.369,0.109,1100,Generated based on literature patterns,1.2857142857142858,122.22222222222223,7.003065458786462,3.0,moderate
Synthetic_01592,generated,gastroenterology,OR,13,2021,4,2.4,0.0245,12.1,1.351,0.048,9111,Generated based on literature patterns,3.25,700.8461538461538,9.117237753713859,3.605551275463989,low
Synthetic_01593,generated,psychiatry,SMD,17,2001,30,62.28,0.135,31.6,-0.696,0.317,450,Generated based on literature patterns,0.5666666666666667,26.470588235294116,6.1092475827643655,4.123105625617661,substantial
Synthetic_01594,generated,urology,MD,6,2023,4,55.77,0.7413,11.34,-1.158,0.17,4527,Generated based on literature patterns,1.5,754.5,8.417814747435958,2.449489742783178,substantial
Synthetic_01595,generated,cardiology,OR,5,2014,3,66.44,0.0841,9.77,1.512,0.188,1015,Generated based on literature patterns,1.6666666666666667,203.0,6.922643891475888,2.23606797749979,substantial
Synthetic_01596,generated,dermatology,MD,17,2005,14,4.03,0.1411,21.72,-0.696,0.358,308,Generated based on literature patterns,1.2142857142857142,18.11764705882353,5.730099782973574,4.123105625617661,low
Synthetic_01597,generated,immunology,COR,10,2012,24,41.8,0.6265,15.97,0.304,0.023,18301,Generated based on literature patterns,0.4166666666666667,1830.1,9.814710982145282,3.1622776601683795,moderate
Synthetic_01598,generated,nephrology,COR,22,2014,12,29.48,0.3531,34.72,0.514,0.793,100,Generated based on literature patterns,1.8333333333333333,4.545454545454546,4.605170185988092,4.69041575982343,moderate
Synthetic_01599,generated,immunology,HR,9,2001,3,39.96,0.1161,20.55,0.502,0.242,875,Generated based on literature patterns,3.0,97.22222222222223,6.774223886357614,3.0,moderate
Synthetic_01600,generated,gastroenterology,MD,12,2010,9,81.24,2.1738,70.79,-1.122,0.145,3417,Generated based on literature patterns,1.3333333333333333,284.75,8.136518252115291,3.4641016151377544,high
Synthetic_01601,generated,endocrinology,COR,8,2006,5,26.18,0.9784,7.68,-0.154,0.119,3563,Generated based on literature patterns,1.6,445.375,8.178358165605836,2.8284271247461903,moderate
Synthetic_01602,generated,cardiology,COR,12,2024,9,59.36,1.586,29.86,-0.341,0.374,634,Generated based on literature patterns,1.3333333333333333,52.833333333333336,6.452048954437226,3.4641016151377544,substantial
Synthetic_01603,generated,infectious_disease,HR,20,2006,17,37.74,0.1451,32.86,1.491,0.286,797,Generated based on literature patterns,1.1764705882352942,39.85,6.680854678790215,4.47213595499958,moderate
Synthetic_01604,generated,urology,SMD,9,2015,23,79.01,0.4603,47.49,-0.149,0.063,17621,Generated based on literature patterns,0.391304347826087,1957.888888888889,9.77684665156873,3.0,high
Synthetic_01605,generated,neurology,SMD,16,2003,15,35.18,0.1428,19.99,0.977,0.065,11576,Generated based on literature patterns,1.0666666666666667,723.5,9.35668926831132,4.0,moderate
Synthetic_01606,generated,psychiatry,SMD,43,2011,27,77.61,0.5413,187.72,-0.004,0.101,4681,Generated based on literature patterns,1.5925925925925926,108.86046511627907,8.45126704130007,6.557438524302,high
Synthetic_01607,generated,nephrology,HR,6,2002,11,90.22,0.6223,56.75,1.311,0.032,17862,Generated based on literature patterns,0.5454545454545454,2977.0,9.790430830243832,2.449489742783178,high
Synthetic_01608,generated,ophthalmology,RR,42,2007,3,71.34,0.215,124.96,1.336,0.267,644,Generated based on literature patterns,14.0,15.333333333333334,6.467698726104354,6.48074069840786,substantial
Synthetic_01609,generated,dermatology,OR,6,2011,5,40.74,0.1616,15.64,0.646,0.367,273,Generated based on literature patterns,1.2,45.5,5.60947179518496,2.449489742783178,moderate
Synthetic_01610,generated,cardiology,SMD,32,2009,12,79.16,0.2665,137.18,0.358,0.819,100,Generated based on literature patterns,2.6666666666666665,3.125,4.605170185988092,5.656854249492381,high
Synthetic_01611,generated,rheumatology,COR,10,2010,3,37.83,0.6269,22.45,-0.131,0.235,1925,Generated based on literature patterns,3.3333333333333335,192.5,7.562681246721884,3.1622776601683795,moderate
Synthetic_01612,generated,endocrinology,SMD,10,2008,5,36.39,0.154,18.35,-0.445,0.159,1080,Generated based on literature patterns,2.0,108.0,6.984716320118266,3.1622776601683795,moderate
Synthetic_01613,generated,rheumatology,SMD,15,2017,5,60.52,0.7869,40.37,-0.796,0.275,265,Generated based on literature patterns,3.0,17.666666666666668,5.579729825986222,3.872983346207417,substantial
Synthetic_01614,generated,neurology,OR,9,2012,9,6.54,0.0118,12.02,0.912,0.136,1352,Generated based on literature patterns,1.0,150.22222222222223,7.20934025660291,3.0,low
Synthetic_01615,generated,gastroenterology,COR,24,2004,3,3.88,0.0642,23.56,0.007,0.124,1085,Generated based on literature patterns,8.0,45.208333333333336,6.98933526597456,4.898979485566356,low
Synthetic_01616,generated,cardiology,OR,17,2018,3,79.14,0.3496,68.36,0.73,0.99,100,Generated based on literature patterns,5.666666666666667,5.882352941176471,4.605170185988092,4.123105625617661,high
Synthetic_01617,generated,dermatology,SMD,7,2009,15,5.13,0.0387,5.95,-0.206,0.217,335,Generated based on literature patterns,0.4666666666666667,47.857142857142854,5.814130531825066,2.6457513110645907,low
Synthetic_01618,generated,oncology,HR,11,2007,6,42.63,0.1136,16.01,0.937,0.348,524,Generated based on literature patterns,1.8333333333333333,47.63636363636363,6.261491684321042,3.3166247903554,moderate
Synthetic_01619,generated,urology,MD,12,2004,3,42.71,0.7867,26.35,0.262,0.149,1565,Generated based on literature patterns,4.0,130.41666666666666,7.355641102974253,3.4641016151377544,moderate
Synthetic_01620,generated,rheumatology,RR,19,2010,3,55.83,0.0371,40.55,0.601,0.107,5362,Generated based on literature patterns,6.333333333333333,282.2105263157895,8.587092318795905,4.358898943540674,substantial
Synthetic_01621,generated,immunology,SMD,7,2017,17,42.27,0.3433,13.56,0.369,0.09,18492,Generated based on literature patterns,0.4117647058823529,2641.714285714286,9.825093485108116,2.6457513110645907,moderate
Synthetic_01622,generated,neurology,SMD,13,2008,3,37.62,0.062,22.38,-0.981,0.108,4964,Generated based on literature patterns,4.333333333333333,381.84615384615387,8.509967146324497,3.605551275463989,moderate
Synthetic_01623,generated,urology,HR,9,2014,7,51.42,0.1831,7.59,2.151,0.554,179,Generated based on literature patterns,1.2857142857142858,19.88888888888889,5.187385805840755,3.0,substantial
Synthetic_01624,generated,infectious_disease,OR,9,2013,3,7.16,0.015,3.83,0.621,0.07,12015,Generated based on literature patterns,3.0,1335.0,9.39391114817057,3.0,low
Synthetic_01625,generated,endocrinology,MD,9,2005,4,84.31,2.2594,65.59,2.429,0.145,11146,Generated based on literature patterns,2.25,1238.4444444444443,9.318835968129482,3.0,high
Synthetic_01626,generated,gastroenterology,SMD,13,2009,10,2.4,0.0428,6.92,-0.76,0.315,144,Generated based on literature patterns,1.3,11.076923076923077,4.969813299576001,3.605551275463989,low
Synthetic_01627,generated,immunology,COR,18,2004,9,57.01,1.7429,30.57,-0.34,0.052,21390,Generated based on literature patterns,2.0,1188.3333333333333,9.970678802076451,4.242640687119285,substantial
Synthetic_01628,generated,urology,RR,27,2004,6,81.82,0.1428,183.51,1.387,0.086,5497,Generated based on literature patterns,4.5,203.59259259259258,8.61195776786066,5.196152422706632,high
Synthetic_01629,generated,gastroenterology,SMD,20,2014,15,55.47,0.598,37.02,0.215,0.35,862,Generated based on literature patterns,1.3333333333333333,43.1,6.759255270663693,4.47213595499958,substantial
Synthetic_01630,generated,cardiology,HR,6,2021,30,6.9,0.0147,12.31,1.01,0.349,242,Generated based on literature patterns,0.2,40.333333333333336,5.488937726156687,2.449489742783178,low
Synthetic_01631,generated,ophthalmology,OR,8,2009,3,45.3,0.0993,9.59,1.442,0.293,402,Generated based on literature patterns,2.6666666666666665,50.25,5.996452088619021,2.8284271247461903,moderate
Synthetic_01632,generated,rheumatology,RR,18,2005,16,67.95,0.3015,55.19,0.628,0.196,771,Generated based on literature patterns,1.125,42.833333333333336,6.647688373563329,4.242640687119285,substantial
Synthetic_01633,generated,endocrinology,HR,12,2001,12,37.2,0.1062,18.06,0.567,0.102,1059,Generated based on literature patterns,1.0,88.25,6.9650803456014065,3.4641016151377544,moderate
Synthetic_01634,generated,dermatology,MD,10,2019,3,4.93,0.1742,1.33,-1.755,0.069,9962,Generated based on literature patterns,3.3333333333333335,996.2,9.20653313363323,3.1622776601683795,low
Synthetic_01635,generated,ophthalmology,SMD,5,2010,30,34.1,0.2027,9.88,0.582,0.13,3668,Generated based on literature patterns,0.16666666666666666,733.6,8.207401833376355,2.23606797749979,moderate
Synthetic_01636,generated,endocrinology,RR,8,2006,3,1.05,0.0063,7.27,1.06,0.119,2548,Generated based on literature patterns,2.6666666666666665,318.5,7.843064016692054,2.8284271247461903,low
Synthetic_01637,generated,ophthalmology,MD,21,2013,4,79.61,0.8087,133.08,2.224,0.117,6477,Generated based on literature patterns,5.25,308.42857142857144,8.776012719182917,4.58257569495584,high
Synthetic_01638,generated,neurology,COR,13,2013,7,1.06,0.0941,14.54,-0.029,0.033,15183,Generated based on literature patterns,1.8571428571428572,1167.923076923077,9.627931659882188,3.605551275463989,low
Synthetic_01639,generated,rheumatology,SMD,22,2008,9,28.9,0.0681,31.36,0.829,0.407,534,Generated based on literature patterns,2.4444444444444446,24.272727272727273,6.280395838960195,4.69041575982343,moderate
Synthetic_01640,generated,dermatology,SMD,21,2004,3,33.67,0.3669,42.74,-0.176,0.91,100,Generated based on literature patterns,7.0,4.761904761904762,4.605170185988092,4.58257569495584,moderate
Synthetic_01641,generated,ophthalmology,HR,18,2007,5,0.83,0.0105,15.31,0.848,0.075,6094,Generated based on literature patterns,3.6,338.55555555555554,8.715059959545654,4.242640687119285,low
Synthetic_01642,generated,dermatology,HR,12,2008,6,79.02,0.1082,66.45,1.129,0.261,585,Generated based on literature patterns,2.0,48.75,6.371611847231857,3.4641016151377544,high
Synthetic_01643,generated,rheumatology,COR,7,2010,11,34.63,0.2796,6.01,0.024,0.158,5418,Generated based on literature patterns,0.6363636363636364,774.0,8.59748202264504,2.6457513110645907,moderate
Synthetic_01644,generated,rheumatology,RR,30,2012,6,60.68,0.2846,82.44,0.485,0.211,1871,Generated based on literature patterns,5.0,62.36666666666667,7.534228326274089,5.477225575051661,substantial
Synthetic_01645,generated,rheumatology,RR,10,2023,3,35.23,0.0712,17.18,1.17,0.067,9965,Generated based on literature patterns,3.3333333333333335,996.5,9.206834232646894,3.1622776601683795,moderate
Synthetic_01646,generated,gastroenterology,OR,14,2005,6,62.32,0.1793,36.62,0.636,0.174,1557,Generated based on literature patterns,2.3333333333333335,111.21428571428571,7.350516171833998,3.7416573867739413,substantial
Synthetic_01647,generated,neurology,MD,24,2020,11,32.94,0.5175,41.76,-2.134,0.264,350,Generated based on literature patterns,2.1818181818181817,14.583333333333334,5.857933154483459,4.898979485566356,moderate
Synthetic_01648,generated,dermatology,SMD,5,2007,17,40.56,0.2391,8.1,-0.054,0.041,11985,Generated based on literature patterns,0.29411764705882354,2397.0,9.391411146868485,2.23606797749979,moderate
Synthetic_01649,generated,endocrinology,RR,19,1995,3,61.6,0.4733,42.74,0.899,0.076,3986,Generated based on literature patterns,6.333333333333333,209.78947368421052,8.29054350077274,4.358898943540674,substantial
Synthetic_01650,generated,immunology,COR,8,2011,4,43.7,0.6804,14.38,0.02,0.283,1361,Generated based on literature patterns,2.0,170.125,7.215975002651466,2.8284271247461903,moderate
Synthetic_01651,generated,nephrology,MD,10,2016,4,3.57,0.0668,7.72,-1.045,0.204,1013,Generated based on literature patterns,2.5,101.3,6.920671504248683,3.1622776601683795,low
Synthetic_01652,generated,gastroenterology,HR,6,2007,8,76.83,0.5031,19.74,0.722,0.237,707,Generated based on literature patterns,0.75,117.83333333333333,6.561030665896573,2.449489742783178,high
Synthetic_01653,generated,neurology,MD,6,2013,19,78.97,0.8892,42.2,-2.513,0.158,800,Generated based on literature patterns,0.3157894736842105,133.33333333333334,6.684611727667927,2.449489742783178,high
Synthetic_01654,generated,ophthalmology,COR,9,2007,7,36.39,0.5288,12.73,-0.184,0.171,1105,Generated based on literature patterns,1.2857142857142858,122.77777777777777,7.007600613951853,3.0,moderate
Synthetic_01655,generated,cardiology,SMD,5,2001,6,83.76,0.3488,38.66,-0.299,0.067,7858,Generated based on literature patterns,0.8333333333333334,1571.6,8.969287400118406,2.23606797749979,high
Synthetic_01656,generated,rheumatology,SMD,32,2016,4,47.09,0.1397,62.03,-0.564,0.32,1688,Generated based on literature patterns,8.0,52.75,7.431299675155903,5.656854249492381,moderate
Synthetic_01657,generated,immunology,OR,22,2012,3,68.72,0.3092,62.33,0.674,0.086,12031,Generated based on literature patterns,7.333333333333333,546.8636363636364,9.395241931033524,4.69041575982343,substantial
Synthetic_01658,generated,cardiology,RR,15,2010,10,85.16,0.3946,95.59,1.02,0.25,1496,Generated based on literature patterns,1.5,99.73333333333333,7.310550158534422,3.872983346207417,high
Synthetic_01659,generated,psychiatry,RR,11,2016,3,82.32,0.2865,48.7,1.999,0.756,240,Generated based on literature patterns,3.6666666666666665,21.818181818181817,5.480638923341991,3.3166247903554,high
Synthetic_01660,generated,cardiology,COR,11,2011,6,32.32,0.3356,14.08,0.201,0.119,1259,Generated based on literature patterns,1.8333333333333333,114.45454545454545,7.138073034044347,3.3166247903554,moderate
Synthetic_01661,generated,pulmonology,SMD,8,2004,4,57.66,0.5351,17.16,-0.184,0.103,3687,Generated based on literature patterns,2.0,460.875,8.212568398234145,2.8284271247461903,substantial
Synthetic_01662,generated,psychiatry,HR,11,2010,8,69.76,0.3888,42.92,0.712,0.233,495,Generated based on literature patterns,1.375,45.0,6.20455776256869,3.3166247903554,substantial
Synthetic_01663,generated,oncology,OR,13,2014,8,53.95,0.2056,17.71,0.646,0.255,1043,Generated based on literature patterns,1.625,80.23076923076923,6.949856455000773,3.605551275463989,substantial
Synthetic_01664,generated,gastroenterology,SMD,6,2009,9,82.28,0.6384,30.64,-0.58,0.161,5986,Generated based on literature patterns,0.6666666666666666,997.6666666666666,8.697178688412643,2.449489742783178,high
Synthetic_01665,generated,nephrology,SMD,13,2025,7,7.41,0.0398,10.87,-0.556,0.069,2753,Generated based on literature patterns,1.8571428571428572,211.76923076923077,7.920446505142607,3.605551275463989,low
Synthetic_01666,generated,gastroenterology,SMD,8,2020,3,63.67,0.2275,21.11,-0.031,0.295,2573,Generated based on literature patterns,2.6666666666666665,321.625,7.8528278122817445,2.8284271247461903,substantial
Synthetic_01667,generated,immunology,RR,35,2014,9,37.36,0.0839,33.11,0.721,0.087,6457,Generated based on literature patterns,3.888888888888889,184.4857142857143,8.772920092626467,5.916079783099616,moderate
Synthetic_01668,generated,cardiology,SMD,6,2013,4,2.22,0.0331,6.55,0.462,0.115,1288,Generated based on literature patterns,1.5,214.66666666666666,7.160845906664299,2.449489742783178,low
Synthetic_01669,generated,endocrinology,HR,10,2010,8,2.25,0.0055,4.8,1.004,0.115,2075,Generated based on literature patterns,1.25,207.5,7.637716432664798,3.1622776601683795,low
Synthetic_01670,generated,dermatology,COR,16,2014,25,80.28,0.562,78.45,-0.204,0.049,21737,Generated based on literature patterns,0.64,1358.5625,9.986771156672866,4.0,high
Synthetic_01671,generated,psychiatry,OR,7,2022,6,29.14,0.0429,5.43,1.429,0.361,325,Generated based on literature patterns,1.1666666666666667,46.42857142857143,5.783825182329737,2.6457513110645907,moderate
Synthetic_01672,generated,neurology,HR,8,2005,6,54.77,0.2656,13.69,0.861,0.437,522,Generated based on literature patterns,1.3333333333333333,65.25,6.257667587882639,2.8284271247461903,substantial
Synthetic_01673,generated,urology,HR,32,2015,6,76.83,0.2499,120.22,0.796,0.049,14160,Generated based on literature patterns,5.333333333333333,442.5,9.558176367247711,5.656854249492381,high
Synthetic_01674,generated,immunology,OR,18,2004,24,3.97,0.0105,22.03,0.469,0.326,224,Generated based on literature patterns,0.75,12.444444444444445,5.4116460518550396,4.242640687119285,low
Synthetic_01675,generated,endocrinology,COR,10,2010,3,12.46,0.2846,11.06,-0.257,0.007,207653,Generated based on literature patterns,3.3333333333333335,20765.3,12.243623696341968,3.1622776601683795,low
Synthetic_01676,generated,rheumatology,RR,15,2013,14,42.67,0.0712,18.95,1.274,0.48,160,Generated based on literature patterns,1.0714285714285714,10.666666666666666,5.075173815233827,3.872983346207417,moderate
Synthetic_01677,generated,nephrology,HR,5,2012,5,65.23,0.3186,9.07,1.43,0.133,1731,Generated based on literature patterns,1.0,346.2,7.456454555176209,2.23606797749979,substantial
Synthetic_01678,generated,endocrinology,RR,13,2005,10,45.79,0.1312,29.38,0.652,0.262,777,Generated based on literature patterns,1.3,59.76923076923077,6.655440350367647,3.605551275463989,moderate
Synthetic_01679,generated,endocrinology,OR,19,2009,6,79.59,0.289,91.44,0.671,0.287,679,Generated based on literature patterns,3.1666666666666665,35.73684210526316,6.520621127558696,4.358898943540674,high
Synthetic_01680,generated,urology,COR,6,2019,20,56.09,1.0328,12.37,0.538,0.175,978,Generated based on literature patterns,0.3,163.0,6.885509670034818,2.449489742783178,substantial
Synthetic_01681,generated,immunology,RR,16,2014,5,67.04,0.0696,48.82,2.553,0.085,27524,Generated based on literature patterns,3.2,1720.25,10.22281363032237,4.0,substantial
Synthetic_01682,generated,cardiology,COR,6,2016,30,3.28,0.0863,5.49,0.017,0.056,5175,Generated based on literature patterns,0.2,862.5,8.55159461813357,2.449489742783178,low
Synthetic_01683,generated,ophthalmology,OR,18,2010,12,32.55,0.1022,35.68,0.898,0.044,9181,Generated based on literature patterns,1.5,510.05555555555554,9.1248914101437,4.242640687119285,moderate
Synthetic_01684,generated,pulmonology,COR,10,2011,5,82.03,3.3642,45.12,0.133,0.283,1214,Generated based on literature patterns,2.0,121.4,7.101675971619444,3.1622776601683795,high
Synthetic_01685,generated,gastroenterology,SMD,10,2012,4,69.06,0.1881,29.5,0.029,0.544,314,Generated based on literature patterns,2.5,31.4,5.749392985908253,3.1622776601683795,substantial
Synthetic_01686,generated,cardiology,COR,21,2015,8,83.51,1.2452,162.03,-0.091,0.304,1252,Generated based on literature patterns,2.625,59.61904761904762,7.132497551660044,4.58257569495584,high
Synthetic_01687,generated,dermatology,COR,14,2006,7,82.37,3.2057,76.96,0.18,0.104,6230,Generated based on literature patterns,2.0,445.0,8.737131611781498,3.7416573867739413,high
Synthetic_01688,generated,psychiatry,OR,28,2012,6,5.14,0.022,19.64,0.482,0.155,3421,Generated based on literature patterns,4.666666666666667,122.17857142857143,8.137688184977605,5.291502622129181,low
Synthetic_01689,generated,nephrology,COR,6,2012,7,6.51,0.1399,11.29,0.294,0.116,3883,Generated based on literature patterns,0.8571428571428571,647.1666666666666,8.264363329731667,2.449489742783178,low
Synthetic_01690,generated,oncology,HR,16,2008,21,30.2,0.0655,25.16,1.329,0.077,2644,Generated based on literature patterns,0.7619047619047619,165.25,7.880048200971577,4.0,moderate
Synthetic_01691,generated,pulmonology,MD,5,2016,3,61.27,0.6307,13.87,-0.621,0.376,658,Generated based on literature patterns,1.6666666666666667,131.6,6.489204931325317,2.23606797749979,substantial
Synthetic_01692,generated,oncology,RR,8,2016,3,52.97,0.4008,12.32,0.978,0.153,3195,Generated based on literature patterns,2.6666666666666665,399.375,8.069342366811636,2.8284271247461903,substantial
Synthetic_01693,generated,dermatology,RR,9,2016,3,82.43,0.2159,48.19,0.731,0.387,650,Generated based on literature patterns,3.0,72.22222222222223,6.476972362889683,3.0,high
Synthetic_01694,generated,nephrology,RR,5,2001,3,63.9,0.0958,14.88,0.836,0.187,1216,Generated based on literature patterns,1.6666666666666667,243.2,7.103322062526113,2.23606797749979,substantial
Synthetic_01695,generated,neurology,RR,6,2015,20,61.79,0.1368,18.82,1.053,0.039,45377,Generated based on literature patterns,0.3,7562.833333333333,10.72276064773077,2.449489742783178,substantial
Synthetic_01696,generated,neurology,MD,12,2010,9,33.8,0.527,24.2,0.99,0.096,7930,Generated based on literature patterns,1.3333333333333333,660.8333333333334,8.978408314628894,3.4641016151377544,moderate
Synthetic_01697,generated,infectious_disease,HR,19,2004,6,75.8,0.1292,54.63,2.12,0.21,2260,Generated based on literature patterns,3.1666666666666665,118.94736842105263,7.723120092266331,4.358898943540674,high
Synthetic_01698,generated,infectious_disease,HR,10,2017,19,58.88,0.1239,36.58,1.459,0.128,2772,Generated based on literature patterns,0.5263157894736842,277.2,7.927324360309794,3.1622776601683795,substantial
Synthetic_01699,generated,rheumatology,COR,5,2000,19,1.43,0.044,6.41,0.078,0.207,388,Generated based on literature patterns,0.2631578947368421,77.6,5.961005339623274,2.23606797749979,low
Synthetic_01700,generated,psychiatry,MD,7,2004,17,4.33,0.1052,8.43,-1.648,0.171,1516,Generated based on literature patterns,0.4117647058823529,216.57142857142858,7.323830566202317,2.6457513110645907,low
Synthetic_01701,generated,immunology,MD,19,2005,3,55.4,0.6632,61.3,3.925,0.113,2052,Generated based on literature patterns,6.333333333333333,108.0,7.62657020629066,4.358898943540674,substantial
Synthetic_01702,generated,rheumatology,RR,16,2008,3,41.94,0.1628,17.32,1.006,0.465,208,Generated based on literature patterns,5.333333333333333,13.0,5.337538079701318,4.0,moderate
Synthetic_01703,generated,gastroenterology,SMD,35,2013,5,1.94,0.0257,28.48,0.02,0.065,3280,Generated based on literature patterns,7.0,93.71428571428571,8.09559870137819,5.916079783099616,low
Synthetic_01704,generated,psychiatry,MD,48,2013,7,1.66,0.0966,39.29,-0.862,0.048,3083,Generated based on literature patterns,6.857142857142857,64.22916666666667,8.03365842788615,6.928203230275509,low
Synthetic_01705,generated,rheumatology,OR,6,2012,5,2.26,0.0112,3.92,1.129,0.067,4473,Generated based on literature patterns,1.2,745.5,8.405814603432848,2.449489742783178,low
Synthetic_01706,generated,ophthalmology,MD,15,2009,17,3.54,0.0461,8.68,-0.835,0.141,611,Generated based on literature patterns,0.8823529411764706,40.733333333333334,6.415096959171596,3.872983346207417,low
Synthetic_01707,generated,ophthalmology,HR,15,2015,3,79.91,0.1784,69.79,0.468,0.255,1892,Generated based on literature patterns,5.0,126.13333333333334,7.545389749611823,3.872983346207417,high
Synthetic_01708,generated,rheumatology,MD,5,2007,12,44.47,0.8756,5.94,0.846,0.208,743,Generated based on literature patterns,0.4166666666666667,148.6,6.610696044717759,2.23606797749979,moderate
Synthetic_01709,generated,gastroenterology,MD,13,2006,3,29.23,0.3657,17.38,-2.621,0.03,18085,Generated based on literature patterns,4.333333333333333,1391.1538461538462,9.802838144386198,3.605551275463989,moderate
Synthetic_01710,generated,dermatology,OR,11,2007,8,1.82,0.0094,7.6,1.017,0.23,230,Generated based on literature patterns,1.375,20.90909090909091,5.438079308923196,3.3166247903554,low
Synthetic_01711,generated,neurology,SMD,17,2008,7,2.16,0.0205,27.77,-0.368,0.032,23583,Generated based on literature patterns,2.4285714285714284,1387.235294117647,10.068281392461866,4.123105625617661,low
Synthetic_01712,generated,rheumatology,COR,10,2001,3,9.36,0.1601,5.67,-0.325,0.092,2394,Generated based on literature patterns,3.3333333333333335,239.4,7.780720886117918,3.1622776601683795,low
Synthetic_01713,generated,dermatology,SMD,7,2015,12,62.13,0.1841,7.69,-0.03,0.094,6043,Generated based on literature patterns,0.5833333333333334,863.2857142857143,8.706655856361559,2.6457513110645907,substantial
Synthetic_01714,generated,ophthalmology,HR,11,2011,5,38.59,0.0527,19.52,1.509,0.296,404,Generated based on literature patterns,2.2,36.72727272727273,6.0014148779611505,3.3166247903554,moderate
Synthetic_01715,generated,rheumatology,SMD,17,2013,26,58.96,0.4279,37.37,0.943,0.096,7706,Generated based on literature patterns,0.6538461538461539,453.29411764705884,8.949754525186103,4.123105625617661,substantial
Synthetic_01716,generated,urology,MD,14,2019,8,1.78,0.0827,12.11,0.217,0.19,1195,Generated based on literature patterns,1.75,85.35714285714286,7.085901464365611,3.7416573867739413,low
Synthetic_01717,generated,nephrology,RR,8,2023,13,9.31,0.0258,7.59,0.649,0.094,1393,Generated based on literature patterns,0.6153846153846154,174.125,7.239214973779806,2.8284271247461903,low
Synthetic_01718,generated,ophthalmology,OR,12,1999,16,1.5,0.0265,5.91,0.992,0.363,194,Generated based on literature patterns,0.75,16.166666666666668,5.267858159063328,3.4641016151377544,low
Synthetic_01719,generated,neurology,RR,17,2010,6,53.93,0.1961,34.37,0.531,0.296,391,Generated based on literature patterns,2.8333333333333335,23.0,5.968707559985366,4.123105625617661,substantial
Synthetic_01720,generated,neurology,MD,7,2016,6,10.12,0.0548,3.17,2.989,0.296,484,Generated based on literature patterns,1.1666666666666667,69.14285714285714,6.182084906716632,2.6457513110645907,low
Synthetic_01721,generated,urology,COR,15,2008,10,30.4,1.1857,23.73,-0.188,0.548,334,Generated based on literature patterns,1.5,22.266666666666666,5.811140992976701,3.872983346207417,moderate
Synthetic_01722,generated,cardiology,COR,15,2019,10,60.65,1.0363,28.61,-0.234,0.148,835,Generated based on literature patterns,1.5,55.666666666666664,6.727431724850855,3.872983346207417,substantial
Synthetic_01723,generated,oncology,HR,5,2013,6,29.62,0.0678,10.66,0.579,0.138,2110,Generated based on literature patterns,0.8333333333333334,422.0,7.6544432264701125,2.23606797749979,moderate
Synthetic_01724,generated,rheumatology,MD,17,2018,16,37.88,0.4686,36.06,0.985,0.172,1077,Generated based on literature patterns,1.0625,63.35294117647059,6.981934677156389,4.123105625617661,moderate
Synthetic_01725,generated,pulmonology,SMD,7,2023,7,3.83,0.0288,9.95,0.506,0.095,1717,Generated based on literature patterns,1.0,245.28571428571428,7.448333860897476,2.6457513110645907,low
Synthetic_01726,generated,cardiology,COR,82,2009,5,37.54,0.2671,107.68,-0.021,0.146,2915,Generated based on literature patterns,16.4,35.548780487804876,7.977625098784593,9.055385138137417,moderate
Synthetic_01727,generated,cardiology,COR,14,2019,14,5.12,0.2183,19.99,0.298,0.542,156,Generated based on literature patterns,1.0,11.142857142857142,5.049856007249537,3.7416573867739413,low
Synthetic_01728,generated,ophthalmology,MD,5,2018,5,38.79,0.3682,10.46,0.432,0.387,171,Generated based on literature patterns,1.0,34.2,5.14166355650266,2.23606797749979,moderate
Synthetic_01729,generated,neurology,OR,16,2006,3,65.42,0.3226,51.61,1.742,0.172,1687,Generated based on literature patterns,5.333333333333333,105.4375,7.430707082545968,4.0,substantial
Synthetic_01730,generated,cardiology,HR,24,2017,3,40.15,0.1017,41.61,0.776,0.438,131,Generated based on literature patterns,8.0,5.458333333333333,4.875197323201151,4.898979485566356,moderate
Synthetic_01731,generated,oncology,OR,15,2010,13,3.42,0.0133,13.44,1.481,0.022,20304,Generated based on literature patterns,1.1538461538461537,1353.6,9.918573189954168,3.872983346207417,low
Synthetic_01732,generated,oncology,SMD,16,2005,5,1.41,0.0232,16.83,0.623,0.25,704,Generated based on literature patterns,3.2,44.0,6.556778356158042,4.0,low
Synthetic_01733,generated,rheumatology,MD,17,2023,3,6.28,0.1853,15.03,1.809,0.075,3416,Generated based on literature patterns,5.666666666666667,200.94117647058823,8.13622555490846,4.123105625617661,low
Synthetic_01734,generated,nephrology,HR,25,2007,4,37.45,0.0969,34.72,1.204,0.148,7164,Generated based on literature patterns,6.25,286.56,8.876823763180603,5.0,moderate
Synthetic_01735,generated,nephrology,HR,19,2013,5,45.14,0.0553,32.46,1.244,0.097,11147,Generated based on literature patterns,3.8,586.6842105263158,9.318925682389624,4.358898943540674,moderate
Synthetic_01736,generated,dermatology,HR,10,2012,6,39.12,0.1161,12.14,1.238,0.209,1451,Generated based on literature patterns,1.6666666666666667,145.1,7.280008252884188,3.1622776601683795,moderate
Synthetic_01737,generated,nephrology,RR,6,2012,3,34.37,0.1084,6.54,0.655,0.227,619,Generated based on literature patterns,2.0,103.16666666666667,6.428105272684596,2.449489742783178,moderate
Synthetic_01738,generated,immunology,OR,5,2006,3,56.43,0.1003,5.87,1.643,0.076,4296,Generated based on literature patterns,1.6666666666666667,859.2,8.3654396361887,2.23606797749979,substantial
Synthetic_01739,generated,dermatology,RR,26,2012,9,0.49,0.0124,32.32,1.027,0.38,152,Generated based on literature patterns,2.888888888888889,5.846153846153846,5.0238805208462765,5.0990195135927845,low
Synthetic_01740,generated,immunology,RR,26,2007,22,78.07,0.3306,127.69,0.903,0.125,5724,Generated based on literature patterns,1.1818181818181819,220.15384615384616,8.652423140676342,5.0990195135927845,high
Synthetic_01741,generated,urology,RR,25,2011,8,82.9,0.0488,149.93,1.383,0.389,520,Generated based on literature patterns,3.125,20.8,6.253828811575473,5.0,high
Synthetic_01742,generated,gastroenterology,COR,5,2011,9,44.13,0.3363,8.2,-0.062,0.104,1412,Generated based on literature patterns,0.5555555555555556,282.4,7.252762418053187,2.23606797749979,moderate
Synthetic_01743,generated,dermatology,SMD,6,2010,7,37.62,0.2517,13.06,-0.113,0.532,221,Generated based on literature patterns,0.8571428571428571,36.833333333333336,5.3981627015177525,2.449489742783178,moderate
Synthetic_01744,generated,infectious_disease,HR,11,2008,21,35.62,0.0693,15.69,1.915,0.263,1069,Generated based on literature patterns,0.5238095238095238,97.18181818181819,6.974478911025045,3.3166247903554,moderate
Synthetic_01745,generated,neurology,MD,6,2007,17,6.11,0.2292,9.59,0.127,0.192,343,Generated based on literature patterns,0.35294117647058826,57.166666666666664,5.8377304471659395,2.449489742783178,low
Synthetic_01746,generated,dermatology,COR,7,2007,7,88.77,1.1606,88.59,0.336,0.075,12099,Generated based on literature patterns,1.0,1728.4285714285713,9.400878083541478,2.6457513110645907,high
Synthetic_01747,generated,nephrology,MD,17,2027,8,29.44,0.564,18.0,2.567,0.076,9734,Generated based on literature patterns,2.125,572.5882352941177,9.1833801903934,4.123105625617661,moderate
Synthetic_01748,generated,endocrinology,OR,5,2009,15,66.81,0.2323,17.93,0.887,0.108,2695,Generated based on literature patterns,0.3333333333333333,539.0,7.899153483343097,2.23606797749979,substantial
Synthetic_01749,generated,endocrinology,RR,20,2011,7,72.54,0.275,71.33,0.601,0.12,3706,Generated based on literature patterns,2.857142857142857,185.3,8.217708406845306,4.47213595499958,substantial
Synthetic_01750,generated,dermatology,SMD,12,2014,12,35.3,0.3236,18.72,-0.633,0.364,929,Generated based on literature patterns,1.0,77.41666666666667,6.834108738813838,3.4641016151377544,moderate
Synthetic_01751,generated,pulmonology,COR,12,2011,7,70.15,1.3079,34.76,-0.322,0.103,8013,Generated based on literature patterns,1.7142857142857142,667.75,8.98882050177807,3.4641016151377544,substantial
Synthetic_01752,generated,pulmonology,RR,10,2009,10,56.86,0.1461,26.86,0.533,0.105,6294,Generated based on literature patterns,1.0,629.4,8.747352077624353,3.1622776601683795,substantial
Synthetic_01753,generated,infectious_disease,OR,7,2013,3,47.37,0.1076,14.24,0.96,0.217,975,Generated based on literature patterns,2.3333333333333335,139.28571428571428,6.882437470997847,2.6457513110645907,moderate
Synthetic_01754,generated,cardiology,HR,6,2004,24,64.32,0.2583,25.26,0.791,0.237,666,Generated based on literature patterns,0.25,111.0,6.501289670540389,2.449489742783178,substantial
Synthetic_01755,generated,pulmonology,COR,10,2006,9,2.44,0.0455,3.85,-0.706,0.104,2609,Generated based on literature patterns,1.1111111111111112,260.9,7.866722285136729,3.1622776601683795,low
Synthetic_01756,generated,nephrology,SMD,12,2016,10,4.31,0.0555,15.89,0.965,0.146,658,Generated based on literature patterns,1.2,54.833333333333336,6.489204931325317,3.4641016151377544,low
Synthetic_01757,generated,endocrinology,COR,33,2002,11,10.3,0.1329,44.46,0.231,0.147,3485,Generated based on literature patterns,3.0,105.60606060606061,8.156223323194624,5.744562646538029,low
Synthetic_01758,generated,infectious_disease,OR,28,2017,5,35.69,0.2482,61.67,0.628,0.109,3296,Generated based on literature patterns,5.6,117.71428571428571,8.100464891029363,5.291502622129181,moderate
Synthetic_01759,generated,gastroenterology,SMD,8,2020,12,2.68,0.0199,2.96,-0.371,0.191,1724,Generated based on literature patterns,0.6666666666666666,215.5,7.452402451223638,2.8284271247461903,low
Synthetic_01760,generated,neurology,RR,19,2009,8,3.5,0.0142,22.18,0.697,0.094,3230,Generated based on literature patterns,2.375,170.0,8.080237416216702,4.358898943540674,low
Synthetic_01761,generated,cardiology,MD,16,2005,3,69.88,1.4015,44.97,-1.745,0.077,7764,Generated based on literature patterns,5.333333333333333,485.25,8.957252944288902,4.0,substantial
Synthetic_01762,generated,infectious_disease,HR,14,2010,3,76.93,0.2729,56.72,1.183,0.287,1594,Generated based on literature patterns,4.666666666666667,113.85714285714286,7.374001859350161,3.7416573867739413,high
Synthetic_01763,generated,nephrology,SMD,7,2015,5,78.51,0.2033,43.61,-0.436,0.222,3587,Generated based on literature patterns,1.4,512.4285714285714,8.185071477532283,2.6457513110645907,high
Synthetic_01764,generated,dermatology,HR,12,2010,5,39.29,0.1252,13.09,0.899,0.568,100,Generated based on literature patterns,2.4,8.333333333333334,4.605170185988092,3.4641016151377544,moderate
Synthetic_01765,generated,endocrinology,RR,17,2009,6,70.11,0.1325,51.08,0.781,0.159,1675,Generated based on literature patterns,2.8333333333333335,98.52941176470588,7.423568444259167,4.123105625617661,substantial
Synthetic_01766,generated,oncology,SMD,10,2018,4,33.42,0.0872,28.64,0.915,0.084,1756,Generated based on literature patterns,2.5,175.6,7.470793774195062,3.1622776601683795,moderate
Synthetic_01767,generated,neurology,OR,5,2006,4,5.27,0.0239,2.95,1.054,0.548,156,Generated based on literature patterns,1.25,31.2,5.049856007249537,2.23606797749979,low
Synthetic_01768,generated,cardiology,SMD,19,2019,21,2.94,0.0403,17.2,0.185,0.031,19011,Generated based on literature patterns,0.9047619047619048,1000.578947368421,9.852773037991627,4.358898943540674,low
Synthetic_01769,generated,cardiology,COR,52,2010,7,94.6,2.7119,1009.66,0.009,0.067,23389,Generated based on literature patterns,7.428571428571429,449.78846153846155,10.060021105350893,7.211102550927978,high
Synthetic_01770,generated,oncology,MD,13,2008,6,54.94,0.9032,25.01,0.877,0.471,457,Generated based on literature patterns,2.1666666666666665,35.15384615384615,6.124683390894205,3.605551275463989,substantial
Synthetic_01771,generated,gastroenterology,COR,11,2011,7,71.91,1.6314,43.32,-0.226,0.193,1923,Generated based on literature patterns,1.5714285714285714,174.8181818181818,7.56164174558878,3.3166247903554,substantial
Synthetic_01772,generated,rheumatology,MD,14,2012,7,30.28,0.6843,16.98,0.823,0.027,29345,Generated based on literature patterns,2.0,2096.0714285714284,10.286877452992435,3.7416573867739413,moderate
Synthetic_01773,generated,rheumatology,OR,8,2012,11,65.67,0.2019,27.56,1.761,0.395,457,Generated based on literature patterns,0.7272727272727273,57.125,6.124683390894205,2.8284271247461903,substantial
Synthetic_01774,generated,immunology,COR,9,2020,13,32.52,0.422,14.91,-0.023,0.119,6178,Generated based on literature patterns,0.6923076923076923,686.4444444444445,8.728749873478527,3.0,moderate
Synthetic_01775,generated,endocrinology,HR,9,2017,3,4.79,0.0521,17.54,0.686,0.251,401,Generated based on literature patterns,3.0,44.55555555555556,5.993961427306569,3.0,low
Synthetic_01776,generated,urology,MD,25,2022,3,0.74,0.0694,23.27,-2.774,0.232,946,Generated based on literature patterns,8.333333333333334,37.84,6.852242569051878,5.0,low
Synthetic_01777,generated,dermatology,SMD,12,2019,3,35.43,0.0643,25.81,0.111,0.151,1051,Generated based on literature patterns,4.0,87.58333333333333,6.957497370876951,3.4641016151377544,moderate
Synthetic_01778,generated,nephrology,COR,29,2018,3,36.01,1.1882,42.83,-0.049,0.093,5647,Generated based on literature patterns,9.666666666666666,194.72413793103448,8.638879709672837,5.385164807134504,moderate
Synthetic_01779,generated,neurology,RR,6,2008,7,3.01,0.0224,3.71,1.192,0.163,258,Generated based on literature patterns,0.8571428571428571,43.0,5.552959584921617,2.449489742783178,low
Synthetic_01780,generated,urology,MD,8,2010,3,75.35,0.7786,30.76,-1.515,0.296,355,Generated based on literature patterns,2.6666666666666665,44.375,5.872117789475416,2.8284271247461903,high
Synthetic_01781,generated,gastroenterology,MD,7,2009,7,59.51,0.617,13.21,1.168,0.218,1607,Generated based on literature patterns,1.0,229.57142857142858,7.382124365737512,2.6457513110645907,substantial
Synthetic_01782,generated,dermatology,SMD,11,2012,3,67.47,0.2949,40.44,-0.4,0.237,753,Generated based on literature patterns,3.6666666666666665,68.45454545454545,6.6240652277998935,3.3166247903554,substantial
Synthetic_01783,generated,neurology,HR,10,2005,22,37.02,0.1319,18.08,0.616,0.188,1943,Generated based on literature patterns,0.45454545454545453,194.3,7.57198844937744,3.1622776601683795,moderate
Synthetic_01784,generated,infectious_disease,HR,11,2002,18,54.24,0.119,30.13,0.713,0.246,1549,Generated based on literature patterns,0.6111111111111112,140.8181818181818,7.3453648404168685,3.3166247903554,substantial
Synthetic_01785,generated,nephrology,OR,10,2015,5,4.05,0.0135,23.68,0.559,0.143,1408,Generated based on literature patterns,2.0,140.8,7.249925536717988,3.1622776601683795,low
Synthetic_01786,generated,gastroenterology,MD,8,2015,5,28.43,0.2724,4.8,-2.668,0.09,4089,Generated based on literature patterns,1.6,511.125,8.316055720364643,2.8284271247461903,moderate
Synthetic_01787,generated,pulmonology,OR,11,2011,12,2.54,0.0292,4.11,0.819,0.448,163,Generated based on literature patterns,0.9166666666666666,14.818181818181818,5.093750200806762,3.3166247903554,low
Synthetic_01788,generated,rheumatology,RR,7,2008,9,30.08,0.083,11.08,0.779,0.049,12096,Generated based on literature patterns,0.7777777777777778,1728.0,9.400630098419315,2.6457513110645907,moderate
Synthetic_01789,generated,pulmonology,OR,52,2014,7,3.81,0.0208,48.14,0.606,0.179,645,Generated based on literature patterns,7.428571428571429,12.403846153846153,6.4692503167957724,7.211102550927978,low
Synthetic_01790,generated,oncology,HR,36,2020,7,46.45,0.1142,69.43,1.128,0.596,394,Generated based on literature patterns,5.142857142857143,10.944444444444445,5.976350909297934,6.0,moderate
Synthetic_01791,generated,immunology,SMD,18,2021,4,80.44,0.1978,103.62,-0.474,0.089,7731,Generated based on literature patterns,4.5,429.5,8.952993499320474,4.242640687119285,high
Synthetic_01792,generated,nephrology,OR,14,2020,22,82.9,0.4198,84.41,1.087,0.142,8101,Generated based on literature patterns,0.6363636363636364,578.6428571428571,8.999742789830492,3.7416573867739413,high
Synthetic_01793,generated,gastroenterology,MD,6,2007,16,61.8,0.6358,13.1,-2.029,0.054,19479,Generated based on literature patterns,0.375,3246.5,9.877092241176596,2.449489742783178,substantial
Synthetic_01794,generated,pulmonology,MD,18,2010,15,86.83,1.389,136.44,-1.491,0.968,310,Generated based on literature patterns,1.2,17.22222222222222,5.736572297479192,4.242640687119285,high
Synthetic_01795,generated,cardiology,MD,7,2016,3,34.47,0.4551,12.46,1.127,0.035,31208,Generated based on literature patterns,2.3333333333333335,4458.285714285715,10.348429751186492,2.6457513110645907,moderate
Synthetic_01796,generated,cardiology,RR,5,2009,6,65.96,0.2162,15.2,0.599,0.027,20540,Generated based on literature patterns,0.8333333333333334,4108.0,9.930129483482549,2.23606797749979,substantial
Synthetic_01797,generated,rheumatology,OR,20,2006,3,59.96,0.0799,39.1,1.065,0.187,2564,Generated based on literature patterns,6.666666666666667,128.2,7.849323818040561,4.47213595499958,substantial
Synthetic_01798,generated,gastroenterology,COR,5,2013,4,40.89,0.8089,3.13,0.493,0.171,1390,Generated based on literature patterns,1.25,278.0,7.237059026124737,2.23606797749979,moderate
Synthetic_01799,generated,ophthalmology,OR,15,2015,9,37.14,0.1293,18.99,0.779,0.129,1461,Generated based on literature patterns,1.6666666666666667,97.4,7.2868764117507,3.872983346207417,moderate
Synthetic_01800,generated,neurology,RR,19,2000,5,33.11,0.2006,30.29,0.994,0.037,21144,Generated based on literature patterns,3.8,1112.842105263158,9.959111456284125,4.358898943540674,moderate
Synthetic_01801,generated,dermatology,RR,10,2019,6,55.63,0.0815,14.55,1.12,0.27,711,Generated based on literature patterns,1.6666666666666667,71.1,6.566672429803241,3.1622776601683795,substantial
Synthetic_01802,generated,immunology,SMD,20,2000,7,79.23,0.4775,94.15,-0.27,0.43,620,Generated based on literature patterns,2.857142857142857,31.0,6.429719478039138,4.47213595499958,high
Synthetic_01803,generated,pulmonology,OR,10,2010,5,61.31,0.261,25.37,1.305,0.2,2775,Generated based on literature patterns,2.0,277.5,7.928406026180535,3.1622776601683795,substantial
Synthetic_01804,generated,endocrinology,HR,10,2016,8,65.54,0.2294,34.1,1.085,0.841,100,Generated based on literature patterns,1.25,10.0,4.605170185988092,3.1622776601683795,substantial
Synthetic_01805,generated,oncology,SMD,8,2011,7,66.15,0.2345,15.59,-0.483,0.79,100,Generated based on literature patterns,1.1428571428571428,12.5,4.605170185988092,2.8284271247461903,substantial
Synthetic_01806,generated,endocrinology,SMD,6,2008,4,44.32,0.2189,10.49,0.559,0.324,630,Generated based on literature patterns,1.5,105.0,6.4457198193855785,2.449489742783178,moderate
Synthetic_01807,generated,pulmonology,OR,5,2015,9,4.62,0.0162,3.27,0.723,0.137,444,Generated based on literature patterns,0.5555555555555556,88.8,6.095824562432225,2.23606797749979,low
Synthetic_01808,generated,urology,RR,19,2015,30,85.93,0.6191,120.52,0.759,0.086,8826,Generated based on literature patterns,0.6333333333333333,464.5263157894737,9.085457189829492,4.358898943540674,high
Synthetic_01809,generated,dermatology,MD,5,2026,4,12.64,0.4229,10.61,-3.453,0.255,761,Generated based on literature patterns,1.25,152.2,6.634633357861686,2.23606797749979,low
Synthetic_01810,generated,dermatology,MD,15,2025,17,76.74,1.1372,73.17,1.09,0.355,849,Generated based on literature patterns,0.8823529411764706,56.6,6.744059186311348,3.872983346207417,high
Synthetic_01811,generated,gastroenterology,HR,7,2013,3,75.84,0.112,31.54,0.68,0.158,540,Generated based on literature patterns,2.3333333333333335,77.14285714285714,6.29156913955832,2.6457513110645907,high
Synthetic_01812,generated,nephrology,HR,11,2010,5,89.58,0.2963,101.5,2.351,0.161,3566,Generated based on literature patterns,2.2,324.1818181818182,8.179199798423086,3.3166247903554,high
Synthetic_01813,generated,urology,RR,11,2016,5,5.21,0.0383,7.82,0.586,0.064,7893,Generated based on literature patterns,2.2,717.5454545454545,8.973731569708402,3.3166247903554,low
Synthetic_01814,generated,dermatology,HR,5,2010,3,61.07,0.2123,18.4,0.726,0.575,237,Generated based on literature patterns,1.6666666666666667,47.4,5.4680601411351315,2.23606797749979,substantial
Synthetic_01815,generated,endocrinology,MD,15,2013,11,6.39,0.11,19.38,2.015,0.098,3252,Generated based on literature patterns,1.3636363636363635,216.8,8.087025470667701,3.872983346207417,low
Synthetic_01816,generated,nephrology,MD,16,2000,29,59.16,1.4369,24.08,0.278,0.196,1706,Generated based on literature patterns,0.5517241379310345,106.625,7.441906728051625,4.0,substantial
Synthetic_01817,generated,ophthalmology,HR,17,2003,3,53.58,0.2492,54.27,1.991,0.223,665,Generated based on literature patterns,5.666666666666667,39.11764705882353,6.499787040655854,4.123105625617661,substantial
Synthetic_01818,generated,endocrinology,RR,5,2017,9,7.06,0.0279,4.58,0.576,0.202,766,Generated based on literature patterns,0.5555555555555556,153.2,6.641182169740591,2.23606797749979,low
Synthetic_01819,generated,ophthalmology,RR,27,2002,6,41.41,0.1261,59.21,0.61,0.038,20179,Generated based on literature patterns,4.5,747.3703703703703,9.912397738665884,5.196152422706632,moderate
Synthetic_01820,generated,neurology,SMD,14,2017,19,42.29,0.1829,18.89,-0.587,0.169,1943,Generated based on literature patterns,0.7368421052631579,138.78571428571428,7.57198844937744,3.7416573867739413,moderate
Synthetic_01821,generated,pulmonology,MD,5,2008,5,2.13,0.1092,3.76,-0.501,0.083,4023,Generated based on literature patterns,1.0,804.6,8.299783171949787,2.23606797749979,low
Synthetic_01822,generated,nephrology,MD,13,2006,5,2.33,0.1338,5.26,2.646,0.103,2956,Generated based on literature patterns,2.6,227.3846153846154,7.991592282068092,3.605551275463989,low
Synthetic_01823,generated,gastroenterology,SMD,10,2011,3,34.27,0.2895,24.36,-0.441,0.113,9897,Generated based on literature patterns,3.3333333333333335,989.7,9.199986959896691,3.1622776601683795,moderate
Synthetic_01824,generated,endocrinology,COR,12,2011,6,9.98,0.5177,11.97,-0.355,0.26,478,Generated based on literature patterns,2.0,39.833333333333336,6.169610732491456,3.4641016151377544,low
Synthetic_01825,generated,pulmonology,HR,5,2006,30,59.67,0.1638,28.47,0.916,0.114,6270,Generated based on literature patterns,0.16666666666666666,1254.0,8.743531633626967,2.23606797749979,substantial
Synthetic_01826,generated,cardiology,HR,16,2017,12,6.79,0.013,20.53,1.573,0.07,8953,Generated based on literature patterns,1.3333333333333333,559.5625,9.099743950634156,4.0,low
Synthetic_01827,generated,ophthalmology,OR,19,2009,21,79.93,0.7652,95.13,0.465,0.126,5133,Generated based on literature patterns,0.9047619047619048,270.1578947368421,8.543445562560303,4.358898943540674,high
Synthetic_01828,generated,urology,SMD,11,1996,15,62.13,0.2834,40.95,0.061,0.062,9092,Generated based on literature patterns,0.7333333333333333,826.5454545454545,9.115150184972434,3.3166247903554,substantial
Synthetic_01829,generated,pulmonology,MD,36,2016,3,62.92,1.5006,89.83,1.056,0.707,100,Generated based on literature patterns,12.0,2.7777777777777777,4.605170185988092,6.0,substantial
Synthetic_01830,generated,cardiology,MD,29,2013,13,6.1,0.1936,20.69,0.625,0.064,4071,Generated based on literature patterns,2.230769230769231,140.3793103448276,8.31164394850298,5.385164807134504,low
Synthetic_01831,generated,nephrology,COR,5,2017,16,69.41,0.4875,22.42,0.277,0.231,3362,Generated based on literature patterns,0.3125,672.4,8.120291313968561,2.23606797749979,substantial
Synthetic_01832,generated,pulmonology,COR,15,2011,7,8.12,0.101,15.6,-0.356,0.128,2787,Generated based on literature patterns,2.142857142857143,185.8,7.932721027481948,3.872983346207417,low
Synthetic_01833,generated,psychiatry,RR,15,2010,15,82.39,0.219,79.15,1.45,0.12,9222,Generated based on literature patterns,1.0,614.8,9.129347212766652,3.872983346207417,high
Synthetic_01834,generated,urology,SMD,14,2021,6,41.05,0.4041,21.93,0.059,0.12,4181,Generated based on literature patterns,2.3333333333333335,298.64285714285717,8.338305731356565,3.7416573867739413,moderate
Synthetic_01835,generated,gastroenterology,COR,14,2016,5,32.39,0.3869,18.56,-0.464,0.282,969,Generated based on literature patterns,2.8,69.21428571428571,6.876264611890766,3.7416573867739413,moderate
Synthetic_01836,generated,urology,MD,9,2001,7,70.8,0.8536,33.48,3.383,0.184,8091,Generated based on literature patterns,1.2857142857142858,899.0,8.99850761180784,3.0,substantial
Synthetic_01837,generated,cardiology,COR,15,2004,30,5.19,0.109,13.69,0.244,0.053,9552,Generated based on literature patterns,0.5,636.8,9.164505835632383,3.872983346207417,low
Synthetic_01838,generated,oncology,COR,5,2004,12,35.11,0.4867,8.41,0.367,0.219,1249,Generated based on literature patterns,0.4166666666666667,249.8,7.130098510125578,2.23606797749979,moderate
Synthetic_01839,generated,rheumatology,RR,7,2007,5,85.06,0.2646,49.49,0.746,0.661,117,Generated based on literature patterns,1.4,16.714285714285715,4.762173934797756,2.6457513110645907,high
Synthetic_01840,generated,ophthalmology,OR,27,2015,8,38.16,0.0681,52.49,1.178,0.226,655,Generated based on literature patterns,3.375,24.25925925925926,6.484635235635252,5.196152422706632,moderate
Synthetic_01841,generated,rheumatology,HR,11,2010,5,28.68,0.1106,13.64,1.522,0.303,2859,Generated based on literature patterns,2.2,259.90909090909093,7.958227192322312,3.3166247903554,moderate
Synthetic_01842,generated,oncology,COR,13,2006,7,3.2,0.048,8.41,-0.103,0.056,5643,Generated based on literature patterns,1.8571428571428572,434.0769230769231,8.63817111796914,3.605551275463989,low
Synthetic_01843,generated,immunology,COR,5,2012,20,41.96,1.0149,7.32,0.157,0.05,19949,Generated based on literature patterns,0.25,3989.8,9.90093429574841,2.23606797749979,moderate
Synthetic_01844,generated,immunology,OR,7,2017,4,66.58,0.2333,20.95,0.801,0.176,1092,Generated based on literature patterns,1.75,156.0,6.9957661563048505,2.6457513110645907,substantial
Synthetic_01845,generated,neurology,SMD,27,2015,5,59.25,0.2324,77.03,0.785,0.306,409,Generated based on literature patterns,5.4,15.148148148148149,6.013715156042802,5.196152422706632,substantial
Synthetic_01846,generated,dermatology,COR,20,2017,5,83.32,0.5934,105.41,0.5,0.198,7219,Generated based on literature patterns,4.0,360.95,8.88447171813916,4.47213595499958,high
Synthetic_01847,generated,urology,MD,14,2012,10,62.55,1.4984,36.32,-1.645,0.808,100,Generated based on literature patterns,1.4,7.142857142857143,4.605170185988092,3.7416573867739413,substantial
Synthetic_01848,generated,immunology,SMD,5,2007,9,29.32,0.2938,14.44,0.098,0.239,632,Generated based on literature patterns,0.5555555555555556,126.4,6.448889394146858,2.23606797749979,moderate
Synthetic_01849,generated,ophthalmology,SMD,18,2012,9,7.39,0.0419,23.5,-0.207,0.029,23767,Generated based on literature patterns,2.0,1320.388888888889,10.076053342881366,4.242640687119285,low
Synthetic_01850,generated,gastroenterology,RR,14,2018,9,7.05,0.0214,10.0,0.804,0.102,3427,Generated based on literature patterns,1.5555555555555556,244.78571428571428,8.139440521874608,3.7416573867739413,low
Synthetic_01851,generated,cardiology,RR,5,2005,3,60.54,0.1393,9.02,0.898,0.48,274,Generated based on literature patterns,1.6666666666666667,54.8,5.6131281063880705,2.23606797749979,substantial
Synthetic_01852,generated,gastroenterology,HR,38,2013,11,3.19,0.0119,38.83,1.486,0.067,3890,Generated based on literature patterns,3.4545454545454546,102.36842105263158,8.266164436612492,6.164414002968976,low
Synthetic_01853,generated,dermatology,MD,14,2008,19,5.74,0.1809,11.93,-0.981,0.083,2840,Generated based on literature patterns,0.7368421052631579,202.85714285714286,7.951559331155252,3.7416573867739413,low
Synthetic_01854,generated,nephrology,RR,8,2010,14,32.04,0.0395,8.54,1.13,0.47,279,Generated based on literature patterns,0.5714285714285714,34.875,5.631211781821365,2.8284271247461903,moderate
Synthetic_01855,generated,nephrology,HR,10,2008,3,40.81,0.092,14.12,0.888,0.093,11777,Generated based on literature patterns,3.3333333333333335,1177.7,9.373903755841548,3.1622776601683795,moderate
Synthetic_01856,generated,oncology,SMD,21,2012,4,45.51,0.2749,41.52,-0.346,0.138,6969,Generated based on literature patterns,5.25,331.85714285714283,8.84922702143852,4.58257569495584,moderate
Synthetic_01857,generated,dermatology,HR,10,2023,17,42.24,0.1695,16.13,0.495,0.04,14101,Generated based on literature patterns,0.5882352941176471,1410.1,9.55400099583723,3.1622776601683795,moderate
Synthetic_01858,generated,nephrology,OR,16,2014,3,43.43,0.1281,21.53,1.331,0.035,38866,Generated based on literature patterns,5.333333333333333,2429.125,10.567875111424648,4.0,moderate
Synthetic_01859,generated,ophthalmology,RR,5,2017,8,68.62,0.2918,17.35,0.706,0.127,7384,Generated based on literature patterns,0.625,1476.8,8.907070776182689,2.23606797749979,substantial
Synthetic_01860,generated,urology,HR,29,2001,8,8.73,0.049,21.68,0.936,0.018,20993,Generated based on literature patterns,3.625,723.8965517241379,9.951944327804322,5.385164807134504,low
Synthetic_01861,generated,ophthalmology,OR,18,2012,5,66.63,0.2378,78.01,0.615,0.395,373,Generated based on literature patterns,3.6,20.72222222222222,5.921578419643816,4.242640687119285,substantial
Synthetic_01862,generated,gastroenterology,HR,5,2009,20,39.82,0.1159,10.0,1.052,0.103,2013,Generated based on literature patterns,0.25,402.6,7.607381425639791,2.23606797749979,moderate
Synthetic_01863,generated,nephrology,HR,5,2009,9,29.99,0.0886,9.28,1.399,0.377,457,Generated based on literature patterns,0.5555555555555556,91.4,6.124683390894205,2.23606797749979,moderate
Synthetic_01864,generated,nephrology,COR,21,2015,3,88.67,1.0887,173.93,0.124,0.128,4977,Generated based on literature patterns,7.0,237.0,8.512582578858554,4.58257569495584,high
Synthetic_01865,generated,urology,MD,10,2020,11,36.46,0.3096,16.02,-2.079,0.168,1479,Generated based on literature patterns,0.9090909090909091,147.9,7.2991214627108,3.1622776601683795,moderate
Synthetic_01866,generated,neurology,HR,6,2012,14,4.27,0.0262,7.38,0.759,0.25,408,Generated based on literature patterns,0.42857142857142855,68.0,6.0112671744041615,2.449489742783178,low
Synthetic_01867,generated,ophthalmology,MD,23,2003,16,58.58,0.9257,42.91,0.129,0.238,1248,Generated based on literature patterns,1.4375,54.26086956521739,7.129297548929373,4.795831523312719,substantial
Synthetic_01868,generated,urology,RR,17,2011,3,8.15,0.0294,29.01,1.103,0.061,14367,Generated based on literature patterns,5.666666666666667,845.1176470588235,9.572689189010719,4.123105625617661,low
Synthetic_01869,generated,immunology,MD,6,2017,8,40.06,0.4074,16.45,-1.581,0.024,43615,Generated based on literature patterns,0.75,7269.166666666667,10.683156406867319,2.449489742783178,moderate
Synthetic_01870,generated,oncology,RR,8,2006,3,40.07,0.1744,23.44,0.696,0.088,2349,Generated based on literature patterns,2.6666666666666665,293.625,7.761744984658913,2.8284271247461903,moderate
Synthetic_01871,generated,infectious_disease,OR,5,2004,14,9.16,0.0558,5.42,0.921,0.191,2103,Generated based on literature patterns,0.35714285714285715,420.6,7.6511201757027,2.23606797749979,low
Synthetic_01872,generated,nephrology,SMD,11,2005,5,37.89,0.4147,14.15,-0.578,0.217,556,Generated based on literature patterns,2.2,50.54545454545455,6.320768294250582,3.3166247903554,moderate
Synthetic_01873,generated,ophthalmology,SMD,17,2017,3,65.11,0.4163,41.0,0.028,0.934,100,Generated based on literature patterns,5.666666666666667,5.882352941176471,4.605170185988092,4.123105625617661,substantial
Synthetic_01874,generated,rheumatology,SMD,5,2018,6,34.04,0.3177,6.57,-0.643,0.035,22223,Generated based on literature patterns,0.8333333333333334,4444.6,10.008883067581468,2.23606797749979,moderate
Synthetic_01875,generated,infectious_disease,OR,28,2012,4,8.52,0.0261,32.04,0.936,0.163,979,Generated based on literature patterns,7.0,34.964285714285715,6.88653164253051,5.291502622129181,low
Synthetic_01876,generated,rheumatology,SMD,14,2010,6,39.89,0.0714,18.32,0.518,0.217,455,Generated based on literature patterns,2.3333333333333335,32.5,6.12029741895095,3.7416573867739413,moderate
Synthetic_01877,generated,urology,MD,16,2015,3,64.65,0.7791,41.79,0.11,0.689,137,Generated based on literature patterns,5.333333333333333,8.5625,4.919980925828125,4.0,substantial
Synthetic_01878,generated,immunology,HR,8,2009,3,2.56,0.0209,11.55,0.726,0.048,8129,Generated based on literature patterns,2.6666666666666665,1016.125,9.003193193746572,2.8284271247461903,low
Synthetic_01879,generated,urology,RR,13,2013,8,34.81,0.1591,18.35,1.109,0.119,4443,Generated based on literature patterns,1.625,341.7692307692308,8.399085102935908,3.605551275463989,moderate
Synthetic_01880,generated,immunology,RR,15,2009,14,41.38,0.1332,36.28,0.324,0.039,12803,Generated based on literature patterns,1.0714285714285714,853.5333333333333,9.45743479744618,3.872983346207417,moderate
Synthetic_01881,generated,urology,HR,6,2010,12,86.1,0.0883,34.87,0.605,0.326,1450,Generated based on literature patterns,0.5,241.66666666666666,7.27931883541462,2.449489742783178,high
Synthetic_01882,generated,cardiology,MD,5,2007,3,58.52,0.5214,13.65,0.241,0.272,1052,Generated based on literature patterns,1.6666666666666667,210.4,6.9584483932976555,2.23606797749979,substantial
Synthetic_01883,generated,neurology,HR,5,2006,3,52.61,0.2429,11.7,0.975,0.205,1922,Generated based on literature patterns,1.6666666666666667,384.4,7.561121589530238,2.23606797749979,substantial
Synthetic_01884,generated,endocrinology,MD,19,2016,11,65.75,0.7739,63.34,-1.901,0.036,52785,Generated based on literature patterns,1.7272727272727273,2778.157894736842,10.873982338423795,4.358898943540674,substantial
Synthetic_01885,generated,nephrology,OR,7,2018,7,4.68,0.0141,7.28,0.857,0.047,4337,Generated based on literature patterns,1.0,619.5714285714286,8.374938143835367,2.6457513110645907,low
Synthetic_01886,generated,endocrinology,SMD,7,2007,3,29.67,0.2206,11.65,-0.008,0.071,2232,Generated based on literature patterns,2.3333333333333335,318.85714285714283,7.710653323501202,2.6457513110645907,moderate
Synthetic_01887,generated,ophthalmology,HR,37,2013,7,2.17,0.01,43.55,0.98,0.087,2743,Generated based on literature patterns,5.285714285714286,74.13513513513513,7.916807490937603,6.082762530298219,low
Synthetic_01888,generated,cardiology,RR,7,2011,4,6.64,0.0283,16.18,0.616,0.213,619,Generated based on literature patterns,1.75,88.42857142857143,6.428105272684596,2.6457513110645907,low
Synthetic_01889,generated,immunology,MD,14,2017,6,9.08,0.1185,8.27,-0.087,0.119,3110,Generated based on literature patterns,2.3333333333333335,222.14285714285714,8.04237800517328,3.7416573867739413,low
Synthetic_01890,generated,pulmonology,SMD,12,2004,9,85.97,0.2476,83.37,0.127,0.127,2440,Generated based on literature patterns,1.3333333333333333,203.33333333333334,7.799753318287247,3.4641016151377544,high
Synthetic_01891,generated,gastroenterology,RR,23,2004,26,60.93,0.1007,55.74,0.847,0.405,274,Generated based on literature patterns,0.8846153846153846,11.91304347826087,5.6131281063880705,4.795831523312719,substantial
Synthetic_01892,generated,rheumatology,COR,9,2020,19,2.0,0.0502,15.12,0.621,0.05,14663,Generated based on literature patterns,0.47368421052631576,1629.2222222222222,9.59308259297708,3.0,low
Synthetic_01893,generated,cardiology,COR,11,2021,27,37.88,1.4571,10.91,-0.065,0.171,1403,Generated based on literature patterns,0.4074074074074074,127.54545454545455,7.246368080102461,3.3166247903554,moderate
Synthetic_01894,generated,gastroenterology,SMD,5,2008,7,40.06,0.2658,9.75,-0.4,0.042,16931,Generated based on literature patterns,0.7142857142857143,3386.2,9.736901540128232,2.23606797749979,moderate
Synthetic_01895,generated,pulmonology,HR,9,2011,14,66.9,0.0878,22.01,1.202,0.188,1273,Generated based on literature patterns,0.6428571428571429,141.44444444444446,7.149131598557407,3.0,substantial
Synthetic_01896,generated,urology,SMD,5,2012,5,85.7,0.2037,41.89,-0.299,0.198,816,Generated based on literature patterns,1.0,163.2,6.704414354964107,2.23606797749979,high
Synthetic_01897,generated,oncology,MD,11,2012,6,5.61,0.1687,23.39,-1.124,0.151,1668,Generated based on literature patterns,1.8333333333333333,151.63636363636363,7.419380582918692,3.3166247903554,low
Synthetic_01898,generated,endocrinology,OR,9,2018,3,6.72,0.0172,10.7,0.855,0.147,1389,Generated based on literature patterns,3.0,154.33333333333334,7.236339342754344,3.0,low
Synthetic_01899,generated,dermatology,OR,9,2006,3,53.07,0.2531,20.31,0.651,0.199,1616,Generated based on literature patterns,3.0,179.55555555555554,7.38770923908104,3.0,substantial
Synthetic_01900,generated,pulmonology,HR,21,2004,11,33.25,0.1678,29.55,0.755,0.095,8551,Generated based on literature patterns,1.9090909090909092,407.1904761904762,9.053803514155955,4.58257569495584,moderate
Synthetic_01901,generated,endocrinology,COR,17,2005,4,64.21,0.8461,30.5,-0.137,0.347,1443,Generated based on literature patterns,4.25,84.88235294117646,7.274479558773871,4.123105625617661,substantial
Synthetic_01902,generated,dermatology,MD,21,2009,7,82.92,0.7447,128.96,1.794,0.208,1857,Generated based on literature patterns,3.0,88.42857142857143,7.526717561352706,4.58257569495584,high
Synthetic_01903,generated,cardiology,OR,13,1996,27,6.33,0.0229,11.01,1.233,0.053,6274,Generated based on literature patterns,0.48148148148148145,482.61538461538464,8.744169388750624,3.605551275463989,low
Synthetic_01904,generated,neurology,SMD,10,2019,17,4.3,0.0189,3.85,-0.238,0.057,3260,Generated based on literature patterns,0.5882352941176471,326.0,8.089482474360754,3.1622776601683795,low
Synthetic_01905,generated,nephrology,OR,28,2007,9,82.09,0.2735,169.76,0.886,0.133,5860,Generated based on literature patterns,3.111111111111111,209.28571428571428,8.675904882571059,5.291502622129181,high
Synthetic_01906,generated,dermatology,MD,8,2019,3,44.79,1.2485,26.68,-0.863,0.476,355,Generated based on literature patterns,2.6666666666666665,44.375,5.872117789475416,2.8284271247461903,moderate
Synthetic_01907,generated,cardiology,SMD,6,2000,3,33.51,0.0722,6.93,0.008,0.09,9120,Generated based on literature patterns,2.0,1520.0,9.118225083068378,2.449489742783178,moderate
Synthetic_01908,generated,infectious_disease,RR,27,2011,5,64.93,0.2521,80.79,0.596,0.034,44477,Generated based on literature patterns,5.4,1647.2962962962963,10.702727480606711,5.196152422706632,substantial
Synthetic_01909,generated,infectious_disease,HR,21,2013,16,53.36,0.2375,50.83,1.206,0.064,10167,Generated based on literature patterns,1.3125,484.14285714285717,9.226902460275161,4.58257569495584,substantial
Synthetic_01910,generated,neurology,SMD,5,2015,3,62.81,0.3315,11.35,-0.74,0.108,5101,Generated based on literature patterns,1.6666666666666667,1020.2,8.537191877922927,2.23606797749979,substantial
Synthetic_01911,generated,pulmonology,RR,20,2000,3,44.26,0.0716,26.51,1.225,0.246,840,Generated based on literature patterns,6.666666666666667,42.0,6.733401891837359,4.47213595499958,moderate
Synthetic_01912,generated,rheumatology,OR,15,2014,4,8.71,0.0331,18.91,0.72,0.088,8964,Generated based on literature patterns,3.75,597.6,9.100971834920818,3.872983346207417,low
Synthetic_01913,generated,immunology,RR,10,2016,3,44.05,0.1354,12.83,1.054,0.165,3718,Generated based on literature patterns,3.3333333333333335,371.8,8.220941168281389,3.1622776601683795,moderate
Synthetic_01914,generated,immunology,MD,13,2011,8,60.75,1.8867,27.1,1.522,0.258,1888,Generated based on literature patterns,1.625,145.23076923076923,7.543273346705446,3.605551275463989,substantial
Synthetic_01915,generated,gastroenterology,HR,19,2017,3,60.59,0.2015,51.24,0.957,0.445,441,Generated based on literature patterns,6.333333333333333,23.210526315789473,6.089044875446846,4.358898943540674,substantial
Synthetic_01916,generated,oncology,MD,7,2007,19,4.79,0.1028,5.72,2.256,0.107,4026,Generated based on literature patterns,0.3684210526315789,575.1428571428571,8.300528606199737,2.6457513110645907,low
Synthetic_01917,generated,dermatology,COR,17,2012,6,77.59,0.9851,66.53,0.154,0.148,3689,Generated based on literature patterns,2.8333333333333335,217.0,8.213110697596676,4.123105625617661,high
Synthetic_01918,generated,infectious_disease,OR,33,2017,4,85.81,0.2112,238.86,1.151,0.058,28142,Generated based on literature patterns,8.25,852.7878787878788,10.2450184013482,5.744562646538029,high
Synthetic_01919,generated,ophthalmology,OR,6,2011,3,4.61,0.0336,7.38,0.716,0.045,13418,Generated based on literature patterns,2.0,2236.3333333333335,9.504352368122833,2.449489742783178,low
Synthetic_01920,generated,infectious_disease,HR,12,2018,4,78.03,0.1585,62.08,1.035,0.155,6494,Generated based on literature patterns,3.0,541.1666666666666,8.77863395266279,3.4641016151377544,high
Synthetic_01921,generated,immunology,MD,9,2012,4,45.84,0.7491,25.9,-2.677,0.148,907,Generated based on literature patterns,2.25,100.77777777777777,6.810142450115136,3.0,moderate
Synthetic_01922,generated,dermatology,RR,10,2011,3,61.33,0.0901,18.13,0.776,0.202,1855,Generated based on literature patterns,3.3333333333333335,185.5,7.5256399750415355,3.1622776601683795,substantial
Synthetic_01923,generated,dermatology,HR,14,2006,14,46.89,0.1049,18.0,1.687,0.094,2017,Generated based on literature patterns,1.0,144.07142857142858,7.6093665379542115,3.7416573867739413,moderate
Synthetic_01924,generated,immunology,RR,5,2015,8,41.87,0.1004,5.62,0.443,0.05,22219,Generated based on literature patterns,0.625,4443.8,10.008703057680439,2.23606797749979,moderate
Synthetic_01925,generated,nephrology,HR,10,2015,4,35.07,0.1093,9.74,1.175,0.086,4948,Generated based on literature patterns,2.5,494.8,8.506738733512378,3.1622776601683795,moderate
Synthetic_01926,generated,gastroenterology,MD,15,1999,3,33.33,1.6047,22.98,-0.554,0.03,79314,Generated based on literature patterns,5.0,5287.6,11.281169936807455,3.872983346207417,moderate
Synthetic_01927,generated,urology,COR,8,2016,6,0.9,0.0508,3.29,0.298,0.136,695,Generated based on literature patterns,1.3333333333333333,86.875,6.543911845564792,2.8284271247461903,low
Synthetic_01928,generated,psychiatry,MD,15,2010,30,8.05,0.4494,17.46,-0.005,0.017,31168,Generated based on literature patterns,0.5,2077.866666666667,10.347147206442262,3.872983346207417,low
Synthetic_01929,generated,rheumatology,SMD,16,2006,14,0.64,0.0159,25.1,0.541,0.111,1832,Generated based on literature patterns,1.1428571428571428,114.5,7.513163545234075,4.0,low
Synthetic_01930,generated,urology,RR,7,2007,3,6.48,0.0439,7.01,0.795,0.07,2991,Generated based on literature patterns,2.3333333333333335,427.2857142857143,8.003363058629947,2.6457513110645907,low
Synthetic_01931,generated,endocrinology,RR,18,2011,8,5.34,0.0177,22.23,0.821,0.085,2621,Generated based on literature patterns,2.25,145.61111111111111,7.8713112033234065,4.242640687119285,low
Synthetic_01932,generated,cardiology,OR,6,2007,7,85.21,0.0427,34.63,0.833,0.365,379,Generated based on literature patterns,0.8571428571428571,63.166666666666664,5.937536205082426,2.449489742783178,high
Synthetic_01933,generated,neurology,OR,6,2011,11,55.6,0.2058,11.56,0.293,0.094,6015,Generated based on literature patterns,0.5454545454545454,1002.5,8.70201162840878,2.449489742783178,substantial
Synthetic_01934,generated,psychiatry,COR,7,2021,17,79.33,0.9286,55.31,0.308,0.122,12180,Generated based on literature patterns,0.4117647058823529,1740.0,9.407550541263888,2.6457513110645907,high
Synthetic_01935,generated,psychiatry,SMD,20,2008,9,43.32,0.1418,40.87,0.73,0.224,1789,Generated based on literature patterns,2.2222222222222223,89.45,7.489412083508719,4.47213595499958,moderate
Synthetic_01936,generated,dermatology,OR,18,2014,19,40.1,0.0598,31.35,2.292,0.142,6342,Generated based on literature patterns,0.9473684210526315,352.3333333333333,8.754949455098293,4.242640687119285,moderate
Synthetic_01937,generated,urology,SMD,5,2010,14,31.64,0.1236,6.02,-0.097,0.101,995,Generated based on literature patterns,0.35714285714285715,199.0,6.902742737158593,2.23606797749979,moderate
Synthetic_01938,generated,dermatology,COR,6,2017,12,29.0,0.5739,5.24,-0.212,0.546,100,Generated based on literature patterns,0.5,16.666666666666668,4.605170185988092,2.449489742783178,moderate
Synthetic_01939,generated,nephrology,HR,5,2013,3,0.64,0.0061,1.49,0.345,0.161,671,Generated based on literature patterns,1.6666666666666667,134.2,6.508769136971682,2.23606797749979,low
Synthetic_01940,generated,infectious_disease,SMD,12,2013,5,77.39,0.1977,51.21,0.376,0.069,9590,Generated based on literature patterns,2.4,799.1666666666666,9.168476167877484,3.4641016151377544,high
Synthetic_01941,generated,rheumatology,SMD,18,2023,11,6.68,0.0453,20.58,-0.071,0.016,30869,Generated based on literature patterns,1.6363636363636365,1714.9444444444443,10.337507723061567,4.242640687119285,low
Synthetic_01942,generated,gastroenterology,MD,25,2006,5,40.99,0.8373,33.09,-3.05,0.031,21472,Generated based on literature patterns,5.0,858.88,9.974505039771408,5.0,moderate
Synthetic_01943,generated,rheumatology,MD,8,2014,9,5.47,0.1544,6.48,-1.191,0.11,2545,Generated based on literature patterns,0.8888888888888888,318.125,7.841885928984623,2.8284271247461903,low
Synthetic_01944,generated,dermatology,MD,11,2002,5,83.27,1.3546,77.58,-2.586,0.38,479,Generated based on literature patterns,2.2,43.54545454545455,6.171700597410915,3.3166247903554,high
Synthetic_01945,generated,infectious_disease,RR,27,2011,3,2.86,0.0153,25.5,0.492,0.235,254,Generated based on literature patterns,9.0,9.407407407407407,5.537334267018537,5.196152422706632,low
Synthetic_01946,generated,oncology,HR,5,2013,7,53.81,0.1188,8.85,0.73,0.063,14849,Generated based on literature patterns,0.7142857142857143,2969.8,9.605687801896062,2.23606797749979,substantial
Synthetic_01947,generated,endocrinology,RR,22,2015,13,7.18,0.0569,26.7,0.628,0.021,29372,Generated based on literature patterns,1.6923076923076923,1335.090909090909,10.2877971185715,4.69041575982343,low
Synthetic_01948,generated,psychiatry,RR,30,2013,10,54.75,0.291,70.81,1.161,1.026,269,Generated based on literature patterns,3.0,8.966666666666667,5.594711379601839,5.477225575051661,substantial
Synthetic_01949,generated,ophthalmology,RR,16,2015,10,78.66,0.1273,65.68,0.576,0.045,61551,Generated based on literature patterns,1.6,3846.9375,11.027621378434315,4.0,high
Synthetic_01950,generated,rheumatology,MD,13,2015,5,37.84,1.3618,16.57,1.942,0.266,277,Generated based on literature patterns,2.6,21.307692307692307,5.6240175061873385,3.605551275463989,moderate
Synthetic_01951,generated,ophthalmology,OR,19,2009,5,53.75,0.1854,44.76,0.51,0.144,3142,Generated based on literature patterns,3.8,165.3684210526316,8.052614818815567,4.358898943540674,substantial
Synthetic_01952,generated,oncology,MD,7,2009,21,57.39,0.3957,9.19,1.989,0.265,1963,Generated based on literature patterns,0.3333333333333333,280.42857142857144,7.5822291942764615,2.6457513110645907,substantial
Synthetic_01953,generated,psychiatry,SMD,15,2021,9,35.66,0.6645,22.68,0.197,0.129,2150,Generated based on literature patterns,1.6666666666666667,143.33333333333334,7.673223121121708,3.872983346207417,moderate
Synthetic_01954,generated,immunology,SMD,16,2010,3,82.95,0.2344,101.65,-0.302,0.638,142,Generated based on literature patterns,5.333333333333333,8.875,4.955827057601261,4.0,high
Synthetic_01955,generated,rheumatology,HR,17,2003,8,14.01,0.1155,13.87,1.206,0.043,18598,Generated based on literature patterns,2.125,1094.0,9.830809327038143,4.123105625617661,low
Synthetic_01956,generated,oncology,SMD,5,2017,3,1.94,0.0247,4.63,0.446,0.085,1344,Generated based on literature patterns,1.6666666666666667,268.8,7.203405521083095,2.23606797749979,low
Synthetic_01957,generated,dermatology,OR,7,2002,19,58.14,0.0885,11.66,0.784,0.184,4184,Generated based on literature patterns,0.3684210526315789,597.7142857142857,8.339023005744759,2.6457513110645907,substantial
Synthetic_01958,generated,ophthalmology,MD,16,2003,17,84.01,1.1597,104.13,-0.648,0.051,10781,Generated based on literature patterns,0.9411764705882353,673.8125,9.285540604539118,4.0,high
Synthetic_01959,generated,immunology,OR,8,2020,4,81.31,0.2889,52.65,2.08,0.091,13240,Generated based on literature patterns,2.0,1655.0,9.490997829490999,2.8284271247461903,high
Synthetic_01960,generated,nephrology,COR,7,2015,5,7.28,0.2021,3.13,0.221,0.144,748,Generated based on literature patterns,1.4,106.85714285714286,6.617402977974478,2.6457513110645907,low
Synthetic_01961,generated,oncology,SMD,17,2019,30,79.88,0.4595,79.09,-0.992,0.035,71512,Generated based on literature patterns,0.5666666666666667,4206.588235294118,11.177620546767688,4.123105625617661,high
Synthetic_01962,generated,rheumatology,SMD,15,2013,23,7.69,0.0527,13.7,1.058,0.199,929,Generated based on literature patterns,0.6521739130434783,61.93333333333333,6.834108738813838,3.872983346207417,low
Synthetic_01963,generated,gastroenterology,COR,16,2010,4,58.56,2.2937,21.38,0.055,0.212,1479,Generated based on literature patterns,4.0,92.4375,7.2991214627108,4.0,substantial
Synthetic_01964,generated,urology,COR,15,2005,30,76.47,1.2758,77.05,0.112,0.236,756,Generated based on literature patterns,0.5,50.4,6.628041376179533,3.872983346207417,high
Synthetic_01965,generated,neurology,OR,26,2012,8,72.49,0.2097,80.74,1.177,0.794,307,Generated based on literature patterns,3.25,11.807692307692308,5.726847747587197,5.0990195135927845,substantial
Synthetic_01966,generated,dermatology,HR,27,2014,3,39.48,0.1082,44.13,1.454,0.716,127,Generated based on literature patterns,9.0,4.703703703703703,4.844187086458591,5.196152422706632,moderate
Synthetic_01967,generated,rheumatology,RR,7,2008,21,44.34,0.1421,15.33,0.486,0.306,737,Generated based on literature patterns,0.3333333333333333,105.28571428571429,6.602587892189336,2.6457513110645907,moderate
Synthetic_01968,generated,infectious_disease,COR,9,2009,8,76.02,1.1127,40.7,-0.233,0.037,92917,Generated based on literature patterns,1.125,10324.111111111111,11.439461900525867,3.0,high
Synthetic_01969,generated,ophthalmology,RR,34,2013,18,61.31,0.1467,111.14,1.096,0.127,1731,Generated based on literature patterns,1.8888888888888888,50.911764705882355,7.456454555176209,5.830951894845301,substantial
Synthetic_01970,generated,urology,SMD,44,2010,12,59.58,0.196,101.44,0.717,0.294,639,Generated based on literature patterns,3.6666666666666665,14.522727272727273,6.459904454377535,6.6332495807108,substantial
Synthetic_01971,generated,oncology,OR,16,2007,3,51.81,0.2894,44.33,1.063,0.077,7968,Generated based on literature patterns,5.333333333333333,498.0,8.983188799264434,4.0,substantial
Synthetic_01972,generated,nephrology,OR,16,2016,9,2.61,0.0173,26.04,0.524,0.134,1931,Generated based on literature patterns,1.7777777777777777,120.6875,7.565793282428515,4.0,low
Synthetic_01973,generated,endocrinology,OR,9,2010,21,9.85,0.02,3.77,1.467,0.271,609,Generated based on literature patterns,0.42857142857142855,67.66666666666667,6.411818267709897,3.0,low
Synthetic_01974,generated,endocrinology,HR,12,2018,17,39.64,0.0457,14.78,0.744,0.154,1466,Generated based on literature patterns,0.7058823529411765,122.16666666666667,7.290292882446597,3.4641016151377544,moderate
Synthetic_01975,generated,ophthalmology,COR,19,2016,8,4.53,0.1063,18.73,0.373,0.083,1438,Generated based on literature patterns,2.375,75.6842105263158,7.271008538280992,4.358898943540674,low
Synthetic_01976,generated,infectious_disease,COR,17,2009,9,56.53,1.5837,52.93,-0.448,0.034,30571,Generated based on literature patterns,1.8888888888888888,1798.2941176470588,10.327807126158824,4.123105625617661,substantial
Synthetic_01977,generated,pulmonology,RR,5,2007,13,5.98,0.0196,4.69,1.128,0.078,4643,Generated based on literature patterns,0.38461538461538464,928.6,8.443115988019922,2.23606797749979,low
Synthetic_01978,generated,endocrinology,RR,20,2016,13,31.9,0.1772,41.25,1.178,0.183,756,Generated based on literature patterns,1.5384615384615385,37.8,6.628041376179533,4.47213595499958,moderate
Synthetic_01979,generated,endocrinology,SMD,11,2006,3,56.61,0.2316,22.15,-0.243,0.027,30197,Generated based on literature patterns,3.6666666666666665,2745.181818181818,10.315497860680296,3.3166247903554,substantial
Synthetic_01980,generated,endocrinology,SMD,7,2017,19,36.4,0.0888,4.44,-0.413,0.202,3202,Generated based on literature patterns,0.3684210526315789,457.42857142857144,8.07153089355666,2.6457513110645907,moderate
Synthetic_01981,generated,infectious_disease,MD,11,2017,11,34.07,1.0147,16.56,1.399,0.059,9201,Generated based on literature patterns,1.0,836.4545454545455,9.127067452782361,3.3166247903554,moderate
Synthetic_01982,generated,nephrology,OR,18,2017,4,28.79,0.0692,23.35,0.543,0.237,409,Generated based on literature patterns,4.5,22.72222222222222,6.013715156042802,4.242640687119285,moderate
Synthetic_01983,generated,pulmonology,HR,5,2007,14,81.4,0.226,29.11,0.675,0.227,1143,Generated based on literature patterns,0.35714285714285715,228.6,7.04141166379481,2.23606797749979,high
Synthetic_01984,generated,cardiology,MD,10,2017,30,28.75,0.6131,9.4,1.943,0.198,1721,Generated based on literature patterns,0.3333333333333333,172.1,7.450660796211539,3.1622776601683795,moderate
Synthetic_01985,generated,infectious_disease,HR,15,2012,3,1.03,0.0135,11.62,1.237,0.104,3954,Generated based on literature patterns,5.0,263.6,8.282483003730562,3.872983346207417,low
Synthetic_01986,generated,infectious_disease,OR,9,2006,3,85.4,0.1561,70.09,1.767,0.45,554,Generated based on literature patterns,3.0,61.55555555555556,6.317164686747284,3.0,high
Synthetic_01987,generated,oncology,SMD,10,2015,21,53.96,0.2395,14.45,-0.642,0.342,679,Generated based on literature patterns,0.47619047619047616,67.9,6.520621127558696,3.1622776601683795,substantial
Synthetic_01988,generated,immunology,OR,8,2016,4,66.19,0.0717,28.13,0.967,0.158,2656,Generated based on literature patterns,2.0,332.0,7.884576510596324,2.8284271247461903,substantial
Synthetic_01989,generated,immunology,RR,5,2021,6,42.29,0.1174,3.69,1.133,0.132,1051,Generated based on literature patterns,0.8333333333333334,210.2,6.957497370876951,2.23606797749979,moderate
Synthetic_01990,generated,cardiology,SMD,12,2013,7,7.19,0.0843,8.27,0.079,0.15,947,Generated based on literature patterns,1.7142857142857142,78.91666666666667,6.853299093186078,3.4641016151377544,low
Synthetic_01991,generated,psychiatry,COR,5,2018,9,5.59,0.1549,2.39,0.286,0.267,563,Generated based on literature patterns,0.5555555555555556,112.6,6.333279628139691,2.23606797749979,low
Synthetic_01992,generated,gastroenterology,OR,6,2005,12,65.72,0.1413,19.8,1.05,0.489,284,Generated based on literature patterns,0.5,47.333333333333336,5.648974238161206,2.449489742783178,substantial
Synthetic_01993,generated,ophthalmology,OR,6,2004,20,37.08,0.1118,7.95,0.532,0.175,1487,Generated based on literature patterns,0.3,247.83333333333334,7.304515946460155,2.449489742783178,moderate
Synthetic_01994,generated,cardiology,MD,27,2007,17,71.49,1.1339,96.78,-1.82,0.259,1575,Generated based on literature patterns,1.588235294117647,58.333333333333336,7.362010551259734,5.196152422706632,substantial
Synthetic_01995,generated,dermatology,HR,19,2013,8,78.98,0.1112,110.37,0.81,0.092,11578,Generated based on literature patterns,2.375,609.3684210526316,9.35686202463895,4.358898943540674,high
Synthetic_01996,generated,endocrinology,RR,12,2014,6,35.42,0.103,20.98,0.975,0.211,936,Generated based on literature patterns,2.0,78.0,6.841615476477592,3.4641016151377544,moderate
Synthetic_01997,generated,rheumatology,MD,13,2023,12,86.74,0.5036,93.74,2.399,0.067,18813,Generated based on literature patterns,1.0833333333333333,1447.1538461538462,9.842303399211131,3.605551275463989,high
Synthetic_01998,generated,psychiatry,COR,5,2020,3,62.49,1.2565,8.46,-0.189,0.051,15733,Generated based on literature patterns,1.6666666666666667,3146.6,9.663515696240424,2.23606797749979,substantial
Synthetic_01999,generated,oncology,MD,19,2022,4,43.3,0.4086,50.66,-2.385,0.218,448,Generated based on literature patterns,4.75,23.57894736842105,6.104793232414985,4.358898943540674,moderate
Synthetic_02000,generated,endocrinology,RR,13,2010,4,66.65,0.1265,31.19,0.683,0.187,2362,Generated based on literature patterns,3.25,181.69230769230768,7.767263996757308,3.605551275463989,substantial
Synthetic_02001,generated,pulmonology,OR,13,2007,15,31.49,0.0668,17.39,0.539,0.15,1131,Generated based on literature patterns,0.8666666666666667,87.0,7.030857476116121,3.605551275463989,moderate
Synthetic_02002,generated,urology,HR,25,2006,4,36.35,0.0945,25.4,0.426,0.109,2212,Generated based on literature patterns,6.25,88.48,7.701652362642226,5.0,moderate
Synthetic_02003,generated,rheumatology,OR,13,2016,14,35.97,0.0677,31.3,0.91,0.178,924,Generated based on literature patterns,0.9285714285714286,71.07692307692308,6.828712071641684,3.605551275463989,moderate
Synthetic_02004,generated,psychiatry,OR,9,2011,5,66.28,0.2785,34.59,0.822,0.435,376,Generated based on literature patterns,1.8,41.77777777777778,5.929589143389895,3.0,substantial
Synthetic_02005,generated,psychiatry,COR,26,2009,12,29.83,0.2716,41.59,0.023,0.034,26162,Generated based on literature patterns,2.1666666666666665,1006.2307692307693,10.172063255248172,5.0990195135927845,moderate
Synthetic_02006,generated,psychiatry,HR,18,2007,7,1.49,0.0134,17.75,0.516,0.325,175,Generated based on literature patterns,2.5714285714285716,9.722222222222221,5.1647859739235145,4.242640687119285,low
Synthetic_02007,generated,endocrinology,SMD,12,2016,9,79.18,0.3802,57.31,-0.564,0.368,1169,Generated based on literature patterns,1.3333333333333333,97.41666666666667,7.063903961472068,3.4641016151377544,high
Synthetic_02008,generated,rheumatology,SMD,5,2023,11,42.48,0.1681,11.79,0.079,0.124,4695,Generated based on literature patterns,0.45454545454545453,939.0,8.454253391642363,2.23606797749979,moderate
Synthetic_02009,generated,dermatology,OR,30,2017,3,58.43,0.1022,92.14,1.044,0.081,10478,Generated based on literature patterns,10.0,349.26666666666665,9.257033099968165,5.477225575051661,substantial
Synthetic_02010,generated,ophthalmology,MD,5,2009,11,80.73,1.2377,32.41,3.462,0.22,1262,Generated based on literature patterns,0.45454545454545453,252.4,7.140453043101158,2.23606797749979,high
Synthetic_02011,generated,nephrology,SMD,7,2016,7,55.44,0.235,13.71,-0.473,0.063,10781,Generated based on literature patterns,1.0,1540.142857142857,9.285540604539118,2.6457513110645907,substantial
Synthetic_02012,generated,gastroenterology,MD,10,2016,16,0.99,0.0633,10.19,-0.389,0.201,334,Generated based on literature patterns,0.625,33.4,5.811140992976701,3.1622776601683795,low
Synthetic_02013,generated,cardiology,HR,10,2012,5,77.79,0.1625,61.91,0.951,0.035,46797,Generated based on literature patterns,2.0,4679.7,10.753574377286979,3.1622776601683795,high
Synthetic_02014,generated,psychiatry,RR,19,2004,14,0.91,0.0058,13.92,0.863,0.035,17065,Generated based on literature patterns,1.3571428571428572,898.1578947368421,9.744784861340808,4.358898943540674,low
Synthetic_02015,generated,urology,COR,10,2001,13,7.76,0.2259,8.25,-0.134,0.117,4771,Generated based on literature patterns,0.7692307692307693,477.1,8.470311205516108,3.1622776601683795,low
Synthetic_02016,generated,infectious_disease,MD,17,2014,3,77.73,0.9708,75.95,-3.346,0.15,1070,Generated based on literature patterns,5.666666666666667,62.94117647058823,6.975413927455952,4.123105625617661,high
Synthetic_02017,generated,endocrinology,COR,12,2022,7,11.47,0.5874,11.04,-0.353,0.129,1580,Generated based on literature patterns,1.7142857142857142,131.66666666666666,7.365180126021013,3.4641016151377544,low
Synthetic_02018,generated,pulmonology,HR,27,2005,6,66.55,0.1549,75.21,1.094,0.98,152,Generated based on literature patterns,4.5,5.62962962962963,5.0238805208462765,5.196152422706632,substantial
Synthetic_02019,generated,dermatology,RR,18,2018,6,70.15,0.1591,64.73,1.682,0.054,20006,Generated based on literature patterns,3.0,1111.4444444444443,9.903787507545125,4.242640687119285,substantial
Synthetic_02020,generated,ophthalmology,COR,5,2002,3,86.86,1.1803,40.6,0.195,0.16,2376,Generated based on literature patterns,1.6666666666666667,475.2,7.773173680482536,2.23606797749979,high
Synthetic_02021,generated,oncology,SMD,14,2005,3,39.61,0.0819,21.04,0.174,0.139,2708,Generated based on literature patterns,4.666666666666667,193.42857142857142,7.903965634032166,3.7416573867739413,moderate
Synthetic_02022,generated,neurology,SMD,43,2017,5,37.92,0.1502,85.66,-0.083,0.044,22501,Generated based on literature patterns,8.6,523.2790697674419,10.021315031649332,6.557438524302,moderate
Synthetic_02023,generated,psychiatry,RR,7,2025,6,55.97,0.1341,25.07,0.777,0.109,4753,Generated based on literature patterns,1.1666666666666667,679.0,8.46653127661401,2.6457513110645907,substantial
Synthetic_02024,generated,cardiology,MD,19,2018,6,41.17,0.6422,43.1,0.144,0.217,1463,Generated based on literature patterns,3.1666666666666665,77.0,7.288244401020124,4.358898943540674,moderate
Synthetic_02025,generated,immunology,COR,12,2015,6,41.83,0.2589,9.59,0.446,0.063,10352,Generated based on literature patterns,2.0,862.6666666666666,9.244935016740682,3.4641016151377544,moderate
Synthetic_02026,generated,pulmonology,HR,5,1999,9,26.5,0.1064,13.5,1.32,0.061,5470,Generated based on literature patterns,0.5555555555555556,1094.0,8.607033895416027,2.23606797749979,moderate
Synthetic_02027,generated,immunology,RR,8,2009,8,44.55,0.1647,2.29,0.69,0.666,100,Generated based on literature patterns,1.0,12.5,4.605170185988092,2.8284271247461903,moderate
Synthetic_02028,generated,urology,RR,9,2010,22,58.83,0.2067,27.48,0.655,0.245,641,Generated based on literature patterns,0.4090909090909091,71.22222222222223,6.46302945692067,3.0,substantial
Synthetic_02029,generated,oncology,MD,35,2013,5,35.85,0.6545,64.54,-1.874,0.064,9479,Generated based on literature patterns,7.0,270.8285714285714,9.156834104453042,5.916079783099616,moderate
Synthetic_02030,generated,pulmonology,SMD,6,2009,11,28.97,0.2003,4.01,0.478,0.031,26711,Generated based on literature patterns,0.5454545454545454,4451.833333333333,10.192830744564542,2.449489742783178,moderate
Synthetic_02031,generated,infectious_disease,SMD,22,2008,7,7.49,0.0545,14.17,1.463,0.188,610,Generated based on literature patterns,3.142857142857143,27.727272727272727,6.413458957167357,4.69041575982343,low
Synthetic_02032,generated,psychiatry,MD,22,2016,4,1.08,0.0558,31.67,-1.475,0.316,177,Generated based on literature patterns,5.5,8.045454545454545,5.176149732573829,4.69041575982343,low
Synthetic_02033,generated,endocrinology,COR,8,2023,3,31.21,0.2065,20.47,0.306,0.351,523,Generated based on literature patterns,2.6666666666666665,65.375,6.259581464064923,2.8284271247461903,moderate
Synthetic_02034,generated,rheumatology,COR,31,2007,4,8.28,0.1385,31.22,-0.369,0.12,1874,Generated based on literature patterns,7.75,60.45161290322581,7.535830462798367,5.5677643628300215,low
Synthetic_02035,generated,pulmonology,COR,15,2025,3,63.0,1.8787,44.71,0.95,0.051,11935,Generated based on literature patterns,5.0,795.6666666666666,9.387230538772931,3.872983346207417,substantial
Synthetic_02036,generated,gastroenterology,SMD,8,2016,6,77.65,0.2761,28.0,-0.172,0.123,6432,Generated based on literature patterns,1.3333333333333333,804.0,8.769040810858803,2.8284271247461903,high
Synthetic_02037,generated,infectious_disease,RR,6,2009,6,37.36,0.0915,7.39,0.814,0.341,606,Generated based on literature patterns,1.0,101.0,6.406879986069314,2.449489742783178,moderate
Synthetic_02038,generated,infectious_disease,RR,22,2004,11,31.8,0.0754,22.26,1.75,0.109,3767,Generated based on literature patterns,2.0,171.22727272727272,8.23403420769204,4.69041575982343,moderate
Synthetic_02039,generated,dermatology,RR,7,2005,6,41.19,0.195,25.77,1.497,0.092,7947,Generated based on literature patterns,1.1666666666666667,1135.2857142857142,8.98054977794018,2.6457513110645907,moderate
Synthetic_02040,generated,rheumatology,MD,22,2005,9,42.87,0.5765,38.9,1.834,0.201,2379,Generated based on literature patterns,2.4444444444444446,108.13636363636364,7.774435510302958,4.69041575982343,moderate
Synthetic_02041,generated,neurology,RR,13,2008,6,54.42,0.1536,31.29,1.142,0.325,596,Generated based on literature patterns,2.1666666666666665,45.84615384615385,6.39024066706535,3.605551275463989,substantial
Synthetic_02042,generated,neurology,COR,15,2009,7,42.54,0.5152,21.27,0.715,0.212,890,Generated based on literature patterns,2.142857142857143,59.333333333333336,6.7912214627261855,3.872983346207417,moderate
Synthetic_02043,generated,neurology,SMD,5,2007,6,6.28,0.0279,4.66,-0.553,0.36,615,Generated based on literature patterns,0.8333333333333334,123.0,6.421622267806518,2.23606797749979,low
Synthetic_02044,generated,immunology,SMD,5,2009,8,36.2,0.0769,6.14,0.186,0.3,201,Generated based on literature patterns,0.625,40.2,5.303304908059076,2.23606797749979,moderate
Synthetic_02045,generated,endocrinology,HR,9,2000,5,66.99,0.2204,39.48,0.75,0.139,3760,Generated based on literature patterns,1.8,417.77777777777777,8.23217423638394,3.0,substantial
Synthetic_02046,generated,dermatology,SMD,25,2000,8,39.9,0.1398,36.46,0.312,0.139,1603,Generated based on literature patterns,3.125,64.12,7.3796321526095525,5.0,moderate
Synthetic_02047,generated,gastroenterology,OR,13,2013,3,57.36,0.1589,28.4,0.503,0.211,1103,Generated based on literature patterns,4.333333333333333,84.84615384615384,7.005789019253503,3.605551275463989,substantial
Synthetic_02048,generated,oncology,SMD,28,2016,3,1.83,0.0076,16.38,0.382,0.1,7234,Generated based on literature patterns,9.333333333333334,258.35714285714283,8.886547412512042,5.291502622129181,low
Synthetic_02049,generated,endocrinology,RR,12,2002,3,40.51,0.0837,19.95,1.165,0.081,3637,Generated based on literature patterns,4.0,303.0833333333333,8.19891444498699,3.4641016151377544,moderate
Synthetic_02050,generated,neurology,COR,13,2003,14,85.99,1.6597,69.86,0.036,0.045,25569,Generated based on literature patterns,0.9285714285714286,1966.8461538461538,10.149135959190406,3.605551275463989,high
Synthetic_02051,generated,endocrinology,MD,14,2020,3,77.43,1.2367,47.04,2.358,0.676,552,Generated based on literature patterns,4.666666666666667,39.42857142857143,6.313548046277095,3.7416573867739413,high
Synthetic_02052,generated,psychiatry,MD,6,2020,4,58.57,1.2473,7.58,-0.331,0.153,2062,Generated based on literature patterns,1.5,343.6666666666667,7.631431664576906,2.449489742783178,substantial
Synthetic_02053,generated,rheumatology,HR,22,2015,14,33.37,0.076,35.8,1.196,0.156,1915,Generated based on literature patterns,1.5714285714285714,87.04545454545455,7.557472901614746,4.69041575982343,moderate
Synthetic_02054,generated,cardiology,RR,13,2006,20,8.96,0.0479,3.23,0.493,0.038,8102,Generated based on literature patterns,0.65,623.2307692307693,8.999866223762636,3.605551275463989,low
Synthetic_02055,generated,oncology,COR,12,2013,6,2.89,0.0579,11.67,0.155,0.252,392,Generated based on literature patterns,2.0,32.666666666666664,5.971261839790462,3.4641016151377544,low
Synthetic_02056,generated,cardiology,OR,5,2011,3,70.21,0.1355,15.24,0.705,0.164,2090,Generated based on literature patterns,1.6666666666666667,418.0,7.644919344958857,2.23606797749979,substantial
Synthetic_02057,generated,infectious_disease,OR,13,2028,4,68.65,0.0809,55.44,1.2,0.602,223,Generated based on literature patterns,3.25,17.153846153846153,5.407171771460119,3.605551275463989,substantial
Synthetic_02058,generated,pulmonology,SMD,22,2005,14,88.47,0.5518,205.44,-0.158,0.475,192,Generated based on literature patterns,1.5714285714285714,8.727272727272727,5.2574953720277815,4.69041575982343,high
Synthetic_02059,generated,infectious_disease,RR,25,2022,7,66.45,0.2907,77.2,0.708,0.146,1480,Generated based on literature patterns,3.5714285714285716,59.2,7.299797366758161,5.0,substantial
Synthetic_02060,generated,immunology,RR,7,1999,3,59.02,0.2174,16.02,0.902,0.06,12176,Generated based on literature patterns,2.3333333333333335,1739.4285714285713,9.407222080101468,2.6457513110645907,substantial
Synthetic_02061,generated,rheumatology,COR,15,2003,3,2.78,0.1512,19.63,-0.053,0.099,2833,Generated based on literature patterns,5.0,188.86666666666667,7.949091499830517,3.872983346207417,low
Synthetic_02062,generated,dermatology,COR,9,2019,8,0.97,0.0571,12.5,0.34,0.291,277,Generated based on literature patterns,1.125,30.77777777777778,5.6240175061873385,3.0,low
Synthetic_02063,generated,infectious_disease,RR,13,2024,3,60.55,0.1689,33.46,0.963,0.299,999,Generated based on literature patterns,4.333333333333333,76.84615384615384,6.906754778648554,3.605551275463989,substantial
Synthetic_02064,generated,oncology,HR,13,2013,8,41.91,0.1051,16.88,1.034,0.224,633,Generated based on literature patterns,1.625,48.69230769230769,6.450470422144176,3.605551275463989,moderate
Synthetic_02065,generated,immunology,HR,12,2004,3,71.21,0.07,49.57,1.068,0.056,27331,Generated based on literature patterns,4.0,2277.5833333333335,10.21577686808075,3.4641016151377544,substantial
Synthetic_02066,generated,nephrology,MD,6,2020,16,30.78,0.211,4.25,0.379,0.177,2837,Generated based on literature patterns,0.375,472.8333333333333,7.950502434808851,2.449489742783178,moderate
Synthetic_02067,generated,neurology,COR,7,2013,12,36.88,0.7326,14.39,0.224,0.087,8667,Generated based on literature patterns,0.5833333333333334,1238.142857142857,9.067277989134345,2.6457513110645907,moderate
Synthetic_02068,generated,oncology,OR,9,2015,23,57.88,0.3566,15.62,0.803,0.11,2956,Generated based on literature patterns,0.391304347826087,328.44444444444446,7.991592282068092,3.0,substantial
Synthetic_02069,generated,psychiatry,OR,20,2011,3,83.04,0.1257,115.24,1.314,0.049,8741,Generated based on literature patterns,6.666666666666667,437.05,9.075779878580487,4.47213595499958,high
Synthetic_02070,generated,infectious_disease,SMD,15,2017,5,65.03,0.2113,50.86,-0.215,0.221,443,Generated based on literature patterns,3.0,29.533333333333335,6.093569770045136,3.872983346207417,substantial
Synthetic_02071,generated,dermatology,COR,42,2006,3,77.88,1.2356,215.88,-0.469,0.169,4967,Generated based on literature patterns,14.0,118.26190476190476,8.51057131510735,6.48074069840786,high
Synthetic_02072,generated,cardiology,HR,10,2012,3,39.52,0.1119,25.58,1.302,0.201,1015,Generated based on literature patterns,3.3333333333333335,101.5,6.922643891475888,3.1622776601683795,moderate
Synthetic_02073,generated,neurology,COR,16,2008,3,0.97,0.0649,11.09,-0.572,0.059,1812,Generated based on literature patterns,5.333333333333333,113.25,7.502186486602924,4.0,low
Synthetic_02074,generated,neurology,OR,18,2026,5,69.93,0.1964,70.3,1.16,0.292,1108,Generated based on literature patterns,3.6,61.55555555555556,7.010311867307229,4.242640687119285,substantial
Synthetic_02075,generated,dermatology,SMD,16,2017,24,31.34,0.1128,37.92,-1.246,0.103,4044,Generated based on literature patterns,0.6666666666666666,252.75,8.304989580140361,4.0,moderate
Synthetic_02076,generated,pulmonology,HR,9,2003,3,2.94,0.0106,7.73,0.569,0.047,3481,Generated based on literature patterns,3.0,386.77777777777777,8.15507488781144,3.0,low
Synthetic_02077,generated,immunology,RR,7,2019,12,34.98,0.1028,4.12,0.745,0.348,253,Generated based on literature patterns,0.5833333333333334,36.142857142857146,5.53338948872752,2.6457513110645907,moderate
Synthetic_02078,generated,urology,MD,8,2016,3,75.88,2.0876,32.23,2.864,0.202,1246,Generated based on literature patterns,2.6666666666666665,155.75,7.1276936993473985,2.8284271247461903,high
Synthetic_02079,generated,psychiatry,COR,14,2016,21,3.8,0.0566,19.91,-0.126,0.382,181,Generated based on literature patterns,0.6666666666666666,12.928571428571429,5.198497031265826,3.7416573867739413,low
Synthetic_02080,generated,cardiology,OR,13,2010,7,83.48,0.5198,76.98,0.889,0.227,456,Generated based on literature patterns,1.8571428571428572,35.07692307692308,6.1224928095143865,3.605551275463989,high
Synthetic_02081,generated,infectious_disease,COR,13,2012,4,83.2,2.547,62.72,-0.525,0.225,1776,Generated based on literature patterns,3.25,136.6153846153846,7.4821189235521155,3.605551275463989,high
Synthetic_02082,generated,endocrinology,COR,11,2008,12,69.09,0.9632,31.69,0.037,0.135,2300,Generated based on literature patterns,0.9166666666666666,209.0909090909091,7.7406644019172415,3.3166247903554,substantial
Synthetic_02083,generated,cardiology,RR,23,2013,7,36.84,0.0621,26.2,0.633,0.138,2273,Generated based on literature patterns,3.2857142857142856,98.82608695652173,7.728855823852543,4.795831523312719,moderate
Synthetic_02084,generated,nephrology,SMD,5,2018,8,91.12,0.3264,38.71,-0.988,0.259,1524,Generated based on literature patterns,0.625,304.8,7.329093736246592,2.23606797749979,high
Synthetic_02085,generated,rheumatology,OR,20,2002,10,64.92,0.1126,55.98,1.624,0.277,789,Generated based on literature patterns,2.0,39.45,6.670766320845874,4.47213595499958,substantial
Synthetic_02086,generated,endocrinology,RR,11,2021,12,44.28,0.1826,21.42,0.627,0.091,20695,Generated based on literature patterns,0.9166666666666666,1881.3636363636363,9.937647404182833,3.3166247903554,moderate
Synthetic_02087,generated,oncology,MD,9,2006,7,62.33,0.2664,26.25,1.689,0.113,6039,Generated based on literature patterns,1.2857142857142858,671.0,8.705993714307901,3.0,substantial
Synthetic_02088,generated,infectious_disease,COR,16,2008,7,79.49,1.0694,76.63,0.611,0.117,7728,Generated based on literature patterns,2.2857142857142856,483.0,8.952605375892354,4.0,high
Synthetic_02089,generated,neurology,RR,8,2024,9,68.38,0.0679,18.34,1.153,0.088,1671,Generated based on literature patterns,0.8888888888888888,208.875,7.421177528595393,2.8284271247461903,substantial
Synthetic_02090,generated,endocrinology,SMD,8,2007,10,71.64,0.0925,19.92,-0.526,0.209,2788,Generated based on literature patterns,0.8,348.5,7.933079771880415,2.8284271247461903,substantial
Synthetic_02091,generated,psychiatry,MD,13,2016,4,4.15,0.1779,8.57,-0.174,0.542,100,Generated based on literature patterns,3.25,7.6923076923076925,4.605170185988092,3.605551275463989,low
Synthetic_02092,generated,gastroenterology,HR,6,2012,30,2.6,0.0319,1.62,1.04,0.306,336,Generated based on literature patterns,0.2,56.0,5.817111159963204,2.449489742783178,low
Synthetic_02093,generated,ophthalmology,OR,12,2016,10,31.97,0.1236,6.73,0.727,0.311,245,Generated based on literature patterns,1.2,20.416666666666668,5.501258210544727,3.4641016151377544,moderate
Synthetic_02094,generated,nephrology,HR,15,2006,3,78.42,0.1472,66.47,0.601,0.628,475,Generated based on literature patterns,5.0,31.666666666666668,6.163314804034641,3.872983346207417,high
Synthetic_02095,generated,endocrinology,SMD,5,2021,16,70.15,0.1945,13.08,-0.49,0.207,1913,Generated based on literature patterns,0.3125,382.6,7.556427969440253,2.23606797749979,substantial
Synthetic_02096,generated,nephrology,HR,5,2008,8,29.74,0.0994,13.07,1.062,0.13,2048,Generated based on literature patterns,0.625,409.6,7.6246189861593985,2.23606797749979,moderate
Synthetic_02097,generated,immunology,COR,13,2011,10,54.88,1.5605,41.59,-0.21,0.131,635,Generated based on literature patterns,1.3,48.84615384615385,6.453624998892692,3.605551275463989,substantial
Synthetic_02098,generated,ophthalmology,OR,10,2019,7,68.57,0.1948,47.49,1.681,0.289,647,Generated based on literature patterns,1.4285714285714286,64.7,6.472346294500901,3.1622776601683795,substantial
Synthetic_02099,generated,gastroenterology,RR,30,2013,17,41.7,0.2009,50.03,0.82,0.049,21657,Generated based on literature patterns,1.7647058823529411,721.9,9.983084006807271,5.477225575051661,moderate
Synthetic_02100,generated,pulmonology,COR,9,2005,4,47.15,0.7209,18.19,0.5,0.173,2630,Generated based on literature patterns,2.25,292.22222222222223,7.874739125171811,3.0,moderate
Synthetic_02101,generated,psychiatry,COR,12,2015,17,54.9,0.5315,21.08,-0.07,0.221,563,Generated based on literature patterns,0.7058823529411765,46.916666666666664,6.333279628139691,3.4641016151377544,substantial
Synthetic_02102,generated,ophthalmology,SMD,16,2010,4,55.77,0.5522,32.24,-0.128,0.062,17007,Generated based on literature patterns,4.0,1062.9375,9.741380302992413,4.0,substantial
Synthetic_02103,generated,rheumatology,OR,14,2010,16,85.32,0.2396,106.93,0.705,1.004,100,Generated based on literature patterns,0.875,7.142857142857143,4.605170185988092,3.7416573867739413,high
Synthetic_02104,generated,endocrinology,HR,13,2017,10,64.89,0.1324,28.73,0.588,0.137,9641,Generated based on literature patterns,1.3,741.6153846153846,9.17378011666438,3.605551275463989,substantial
Synthetic_02105,generated,infectious_disease,SMD,10,2001,7,2.76,0.0751,8.82,0.174,0.204,1068,Generated based on literature patterns,1.4285714285714286,106.8,6.97354301952014,3.1622776601683795,low
Synthetic_02106,generated,rheumatology,COR,19,2011,3,33.13,0.2753,33.18,0.175,0.107,6048,Generated based on literature patterns,6.333333333333333,318.3157894736842,8.70748291785937,4.358898943540674,moderate
Synthetic_02107,generated,immunology,MD,9,2013,15,82.66,2.1426,51.69,-0.052,0.212,2560,Generated based on literature patterns,0.6,284.44444444444446,7.847762537473608,3.0,high
Synthetic_02108,generated,rheumatology,MD,34,2006,5,78.82,2.0287,139.79,0.196,0.424,160,Generated based on literature patterns,6.8,4.705882352941177,5.075173815233827,5.830951894845301,high
Synthetic_02109,generated,immunology,MD,10,2008,11,10.53,0.2559,11.07,0.302,0.357,312,Generated based on literature patterns,0.9090909090909091,31.2,5.7430031878094825,3.1622776601683795,low
Synthetic_02110,generated,oncology,MD,15,2013,7,70.16,0.8923,57.9,-0.054,0.402,975,Generated based on literature patterns,2.142857142857143,65.0,6.882437470997847,3.872983346207417,substantial
Synthetic_02111,generated,pulmonology,MD,11,2014,23,57.86,0.5418,22.11,0.377,0.175,1376,Generated based on literature patterns,0.4782608695652174,125.0909090909091,7.226936018493289,3.3166247903554,substantial
Synthetic_02112,generated,neurology,COR,11,1996,4,2.48,0.0641,9.26,0.395,0.332,256,Generated based on literature patterns,2.75,23.272727272727273,5.545177444479562,3.3166247903554,low
Synthetic_02113,generated,immunology,OR,18,2008,12,1.01,0.0445,17.57,0.821,0.184,365,Generated based on literature patterns,1.5,20.27777777777778,5.8998973535824915,4.242640687119285,low
Synthetic_02114,generated,oncology,SMD,9,2015,9,56.33,0.287,14.3,0.956,0.094,15363,Generated based on literature patterns,1.0,1707.0,9.63971730013066,3.0,substantial
Synthetic_02115,generated,infectious_disease,COR,14,2016,21,43.34,0.6307,17.0,0.422,0.42,181,Generated based on literature patterns,0.6666666666666666,12.928571428571429,5.198497031265826,3.7416573867739413,moderate
Synthetic_02116,generated,nephrology,HR,13,2012,3,90.86,0.6191,154.27,0.698,0.05,28494,Generated based on literature patterns,4.333333333333333,2191.846153846154,10.257448817777178,3.605551275463989,high
Synthetic_02117,generated,infectious_disease,OR,8,2017,16,63.77,0.2877,19.75,0.93,0.587,135,Generated based on literature patterns,0.5,16.875,4.90527477843843,2.8284271247461903,substantial
Synthetic_02118,generated,infectious_disease,COR,13,2028,6,5.78,0.1364,19.12,0.06,0.177,1261,Generated based on literature patterns,2.1666666666666665,97.0,7.13966033596492,3.605551275463989,low
Synthetic_02119,generated,psychiatry,COR,16,2001,5,82.57,1.2869,103.41,-0.072,0.097,5524,Generated based on literature patterns,3.2,345.25,8.616857514529183,4.0,high
Synthetic_02120,generated,psychiatry,MD,19,2016,3,5.63,0.2574,14.22,2.273,0.046,12763,Generated based on literature patterns,6.333333333333333,671.7368421052631,9.45430563898269,4.358898943540674,low
Synthetic_02121,generated,gastroenterology,RR,25,2011,6,43.24,0.0546,44.12,1.379,0.2,262,Generated based on literature patterns,4.166666666666667,10.48,5.568344503761097,5.0,moderate
Synthetic_02122,generated,infectious_disease,RR,12,2009,11,55.15,0.2072,24.44,1.062,0.148,3832,Generated based on literature patterns,1.0909090909090908,319.3333333333333,8.251142139090751,3.4641016151377544,substantial
Synthetic_02123,generated,gastroenterology,MD,13,2011,7,4.01,0.1129,13.96,-1.874,0.391,159,Generated based on literature patterns,1.8571428571428572,12.23076923076923,5.0689042022202315,3.605551275463989,low
Synthetic_02124,generated,urology,COR,13,2007,4,80.48,1.0709,52.71,-0.141,0.112,2153,Generated based on literature patterns,3.25,165.6153846153846,7.674617497364363,3.605551275463989,high
Synthetic_02125,generated,psychiatry,OR,10,2014,5,39.94,0.0792,16.89,1.836,0.191,1046,Generated based on literature patterns,2.0,104.6,6.952728644624869,3.1622776601683795,moderate
Synthetic_02126,generated,psychiatry,COR,8,2017,7,6.0,0.1591,9.29,-0.493,0.091,3916,Generated based on literature patterns,1.1428571428571428,489.5,8.272826003650401,2.8284271247461903,low
Synthetic_02127,generated,pulmonology,OR,7,2023,30,7.02,0.0114,3.67,0.734,0.212,1102,Generated based on literature patterns,0.23333333333333334,157.42857142857142,7.004881989712859,2.6457513110645907,low
Synthetic_02128,generated,pulmonology,RR,14,2005,25,56.84,0.0876,38.16,0.9,0.301,642,Generated based on literature patterns,0.56,45.857142857142854,6.464588303689961,3.7416573867739413,substantial
Synthetic_02129,generated,rheumatology,OR,14,2003,3,93.67,0.1407,257.05,1.14,0.056,29366,Generated based on literature patterns,4.666666666666667,2097.5714285714284,10.287592821522884,3.7416573867739413,high
Synthetic_02130,generated,rheumatology,SMD,14,2009,4,58.22,0.1557,36.58,0.82,0.513,326,Generated based on literature patterns,3.5,23.285714285714285,5.786897381366708,3.7416573867739413,substantial
Synthetic_02131,generated,oncology,COR,7,2013,7,41.02,0.7346,4.99,0.529,0.127,1210,Generated based on literature patterns,1.0,172.85714285714286,7.098375638590786,2.6457513110645907,moderate
Synthetic_02132,generated,endocrinology,HR,20,2013,30,39.72,0.2388,29.62,0.851,0.172,986,Generated based on literature patterns,0.6666666666666666,49.3,6.893656354602635,4.47213595499958,moderate
Synthetic_02133,generated,rheumatology,MD,18,2014,7,2.77,0.09,18.67,-2.098,0.085,3448,Generated based on literature patterns,2.5714285714285716,191.55555555555554,8.145549631783584,4.242640687119285,low
Synthetic_02134,generated,urology,MD,11,2024,13,69.65,0.9322,34.35,-2.544,0.365,810,Generated based on literature patterns,0.8461538461538461,73.63636363636364,6.697034247666484,3.3166247903554,substantial
Synthetic_02135,generated,infectious_disease,SMD,10,2022,10,77.6,0.2052,47.64,0.297,0.305,689,Generated based on literature patterns,1.0,68.9,6.535241271013659,3.1622776601683795,high
Synthetic_02136,generated,gastroenterology,SMD,50,2000,8,38.27,0.1403,75.97,1.305,0.313,691,Generated based on literature patterns,6.25,13.82,6.53813982376767,7.0710678118654755,moderate
Synthetic_02137,generated,oncology,SMD,5,1997,5,81.31,0.2823,19.44,0.381,0.676,239,Generated based on literature patterns,1.0,47.8,5.476463551931511,2.23606797749979,high
Synthetic_02138,generated,psychiatry,MD,14,2011,4,83.63,1.368,76.16,0.17,0.167,4520,Generated based on literature patterns,3.5,322.85714285714283,8.416267272826277,3.7416573867739413,high
Synthetic_02139,generated,neurology,OR,11,2018,3,3.03,0.0169,10.64,1.203,0.109,1467,Generated based on literature patterns,3.6666666666666665,133.36363636363637,7.2909747781429814,3.3166247903554,low
Synthetic_02140,generated,psychiatry,OR,9,2014,6,61.75,0.2895,28.46,0.76,0.279,1049,Generated based on literature patterns,1.5,116.55555555555556,6.955592608396297,3.0,substantial
Synthetic_02141,generated,psychiatry,OR,5,2017,10,55.75,0.1969,9.38,0.802,0.275,1625,Generated based on literature patterns,0.5,325.0,7.393263094763838,2.23606797749979,substantial
Synthetic_02142,generated,neurology,SMD,13,2009,9,7.88,0.0357,9.9,0.366,0.088,3458,Generated based on literature patterns,1.4444444444444444,266.0,8.148445666243235,3.605551275463989,low
Synthetic_02143,generated,neurology,MD,7,1996,8,83.64,1.0713,37.35,0.215,0.361,481,Generated based on literature patterns,0.875,68.71428571428571,6.175867270105761,2.6457513110645907,high
Synthetic_02144,generated,rheumatology,OR,5,2021,6,5.64,0.0258,2.07,0.378,0.073,2538,Generated based on literature patterns,0.8333333333333334,507.6,7.839131648274333,2.23606797749979,low
Synthetic_02145,generated,immunology,RR,12,2022,9,58.92,0.1031,30.97,0.657,0.518,100,Generated based on literature patterns,1.3333333333333333,8.333333333333334,4.605170185988092,3.4641016151377544,substantial
Synthetic_02146,generated,nephrology,OR,8,2011,3,78.23,0.1999,36.9,1.713,0.227,791,Generated based on literature patterns,2.6666666666666665,98.875,6.673297967767654,2.8284271247461903,high
Synthetic_02147,generated,infectious_disease,MD,13,2014,27,6.25,0.0789,19.98,3.329,0.382,337,Generated based on literature patterns,0.48148148148148145,25.923076923076923,5.820082930352362,3.605551275463989,low
Synthetic_02148,generated,psychiatry,MD,12,2012,26,35.7,0.4372,28.05,-1.802,0.11,2704,Generated based on literature patterns,0.46153846153846156,225.33333333333334,7.902487437162855,3.4641016151377544,moderate
Synthetic_02149,generated,cardiology,MD,5,2005,4,3.97,0.2301,3.51,1.746,0.019,43584,Generated based on literature patterns,1.25,8716.8,10.682445389509184,2.23606797749979,low
Synthetic_02150,generated,infectious_disease,HR,8,2011,5,34.47,0.131,12.91,1.337,0.257,1821,Generated based on literature patterns,1.6,227.625,7.507141079727608,2.8284271247461903,moderate
Synthetic_02151,generated,urology,RR,5,2020,6,45.55,0.0942,15.23,1.542,0.063,11856,Generated based on literature patterns,0.8333333333333334,2371.2,9.380589347535867,2.23606797749979,moderate
Synthetic_02152,generated,urology,RR,5,2007,16,5.19,0.0126,2.49,0.895,0.213,848,Generated based on literature patterns,0.3125,169.6,6.742880635791903,2.23606797749979,low
Synthetic_02153,generated,ophthalmology,RR,36,2001,3,58.79,0.187,55.83,0.838,0.318,781,Generated based on literature patterns,12.0,21.694444444444443,6.660575149839686,6.0,substantial
Synthetic_02154,generated,nephrology,SMD,5,2004,4,45.89,0.2174,10.11,-0.2,0.126,2985,Generated based on literature patterns,1.25,597.0,8.001355025826703,2.23606797749979,moderate
Synthetic_02155,generated,immunology,OR,25,2022,14,78.25,0.5041,109.69,0.608,0.422,270,Generated based on literature patterns,1.7857142857142858,10.8,5.598421958998375,5.0,high
Synthetic_02156,generated,dermatology,HR,10,2010,7,9.54,0.0405,20.48,0.655,0.402,293,Generated based on literature patterns,1.4285714285714286,29.3,5.680172609017068,3.1622776601683795,low
Synthetic_02157,generated,immunology,RR,5,2008,14,84.33,0.2435,39.36,0.831,0.113,4631,Generated based on literature patterns,0.35714285714285715,926.2,8.440528106480752,2.23606797749979,high
Synthetic_02158,generated,dermatology,RR,15,2010,7,48.76,0.1088,36.81,0.681,0.83,100,Generated based on literature patterns,2.142857142857143,6.666666666666667,4.605170185988092,3.872983346207417,moderate
Synthetic_02159,generated,urology,HR,28,2008,12,43.9,0.1593,65.11,1.208,0.06,8942,Generated based on literature patterns,2.3333333333333335,319.35714285714283,9.098514556793926,5.291502622129181,moderate
Synthetic_02160,generated,oncology,MD,5,2022,7,77.67,2.6791,11.1,-0.99,0.163,4477,Generated based on literature patterns,0.7142857142857143,895.4,8.406708458240965,2.23606797749979,high
Synthetic_02161,generated,endocrinology,HR,12,2010,8,85.58,0.2338,103.14,0.818,0.287,833,Generated based on literature patterns,1.5,69.41666666666667,6.725033642166843,3.4641016151377544,high
Synthetic_02162,generated,rheumatology,HR,6,2006,9,6.72,0.0109,7.41,1.324,0.216,392,Generated based on literature patterns,0.6666666666666666,65.33333333333333,5.971261839790462,2.449489742783178,low
Synthetic_02163,generated,nephrology,SMD,13,2008,7,43.33,0.2039,29.63,-0.425,0.121,4010,Generated based on literature patterns,1.8571428571428572,308.46153846153845,8.296546520300614,3.605551275463989,moderate
Synthetic_02164,generated,neurology,COR,7,2012,10,69.93,1.1553,29.09,-0.553,0.339,442,Generated based on literature patterns,0.7,63.142857142857146,6.091309882077698,2.6457513110645907,substantial
Synthetic_02165,generated,endocrinology,MD,16,2003,23,39.83,0.7149,29.29,1.346,0.303,532,Generated based on literature patterns,0.6956521739130435,33.25,6.2766434893416445,4.0,moderate
Synthetic_02166,generated,ophthalmology,COR,34,2012,5,6.21,0.0631,48.85,-0.207,0.143,1638,Generated based on literature patterns,6.8,48.1764705882353,7.401231264413015,5.830951894845301,low
Synthetic_02167,generated,cardiology,RR,8,2019,3,9.86,0.0485,16.42,1.188,0.214,413,Generated based on literature patterns,2.6666666666666665,51.625,6.023447592961033,2.8284271247461903,low
Synthetic_02168,generated,urology,RR,51,2009,11,6.4,0.026,82.77,0.928,0.252,647,Generated based on literature patterns,4.636363636363637,12.686274509803921,6.472346294500901,7.14142842854285,low
Synthetic_02169,generated,nephrology,MD,5,2016,7,26.92,0.8165,5.07,-0.01,0.158,976,Generated based on literature patterns,0.7142857142857143,195.2,6.883462586413092,2.23606797749979,moderate
Synthetic_02170,generated,ophthalmology,COR,13,2007,16,2.75,0.337,10.5,-0.325,0.118,1114,Generated based on literature patterns,0.8125,85.6923076923077,7.01571242048723,3.605551275463989,low
Synthetic_02171,generated,gastroenterology,COR,11,2014,9,8.19,0.1911,4.0,-0.099,0.033,9934,Generated based on literature patterns,1.2222222222222223,903.0909090909091,9.203718495667296,3.3166247903554,low
Synthetic_02172,generated,nephrology,OR,5,2005,4,76.83,0.1296,14.46,1.023,0.123,1987,Generated based on literature patterns,1.25,397.4,7.594381242551817,2.23606797749979,high
Synthetic_02173,generated,neurology,SMD,8,2006,9,57.34,0.3535,27.63,0.797,0.043,47109,Generated based on literature patterns,0.8888888888888888,5888.625,10.760219344553063,2.8284271247461903,substantial
Synthetic_02174,generated,urology,MD,5,2008,4,68.85,0.5957,37.07,0.837,0.264,2395,Generated based on literature patterns,1.25,479.0,7.781138509845015,2.23606797749979,substantial
Synthetic_02175,generated,oncology,MD,7,2014,8,58.96,1.1312,15.61,3.217,0.282,615,Generated based on literature patterns,0.875,87.85714285714286,6.421622267806518,2.6457513110645907,substantial
Synthetic_02176,generated,gastroenterology,SMD,11,2021,6,90.56,0.7886,93.07,0.278,0.217,2081,Generated based on literature patterns,1.8333333333333333,189.1818181818182,7.640603826393634,3.3166247903554,high
Synthetic_02177,generated,infectious_disease,MD,7,2021,9,53.29,0.8537,11.53,1.049,0.216,1425,Generated based on literature patterns,0.7777777777777778,203.57142857142858,7.261927092702751,2.6457513110645907,substantial
Synthetic_02178,generated,urology,SMD,7,1999,16,35.66,0.0779,5.61,0.202,0.214,515,Generated based on literature patterns,0.4375,73.57142857142857,6.244166900663736,2.6457513110645907,moderate
Synthetic_02179,generated,ophthalmology,HR,11,2010,8,72.06,0.2356,24.21,1.986,0.111,5881,Generated based on literature patterns,1.375,534.6363636363636,8.679482094459956,3.3166247903554,substantial
Synthetic_02180,generated,rheumatology,RR,71,2003,19,40.96,0.1555,116.02,0.689,0.235,726,Generated based on literature patterns,3.736842105263158,10.225352112676056,6.587550014824796,8.426149773176359,moderate
Synthetic_02181,generated,rheumatology,MD,5,2010,3,3.57,0.1587,1.53,1.249,0.255,477,Generated based on literature patterns,1.6666666666666667,95.4,6.1675164908883415,2.23606797749979,low
Synthetic_02182,generated,dermatology,OR,27,2004,10,35.63,0.0495,36.79,1.293,0.3,2529,Generated based on literature patterns,2.7,93.66666666666667,7.835579246669965,5.196152422706632,moderate
Synthetic_02183,generated,pulmonology,OR,11,2015,12,51.92,0.1181,16.65,0.489,0.066,19912,Generated based on literature patterns,0.9166666666666666,1810.1818181818182,9.899077844047428,3.3166247903554,substantial
Synthetic_02184,generated,neurology,COR,9,2000,4,2.68,0.0812,8.74,-0.299,0.104,1100,Generated based on literature patterns,2.25,122.22222222222223,7.003065458786462,3.0,low
Synthetic_02185,generated,gastroenterology,RR,61,2015,5,6.5,0.0225,54.93,1.948,0.046,11484,Generated based on literature patterns,12.2,188.2622950819672,9.348710041240954,7.810249675906654,low
Synthetic_02186,generated,rheumatology,OR,6,2018,4,85.17,0.2476,52.49,0.412,0.111,2837,Generated based on literature patterns,1.5,472.8333333333333,7.950502434808851,2.449489742783178,high
Synthetic_02187,generated,neurology,COR,9,2006,5,33.1,0.2895,11.75,0.81,0.059,9837,Generated based on literature patterns,1.8,1093.0,9.193906065512758,3.0,moderate
Synthetic_02188,generated,psychiatry,COR,9,2012,15,54.79,1.9721,27.49,-0.026,0.276,572,Generated based on literature patterns,0.6,63.55555555555556,6.349138991379798,3.0,substantial
Synthetic_02189,generated,neurology,SMD,14,2014,3,3.69,0.0395,14.43,0.399,0.039,21595,Generated based on literature patterns,4.666666666666667,1542.5,9.980217085394802,3.7416573867739413,low
Synthetic_02190,generated,immunology,RR,9,2001,3,65.79,0.2596,34.96,0.847,0.037,54921,Generated based on literature patterns,3.0,6102.333333333333,10.913651068019124,3.0,substantial
Synthetic_02191,generated,rheumatology,HR,7,2004,12,35.85,0.095,6.13,1.22,0.074,3545,Generated based on literature patterns,0.5833333333333334,506.42857142857144,8.173293438966228,2.6457513110645907,moderate
Synthetic_02192,generated,immunology,OR,8,2003,4,89.56,0.414,68.16,1.237,0.203,5842,Generated based on literature patterns,2.0,730.25,8.672828482947686,2.8284271247461903,high
Synthetic_02193,generated,gastroenterology,RR,13,2004,4,42.77,0.1911,25.1,1.278,0.411,132,Generated based on literature patterns,3.25,10.153846153846153,4.882801922586371,3.605551275463989,moderate
Synthetic_02194,generated,rheumatology,RR,9,2015,4,82.95,0.1181,59.51,0.75,0.421,484,Generated based on literature patterns,2.25,53.77777777777778,6.182084906716632,3.0,high
Synthetic_02195,generated,dermatology,RR,11,2020,3,2.24,0.0066,5.24,0.79,0.138,1335,Generated based on literature patterns,3.6666666666666665,121.36363636363636,7.19668657083435,3.3166247903554,low
Synthetic_02196,generated,dermatology,RR,13,2009,28,43.11,0.1547,14.33,0.891,0.056,20948,Generated based on literature patterns,0.4642857142857143,1611.3846153846155,9.949798455399378,3.605551275463989,moderate
Synthetic_02197,generated,neurology,HR,7,2001,3,7.2,0.0356,15.8,0.954,0.098,3841,Generated based on literature patterns,2.3333333333333335,548.7142857142857,8.253488028345904,2.6457513110645907,low
Synthetic_02198,generated,pulmonology,HR,7,2015,9,38.24,0.1681,16.34,0.581,0.174,1677,Generated based on literature patterns,0.7777777777777778,239.57142857142858,7.424761761823209,2.6457513110645907,moderate
Synthetic_02199,generated,nephrology,HR,14,2009,4,79.33,0.2884,66.92,1.281,0.155,3504,Generated based on literature patterns,3.5,250.28571428571428,8.161660452056282,3.7416573867739413,high
Synthetic_02200,generated,nephrology,OR,5,2020,7,61.23,0.1473,13.66,1.454,0.296,234,Generated based on literature patterns,0.7142857142857143,46.8,5.455321115357702,2.23606797749979,substantial
Synthetic_02201,generated,pulmonology,HR,17,2020,8,31.73,0.0294,21.14,1.235,0.52,615,Generated based on literature patterns,2.125,36.1764705882353,6.421622267806518,4.123105625617661,moderate
Synthetic_02202,generated,neurology,COR,20,2023,11,56.38,0.8837,39.04,0.229,0.219,868,Generated based on literature patterns,1.8181818181818181,43.4,6.7661917146603505,4.47213595499958,substantial
Synthetic_02203,generated,urology,RR,8,2014,5,71.39,0.159,14.34,0.521,0.515,382,Generated based on literature patterns,1.6,47.75,5.945420608606575,2.8284271247461903,substantial
Synthetic_02204,generated,ophthalmology,RR,12,2021,10,67.83,0.2682,30.61,0.584,0.28,653,Generated based on literature patterns,1.2,54.416666666666664,6.481577129276431,3.4641016151377544,substantial
Synthetic_02205,generated,oncology,HR,24,2006,30,84.76,0.2033,193.31,0.386,0.502,553,Generated based on literature patterns,0.8,23.041666666666668,6.315358001522335,4.898979485566356,high
Synthetic_02206,generated,pulmonology,SMD,9,2020,8,37.21,0.2861,17.45,0.259,0.042,9076,Generated based on literature patterns,1.125,1008.4444444444445,9.113388845899733,3.0,moderate
Synthetic_02207,generated,psychiatry,OR,14,2007,3,7.38,0.0507,15.62,0.654,0.092,1835,Generated based on literature patterns,4.666666666666667,131.07142857142858,7.51479976048867,3.7416573867739413,low
Synthetic_02208,generated,nephrology,COR,5,2005,12,43.47,1.2298,8.78,0.602,0.226,1852,Generated based on literature patterns,0.4166666666666667,370.4,7.524021415206125,2.23606797749979,moderate
Synthetic_02209,generated,oncology,RR,5,2014,8,60.99,0.2851,14.63,0.973,0.105,7167,Generated based on literature patterns,0.625,1433.4,8.877242435993919,2.23606797749979,substantial
Synthetic_02210,generated,infectious_disease,SMD,11,2010,5,1.98,0.022,7.04,-0.764,0.132,2790,Generated based on literature patterns,2.2,253.63636363636363,7.933796874815411,3.3166247903554,low
Synthetic_02211,generated,dermatology,RR,11,2014,9,52.89,0.0884,20.77,0.935,0.112,4365,Generated based on literature patterns,1.2222222222222223,396.8181818181818,8.381373468273702,3.3166247903554,substantial
Synthetic_02212,generated,cardiology,RR,5,2016,10,10.8,0.0489,4.35,0.884,0.115,1808,Generated based on literature patterns,0.5,361.6,7.4999765409521215,2.23606797749979,low
Synthetic_02213,generated,psychiatry,MD,18,2025,5,38.72,1.3401,30.96,1.348,0.217,344,Generated based on literature patterns,3.6,19.11111111111111,5.840641657373398,4.242640687119285,moderate
Synthetic_02214,generated,psychiatry,MD,12,2018,3,54.14,0.9297,21.78,-4.563,0.163,2668,Generated based on literature patterns,4.0,222.33333333333334,7.889084407035514,3.4641016151377544,substantial
Synthetic_02215,generated,gastroenterology,MD,5,2010,15,3.36,0.1633,3.26,0.084,0.527,289,Generated based on literature patterns,0.3333333333333333,57.8,5.666426688112432,2.23606797749979,low
Synthetic_02216,generated,urology,SMD,12,2016,6,30.58,0.2022,13.76,0.599,0.339,301,Generated based on literature patterns,2.0,25.083333333333332,5.707110264748875,3.4641016151377544,moderate
Synthetic_02217,generated,ophthalmology,OR,13,2007,17,76.46,0.1146,62.02,1.389,0.278,1193,Generated based on literature patterns,0.7647058823529411,91.76923076923077,7.084226422097916,3.605551275463989,high
Synthetic_02218,generated,pulmonology,MD,21,2003,8,10.39,0.3434,33.81,-0.091,0.032,16965,Generated based on literature patterns,2.625,807.8571428571429,9.73890767721833,4.58257569495584,low
Synthetic_02219,generated,ophthalmology,SMD,18,1999,6,83.65,0.3418,112.51,0.311,0.132,8454,Generated based on literature patterns,3.0,469.6666666666667,9.042394981126735,4.242640687119285,high
Synthetic_02220,generated,immunology,SMD,10,2017,20,65.95,0.4117,27.72,-0.419,0.161,677,Generated based on literature patterns,0.5,67.7,6.517671272912275,3.1622776601683795,substantial
Synthetic_02221,generated,psychiatry,MD,21,2015,9,79.19,1.5917,92.18,-0.323,0.187,1282,Generated based on literature patterns,2.3333333333333335,61.04761904761905,7.156176637480615,4.58257569495584,high
Synthetic_02222,generated,urology,RR,12,2012,6,84.69,0.2005,81.23,1.109,0.479,358,Generated based on literature patterns,2.0,29.833333333333332,5.8805329864007,3.4641016151377544,high
Synthetic_02223,generated,rheumatology,SMD,11,2004,3,8.83,0.0484,16.62,-1.448,0.083,5044,Generated based on literature patterns,3.6666666666666665,458.54545454545456,8.52595469708481,3.3166247903554,low
Synthetic_02224,generated,endocrinology,RR,11,2017,3,3.85,0.0128,20.89,0.367,0.131,1893,Generated based on literature patterns,3.6666666666666665,172.0909090909091,7.545918151209323,3.3166247903554,low
Synthetic_02225,generated,psychiatry,OR,5,2014,3,75.61,0.1919,22.7,1.125,0.18,3425,Generated based on literature patterns,1.6666666666666667,685.0,8.138856750696325,2.23606797749979,high
Synthetic_02226,generated,pulmonology,OR,10,2007,18,50.81,0.445,19.4,1.281,0.297,1068,Generated based on literature patterns,0.5555555555555556,106.8,6.97354301952014,3.1622776601683795,substantial
Synthetic_02227,generated,gastroenterology,SMD,10,2017,3,4.12,0.0265,9.46,0.235,0.21,637,Generated based on literature patterns,3.3333333333333335,63.7,6.456769655572163,3.1622776601683795,low
Synthetic_02228,generated,infectious_disease,SMD,12,2016,3,61.68,0.4175,23.8,-0.063,0.294,620,Generated based on literature patterns,4.0,51.666666666666664,6.429719478039138,3.4641016151377544,substantial
Synthetic_02229,generated,endocrinology,COR,6,2021,18,88.55,1.0865,60.54,0.038,0.112,4127,Generated based on literature patterns,0.3333333333333333,687.8333333333334,8.325306029752582,2.449489742783178,high
Synthetic_02230,generated,cardiology,HR,14,2008,14,41.49,0.0465,27.79,2.38,0.168,2767,Generated based on literature patterns,1.0,197.64285714285714,7.925518979786926,3.7416573867739413,moderate
Synthetic_02231,generated,oncology,OR,6,1996,6,61.39,0.3548,20.6,0.866,0.365,764,Generated based on literature patterns,1.0,127.33333333333333,6.638567789166521,2.449489742783178,substantial
Synthetic_02232,generated,rheumatology,COR,18,2012,10,37.82,1.0138,27.12,0.338,0.153,2298,Generated based on literature patterns,1.8,127.66666666666667,7.739794458408701,4.242640687119285,moderate
Synthetic_02233,generated,ophthalmology,SMD,22,1999,6,30.18,0.1393,31.9,-0.477,0.067,15805,Generated based on literature patterns,3.6666666666666665,718.4090909090909,9.668081624649718,4.69041575982343,moderate
Synthetic_02234,generated,nephrology,RR,7,2016,3,5.35,0.033,7.96,0.709,0.048,9157,Generated based on literature patterns,2.3333333333333335,1308.142857142857,9.122273893107732,2.6457513110645907,low
Synthetic_02235,generated,ophthalmology,OR,30,2012,7,61.46,0.205,68.52,1.416,0.174,1405,Generated based on literature patterns,4.285714285714286,46.833333333333336,7.247792581767846,5.477225575051661,substantial
Synthetic_02236,generated,immunology,MD,5,2012,7,0.91,0.0952,2.26,-0.842,0.058,10162,Generated based on literature patterns,0.7142857142857143,2032.4,9.226410552153677,2.23606797749979,low
Synthetic_02237,generated,nephrology,SMD,6,2016,12,66.7,0.45,16.22,0.156,0.134,8902,Generated based on literature patterns,0.5,1483.6666666666667,9.0940312495758,2.449489742783178,substantial
Synthetic_02238,generated,infectious_disease,MD,11,2020,6,3.14,0.0582,9.89,-4.772,0.044,8086,Generated based on literature patterns,1.8333333333333333,735.0909090909091,8.997889450200717,3.3166247903554,low
Synthetic_02239,generated,urology,SMD,14,2028,4,61.25,0.3049,36.23,1.023,0.23,759,Generated based on literature patterns,3.5,54.214285714285715,6.63200177739563,3.7416573867739413,substantial
Synthetic_02240,generated,ophthalmology,SMD,10,2015,6,45.24,0.2187,17.38,0.665,0.138,569,Generated based on literature patterns,1.6666666666666667,56.9,6.343880434126331,3.1622776601683795,moderate
Synthetic_02241,generated,nephrology,OR,12,2026,3,81.59,0.2637,61.33,0.945,0.025,84378,Generated based on literature patterns,4.0,7031.5,11.343061983098302,3.4641016151377544,high
Synthetic_02242,generated,psychiatry,SMD,17,2011,4,1.56,0.0813,19.56,0.07,0.061,5888,Generated based on literature patterns,4.25,346.3529411764706,8.680671660408713,4.123105625617661,low
Synthetic_02243,generated,psychiatry,SMD,9,2007,21,79.33,0.4037,56.74,-0.468,0.189,5048,Generated based on literature patterns,0.42857142857142855,560.8888888888889,8.52674740422105,3.0,high
Synthetic_02244,generated,dermatology,SMD,10,2013,16,33.19,0.1278,18.26,0.391,0.034,22348,Generated based on literature patterns,0.625,2234.8,10.01449211057904,3.1622776601683795,moderate
Synthetic_02245,generated,pulmonology,COR,30,1999,5,80.16,1.1322,145.05,-0.094,0.077,4590,Generated based on literature patterns,6.0,153.0,8.431635303054591,5.477225575051661,high
Synthetic_02246,generated,gastroenterology,COR,12,2007,11,5.57,0.0651,26.28,-0.326,0.177,670,Generated based on literature patterns,1.0909090909090908,55.833333333333336,6.507277712385012,3.4641016151377544,low
Synthetic_02247,generated,nephrology,RR,13,2009,12,78.32,0.2255,40.16,0.547,0.518,161,Generated based on literature patterns,1.0833333333333333,12.384615384615385,5.081404364984463,3.605551275463989,high
Synthetic_02248,generated,cardiology,HR,5,2021,5,31.4,0.0531,8.95,0.819,0.75,104,Generated based on literature patterns,1.0,20.8,4.6443908991413725,2.23606797749979,moderate
Synthetic_02249,generated,neurology,OR,8,2014,15,32.51,0.1186,12.4,1.147,0.11,638,Generated based on literature patterns,0.5333333333333333,79.75,6.45833828334479,2.8284271247461903,moderate
Synthetic_02250,generated,oncology,SMD,5,2015,3,32.09,0.1408,14.43,-0.421,0.185,1316,Generated based on literature patterns,1.6666666666666667,263.2,7.182352111885263,2.23606797749979,moderate
Synthetic_02251,generated,rheumatology,MD,26,2009,8,45.42,1.3537,37.7,-0.976,0.088,5751,Generated based on literature patterns,3.25,221.19230769230768,8.657129031713755,5.0990195135927845,moderate
Synthetic_02252,generated,oncology,OR,6,2009,9,82.06,0.3945,30.13,0.622,0.233,1460,Generated based on literature patterns,0.6666666666666666,243.33333333333334,7.286191714702382,2.449489742783178,high
Synthetic_02253,generated,nephrology,SMD,8,2016,3,3.7,0.0445,3.96,0.334,0.059,3489,Generated based on literature patterns,2.6666666666666665,436.125,8.157370441186774,2.8284271247461903,low
Synthetic_02254,generated,infectious_disease,MD,6,2013,9,39.29,0.1971,10.15,-0.702,0.11,1389,Generated based on literature patterns,0.6666666666666666,231.5,7.236339342754344,2.449489742783178,moderate
Synthetic_02255,generated,infectious_disease,HR,8,2008,11,88.67,0.2996,80.97,0.6,0.312,641,Generated based on literature patterns,0.7272727272727273,80.125,6.46302945692067,2.8284271247461903,high
Synthetic_02256,generated,pulmonology,OR,17,2016,8,87.67,0.5338,124.69,2.231,0.536,526,Generated based on literature patterns,2.125,30.941176470588236,6.26530121273771,4.123105625617661,high
Synthetic_02257,generated,pulmonology,MD,10,2005,7,67.36,0.6255,27.42,-3.961,0.652,302,Generated based on literature patterns,1.4285714285714286,30.2,5.71042701737487,3.1622776601683795,substantial
Synthetic_02258,generated,rheumatology,MD,6,2009,6,28.65,0.3732,9.45,-0.956,0.133,5493,Generated based on literature patterns,1.0,915.5,8.61122983334262,2.449489742783178,moderate
Synthetic_02259,generated,urology,SMD,6,2005,6,38.2,0.1355,15.68,0.411,0.088,2628,Generated based on literature patterns,1.0,438.0,7.873978379604501,2.449489742783178,moderate
Synthetic_02260,generated,cardiology,RR,13,2015,4,3.94,0.017,9.96,0.61,0.189,461,Generated based on literature patterns,3.25,35.46153846153846,6.133398042996649,3.605551275463989,low
Synthetic_02261,generated,gastroenterology,SMD,15,2015,10,62.39,0.3279,40.41,0.831,0.443,257,Generated based on literature patterns,1.5,17.133333333333333,5.54907608489522,3.872983346207417,substantial
Synthetic_02262,generated,nephrology,RR,18,2005,28,27.48,0.0804,18.34,0.41,0.262,456,Generated based on literature patterns,0.6428571428571429,25.333333333333332,6.1224928095143865,4.242640687119285,moderate
Synthetic_02263,generated,oncology,RR,43,2008,13,6.13,0.0345,42.1,0.369,0.069,2806,Generated based on literature patterns,3.3076923076923075,65.25581395348837,7.939515260662406,6.557438524302,low
Synthetic_02264,generated,gastroenterology,COR,11,2017,3,35.97,1.3691,12.25,-0.417,0.04,16707,Generated based on literature patterns,3.6666666666666665,1518.8181818181818,9.723583072257778,3.3166247903554,moderate
Synthetic_02265,generated,neurology,SMD,15,2005,3,43.69,0.1383,31.1,-0.49,0.072,8765,Generated based on literature patterns,5.0,584.3333333333334,9.078521797355334,3.872983346207417,moderate
Synthetic_02266,generated,rheumatology,RR,11,2016,5,68.56,0.3137,50.33,1.099,0.305,386,Generated based on literature patterns,2.2,35.09090909090909,5.955837369464831,3.3166247903554,substantial
Synthetic_02267,generated,dermatology,RR,9,1999,13,0.46,0.0109,5.92,0.528,0.054,9465,Generated based on literature patterns,0.6923076923076923,1051.6666666666667,9.155356063643422,3.0,low
Synthetic_02268,generated,neurology,SMD,5,2013,3,3.26,0.0323,1.66,-0.816,0.277,602,Generated based on literature patterns,1.6666666666666667,120.4,6.400257445308821,2.23606797749979,low
Synthetic_02269,generated,endocrinology,OR,8,2007,18,65.42,0.1137,18.68,0.969,0.19,1961,Generated based on literature patterns,0.4444444444444444,245.125,7.581209826196346,2.8284271247461903,substantial
Synthetic_02270,generated,psychiatry,RR,12,2015,23,88.5,0.1734,131.78,1.189,0.185,1766,Generated based on literature patterns,0.5217391304347826,147.16666666666666,7.476472381163905,3.4641016151377544,high
Synthetic_02271,generated,dermatology,SMD,15,2001,3,6.92,0.0578,24.36,-0.09,0.179,1601,Generated based on literature patterns,5.0,106.73333333333333,7.3783837129967145,3.872983346207417,low
Synthetic_02272,generated,endocrinology,COR,23,2001,4,88.55,1.1614,230.87,0.077,0.222,1736,Generated based on literature patterns,5.75,75.47826086956522,7.459338895220296,4.795831523312719,high
Synthetic_02273,generated,infectious_disease,RR,7,2008,12,59.18,0.1022,21.01,1.301,0.592,204,Generated based on literature patterns,0.5833333333333334,29.142857142857142,5.318119993844216,2.6457513110645907,substantial
Synthetic_02274,generated,psychiatry,HR,13,2011,3,80.84,0.3468,50.64,0.612,0.457,742,Generated based on literature patterns,4.333333333333333,57.07692307692308,6.60934924316738,3.605551275463989,high
Synthetic_02275,generated,urology,MD,12,2012,15,1.6,0.0782,9.94,-1.928,0.032,17283,Generated based on literature patterns,0.8,1440.25,9.757478638400492,3.4641016151377544,low
Synthetic_02276,generated,cardiology,COR,17,2029,5,3.74,0.072,28.67,0.453,0.112,2698,Generated based on literature patterns,3.4,158.7058823529412,7.900266036767701,4.123105625617661,low
Synthetic_02277,generated,urology,HR,5,2001,22,34.08,0.0555,4.52,0.611,0.11,6167,Generated based on literature patterns,0.22727272727272727,1233.4,8.726967774991493,2.23606797749979,moderate
Synthetic_02278,generated,endocrinology,OR,18,2010,9,36.74,0.1702,25.78,0.623,0.595,156,Generated based on literature patterns,2.0,8.666666666666666,5.049856007249537,4.242640687119285,moderate
Synthetic_02279,generated,nephrology,MD,12,2001,7,13.0,0.2315,8.81,-3.802,0.255,736,Generated based on literature patterns,1.7142857142857142,61.333333333333336,6.601230118728877,3.4641016151377544,low
Synthetic_02280,generated,ophthalmology,RR,6,2008,8,62.24,0.0999,13.58,0.78,0.211,1172,Generated based on literature patterns,0.75,195.33333333333334,7.066466970136958,2.449489742783178,substantial
Synthetic_02281,generated,immunology,SMD,6,2021,30,54.06,0.1376,27.95,-0.15,0.107,2004,Generated based on literature patterns,0.2,334.0,7.602900462204755,2.449489742783178,substantial
Synthetic_02282,generated,oncology,HR,15,2004,3,46.53,0.1535,30.23,1.78,0.209,618,Generated based on literature patterns,5.0,41.2,6.42648845745769,3.872983346207417,moderate
Synthetic_02283,generated,immunology,HR,9,2018,11,2.85,0.0074,11.33,0.998,0.682,100,Generated based on literature patterns,0.8181818181818182,11.11111111111111,4.605170185988092,3.0,low
Synthetic_02284,generated,psychiatry,COR,15,2014,8,42.38,0.4664,34.16,0.073,0.105,5034,Generated based on literature patterns,1.875,335.6,8.523970175695261,3.872983346207417,moderate
Synthetic_02285,generated,nephrology,RR,9,2013,8,36.65,0.0949,20.64,0.621,0.346,385,Generated based on literature patterns,1.125,42.77777777777778,5.953243334287785,3.0,moderate
Synthetic_02286,generated,cardiology,HR,11,2008,15,79.45,0.3253,53.28,0.631,0.071,15887,Generated based on literature patterns,0.7333333333333333,1444.2727272727273,9.673256443720023,3.3166247903554,high
Synthetic_02287,generated,immunology,OR,38,2020,4,39.63,0.3402,53.02,0.7,0.14,2867,Generated based on literature patterns,9.5,75.44736842105263,7.96102146588337,6.164414002968976,moderate
Synthetic_02288,generated,immunology,HR,12,2015,8,2.01,0.0128,9.18,0.874,0.087,1899,Generated based on literature patterns,1.5,158.25,7.549082710812286,3.4641016151377544,low
Synthetic_02289,generated,pulmonology,OR,21,2009,3,3.91,0.0234,14.53,1.174,0.061,8793,Generated based on literature patterns,7.0,418.7142857142857,9.081711229379001,4.58257569495584,low
Synthetic_02290,generated,psychiatry,MD,7,2010,5,40.37,1.2527,8.21,0.415,0.174,980,Generated based on literature patterns,1.4,140.0,6.887552571664617,2.6457513110645907,moderate
Synthetic_02291,generated,infectious_disease,SMD,12,2007,10,7.96,0.0895,13.99,0.172,0.041,5742,Generated based on literature patterns,1.2,478.5,8.655562860681009,3.4641016151377544,low
Synthetic_02292,generated,rheumatology,HR,28,2002,11,78.36,0.1018,177.72,1.378,0.127,3085,Generated based on literature patterns,2.5454545454545454,110.17857142857143,8.034306936339489,5.291502622129181,high
Synthetic_02293,generated,nephrology,HR,5,2020,6,32.0,0.1262,7.56,2.622,0.147,1182,Generated based on literature patterns,0.8333333333333334,236.4,7.074963197966044,2.23606797749979,moderate
Synthetic_02294,generated,immunology,HR,40,2003,3,64.26,0.3103,106.98,1.352,0.267,3568,Generated based on literature patterns,13.333333333333334,89.2,8.1797604936999,6.324555320336759,substantial
Synthetic_02295,generated,ophthalmology,HR,7,2025,3,31.35,0.0589,12.55,0.678,0.06,11040,Generated based on literature patterns,2.3333333333333335,1577.142857142857,9.309280319831087,2.6457513110645907,moderate
Synthetic_02296,generated,dermatology,COR,21,2005,5,73.01,1.043,75.53,0.038,0.019,92672,Generated based on literature patterns,4.2,4412.952380952381,11.436821656305334,4.58257569495584,substantial
Synthetic_02297,generated,ophthalmology,RR,47,2004,12,28.59,0.175,66.87,1.762,0.13,7642,Generated based on literature patterns,3.9166666666666665,162.59574468085106,8.941414628006845,6.855654600401044,moderate
Synthetic_02298,generated,cardiology,RR,26,2016,9,80.42,0.2136,137.76,0.591,0.074,27215,Generated based on literature patterns,2.888888888888889,1046.7307692307693,10.2115235708683,5.0990195135927845,high
Synthetic_02299,generated,dermatology,COR,9,2009,13,79.11,1.0626,40.03,0.273,0.123,3006,Generated based on literature patterns,0.6923076923076923,334.0,8.00836557031292,3.0,high
Synthetic_02300,generated,rheumatology,SMD,5,2005,3,39.69,0.2448,12.05,-0.999,0.181,612,Generated based on literature patterns,1.6666666666666667,122.4,6.416732282512326,2.23606797749979,moderate
Synthetic_02301,generated,dermatology,HR,22,2006,6,34.64,0.1249,47.74,1.09,0.054,3174,Generated based on literature patterns,3.6666666666666665,144.27272727272728,8.062747901086354,4.69041575982343,moderate
Synthetic_02302,generated,pulmonology,RR,5,2007,12,54.09,0.1232,18.45,0.541,0.069,5756,Generated based on literature patterns,0.4166666666666667,1151.2,8.657998068007258,2.23606797749979,substantial
Synthetic_02303,generated,dermatology,HR,33,2011,4,72.66,0.0829,136.37,0.969,0.595,160,Generated based on literature patterns,8.25,4.848484848484849,5.075173815233827,5.744562646538029,substantial
Synthetic_02304,generated,gastroenterology,MD,22,1998,4,76.0,1.9964,72.94,-2.427,0.155,1032,Generated based on literature patterns,5.5,46.90909090909091,6.939253946041508,4.69041575982343,high
Synthetic_02305,generated,rheumatology,HR,10,2012,3,82.68,0.2942,57.35,1.276,0.272,757,Generated based on literature patterns,3.3333333333333335,75.7,6.6293632534374485,3.1622776601683795,high
Synthetic_02306,generated,infectious_disease,SMD,9,2010,3,30.37,0.1033,15.06,-0.261,0.04,24307,Generated based on literature patterns,3.0,2700.777777777778,10.098519653689262,3.0,moderate
Synthetic_02307,generated,cardiology,RR,23,2011,10,78.35,0.279,93.24,0.915,0.119,1879,Generated based on literature patterns,2.3,81.69565217391305,7.538494999413465,4.795831523312719,high
Synthetic_02308,generated,infectious_disease,MD,9,2021,3,4.65,0.09,10.35,1.017,0.177,779,Generated based on literature patterns,3.0,86.55555555555556,6.658011045870748,3.0,low
Synthetic_02309,generated,oncology,SMD,8,2003,6,38.82,0.2299,12.85,-0.368,0.294,847,Generated based on literature patterns,1.3333333333333333,105.875,6.741700694652055,2.8284271247461903,moderate
Synthetic_02310,generated,dermatology,OR,8,2009,4,62.02,0.2186,18.19,0.715,0.562,189,Generated based on literature patterns,2.0,23.625,5.241747015059643,2.8284271247461903,substantial
Synthetic_02311,generated,gastroenterology,OR,17,2009,6,33.83,0.1379,23.05,0.519,0.116,2880,Generated based on literature patterns,2.8333333333333335,169.41176470588235,7.965545573129992,4.123105625617661,moderate
Synthetic_02312,generated,neurology,RR,12,2016,8,59.39,0.2097,32.32,0.427,0.363,400,Generated based on literature patterns,1.5,33.333333333333336,5.991464547107982,3.4641016151377544,substantial
Synthetic_02313,generated,ophthalmology,SMD,12,2005,17,40.99,0.1851,16.74,0.18,0.532,100,Generated based on literature patterns,0.7058823529411765,8.333333333333334,4.605170185988092,3.4641016151377544,moderate
Synthetic_02314,generated,ophthalmology,RR,12,2013,8,2.88,0.0209,16.65,0.925,0.148,2074,Generated based on literature patterns,1.5,172.83333333333334,7.637234388789473,3.4641016151377544,low
Synthetic_02315,generated,neurology,SMD,28,2003,8,59.38,0.3562,65.74,0.098,0.422,419,Generated based on literature patterns,3.5,14.964285714285714,6.037870919922137,5.291502622129181,substantial
Synthetic_02316,generated,psychiatry,COR,11,2013,8,66.62,1.0874,31.63,-0.306,0.123,1628,Generated based on literature patterns,1.375,148.0,7.395107546562485,3.3166247903554,substantial
Synthetic_02317,generated,immunology,MD,14,2010,4,63.52,0.7511,38.42,-0.124,0.045,12426,Generated based on literature patterns,3.5,887.5714285714286,9.42754633062364,3.7416573867739413,substantial
Synthetic_02318,generated,nephrology,HR,13,2007,5,80.99,0.3389,53.85,1.284,0.237,1581,Generated based on literature patterns,2.6,121.61538461538461,7.365812837209472,3.605551275463989,high
Synthetic_02319,generated,urology,RR,22,2006,4,40.29,0.3841,35.86,0.852,0.053,7549,Generated based on literature patterns,5.5,343.1363636363636,8.929170383139624,4.69041575982343,moderate
Synthetic_02320,generated,endocrinology,COR,5,2020,5,7.07,0.097,6.14,-0.06,0.246,1106,Generated based on literature patterns,1.0,221.2,7.00850518208228,2.23606797749979,low
Synthetic_02321,generated,urology,COR,5,2023,9,0.34,0.0716,0.14,0.374,0.029,7031,Generated based on literature patterns,0.5555555555555556,1406.2,8.858084222199162,2.23606797749979,low
Synthetic_02322,generated,psychiatry,MD,13,2005,15,82.23,2.0969,63.61,0.564,0.229,1851,Generated based on literature patterns,0.8666666666666667,142.3846153846154,7.523481312573497,3.605551275463989,high
Synthetic_02323,generated,gastroenterology,SMD,40,2019,14,44.6,0.1919,60.9,0.069,0.043,20523,Generated based on literature patterns,2.857142857142857,513.075,9.929301487429107,6.324555320336759,moderate
Synthetic_02324,generated,ophthalmology,HR,32,2019,9,7.52,0.0339,37.81,1.511,0.261,1267,Generated based on literature patterns,3.5555555555555554,39.59375,7.144407180321139,5.656854249492381,low
Synthetic_02325,generated,ophthalmology,SMD,7,2006,5,42.88,0.2167,32.89,-0.108,0.114,2249,Generated based on literature patterns,1.4,321.2857142857143,7.718240951959316,2.6457513110645907,moderate
Synthetic_02326,generated,gastroenterology,SMD,11,2005,10,38.45,0.1432,10.53,-0.438,0.033,30147,Generated based on literature patterns,1.1,2740.6363636363635,10.313840694717069,3.3166247903554,moderate
Synthetic_02327,generated,gastroenterology,SMD,21,2012,7,79.01,0.2301,88.79,0.311,0.103,6784,Generated based on literature patterns,3.0,323.04761904761904,8.822322177471738,4.58257569495584,high
Synthetic_02328,generated,ophthalmology,OR,5,2021,10,93.01,0.4649,61.24,0.57,0.641,352,Generated based on literature patterns,0.5,70.4,5.863631175598097,2.23606797749979,high
Synthetic_02329,generated,cardiology,RR,8,2006,8,37.62,0.1241,14.61,1.584,0.116,2485,Generated based on literature patterns,1.0,310.625,7.818027938530729,2.8284271247461903,moderate
Synthetic_02330,generated,urology,SMD,18,2006,12,36.07,0.0833,29.62,0.643,0.081,3631,Generated based on literature patterns,1.5,201.72222222222223,8.197263371414335,4.242640687119285,moderate
Synthetic_02331,generated,gastroenterology,COR,8,2013,13,3.36,0.1799,5.73,0.296,0.415,305,Generated based on literature patterns,0.6153846153846154,38.125,5.720311776607412,2.8284271247461903,low
Synthetic_02332,generated,psychiatry,SMD,10,2010,4,70.29,0.1669,27.33,-0.93,0.261,1092,Generated based on literature patterns,2.5,109.2,6.9957661563048505,3.1622776601683795,substantial
Synthetic_02333,generated,infectious_disease,OR,30,2009,4,1.49,0.0252,35.95,0.853,0.162,666,Generated based on literature patterns,7.5,22.2,6.501289670540389,5.477225575051661,low
Synthetic_02334,generated,pulmonology,COR,20,2018,9,3.68,0.2819,25.65,-0.441,0.035,17601,Generated based on literature patterns,2.2222222222222223,880.05,9.77571099759397,4.47213595499958,low
Synthetic_02335,generated,cardiology,OR,5,2015,10,32.99,0.1031,19.63,0.867,0.112,2456,Generated based on literature patterns,0.5,491.2,7.806289289267033,2.23606797749979,moderate
Synthetic_02336,generated,ophthalmology,SMD,13,2015,7,5.47,0.0435,13.94,0.004,0.127,1534,Generated based on literature patterns,1.8571428571428572,118.0,7.335633981927201,3.605551275463989,low
Synthetic_02337,generated,rheumatology,HR,5,2004,30,5.42,0.0303,6.53,1.292,0.146,4155,Generated based on literature patterns,0.16666666666666666,831.0,8.332067707289548,2.23606797749979,low
Synthetic_02338,generated,cardiology,SMD,5,2017,16,62.68,0.1809,15.27,0.298,0.178,2326,Generated based on literature patterns,0.3125,465.2,7.75190533307861,2.23606797749979,substantial
Synthetic_02339,generated,neurology,SMD,11,2015,11,89.96,0.2182,104.59,0.268,0.335,592,Generated based on literature patterns,1.0,53.81818181818182,6.3835066348840055,3.3166247903554,high
Synthetic_02340,generated,psychiatry,MD,14,2020,9,59.63,1.4014,50.52,2.75,0.061,13201,Generated based on literature patterns,1.5555555555555556,942.9285714285714,9.488047863280759,3.7416573867739413,substantial
Synthetic_02341,generated,gastroenterology,MD,42,2021,9,30.65,0.598,52.23,4.432,0.317,383,Generated based on literature patterns,4.666666666666667,9.119047619047619,5.948034989180646,6.48074069840786,moderate
Synthetic_02342,generated,immunology,SMD,9,2005,16,29.56,0.0938,9.22,0.285,0.788,100,Generated based on literature patterns,0.5625,11.11111111111111,4.605170185988092,3.0,moderate
Synthetic_02343,generated,oncology,COR,5,2018,5,83.79,3.2513,36.03,0.286,0.186,2169,Generated based on literature patterns,1.0,433.8,7.682021510826875,2.23606797749979,high
Synthetic_02344,generated,infectious_disease,RR,7,2011,3,36.83,0.1644,18.8,1.454,0.185,984,Generated based on literature patterns,2.3333333333333335,140.57142857142858,6.891625897052253,2.6457513110645907,moderate
Synthetic_02345,generated,endocrinology,OR,14,2008,8,46.3,0.1631,20.64,1.979,0.074,4692,Generated based on literature patterns,1.75,335.14285714285717,8.453614209773367,3.7416573867739413,moderate
Synthetic_02346,generated,dermatology,MD,11,2007,5,6.51,0.0523,9.96,-0.897,0.142,1284,Generated based on literature patterns,2.2,116.72727272727273,7.157735484249907,3.3166247903554,low
Synthetic_02347,generated,ophthalmology,MD,12,2015,4,78.29,0.8391,58.17,-1.428,0.09,11730,Generated based on literature patterns,3.0,977.5,9.36990494164752,3.4641016151377544,high
Synthetic_02348,generated,psychiatry,OR,11,2010,8,37.43,0.1018,19.13,0.882,0.101,4882,Generated based on literature patterns,1.375,443.8181818181818,8.493310250952906,3.3166247903554,moderate
Synthetic_02349,generated,urology,COR,9,2007,5,8.88,0.1591,5.49,0.408,0.167,380,Generated based on literature patterns,1.8,42.22222222222222,5.940171252720432,3.0,low
Synthetic_02350,generated,dermatology,COR,8,2012,15,1.48,0.1213,7.29,0.315,0.248,595,Generated based on literature patterns,0.5333333333333333,74.375,6.38856140554563,2.8284271247461903,low
Synthetic_02351,generated,psychiatry,SMD,27,2009,3,3.56,0.0587,35.69,-0.149,0.242,529,Generated based on literature patterns,9.0,19.59259259259259,6.270988431858299,5.196152422706632,low
Synthetic_02352,generated,immunology,MD,5,2005,8,33.38,0.2181,12.48,-1.257,0.185,1142,Generated based on literature patterns,0.625,228.4,7.040536390215956,2.23606797749979,moderate
Synthetic_02353,generated,rheumatology,MD,7,2009,10,40.34,0.327,6.91,1.972,0.268,3015,Generated based on literature patterns,0.7,430.7142857142857,8.011355109161286,2.6457513110645907,moderate
Synthetic_02354,generated,ophthalmology,OR,22,2013,3,56.89,0.1031,41.65,1.5,0.155,2052,Generated based on literature patterns,7.333333333333333,93.27272727272727,7.62657020629066,4.69041575982343,substantial
Synthetic_02355,generated,neurology,RR,15,2007,4,35.46,0.1071,17.24,0.353,0.232,358,Generated based on literature patterns,3.75,23.866666666666667,5.8805329864007,3.872983346207417,moderate
Synthetic_02356,generated,infectious_disease,MD,5,2020,7,43.71,0.759,6.35,0.855,0.096,7178,Generated based on literature patterns,0.7142857142857143,1435.6,8.878776071707552,2.23606797749979,moderate
Synthetic_02357,generated,urology,OR,16,2007,10,2.48,0.0084,10.48,0.956,0.113,4693,Generated based on literature patterns,1.6,293.3125,8.453827315794417,4.0,low
Synthetic_02358,generated,immunology,SMD,23,1998,10,86.71,0.6314,162.14,-0.623,0.179,2329,Generated based on literature patterns,2.3,101.26086956521739,7.753194269884341,4.795831523312719,high
Synthetic_02359,generated,oncology,COR,12,2006,16,51.55,0.933,13.36,0.104,0.473,303,Generated based on literature patterns,0.75,25.25,5.713732805509369,3.4641016151377544,substantial
Synthetic_02360,generated,dermatology,MD,15,2010,6,54.03,1.779,41.37,0.303,0.143,3827,Generated based on literature patterns,2.5,255.13333333333333,8.249836485425702,3.872983346207417,substantial
Synthetic_02361,generated,endocrinology,HR,25,2022,8,63.88,0.1571,64.87,1.28,0.189,993,Generated based on literature patterns,3.125,39.72,6.900730664045173,5.0,substantial
Synthetic_02362,generated,pulmonology,SMD,6,2010,3,69.05,0.271,11.41,-0.252,0.059,11918,Generated based on literature patterns,2.0,1986.3333333333333,9.385805141306925,2.449489742783178,substantial
Synthetic_02363,generated,dermatology,MD,7,2008,4,9.84,0.1976,4.59,0.133,0.214,393,Generated based on literature patterns,1.75,56.142857142857146,5.973809611869261,2.6457513110645907,low
Synthetic_02364,generated,nephrology,HR,23,2022,13,37.18,0.1011,47.53,1.223,0.181,1001,Generated based on literature patterns,1.7692307692307692,43.52173913043478,6.90875477931522,4.795831523312719,moderate
Synthetic_02365,generated,pulmonology,RR,9,2018,6,66.69,0.0914,17.85,1.123,0.258,1572,Generated based on literature patterns,1.5,174.66666666666666,7.360103972989152,3.0,substantial
Synthetic_02366,generated,oncology,MD,14,2006,11,67.43,0.7082,37.31,0.91,0.114,4240,Generated based on literature patterns,1.2727272727272727,302.85714285714283,8.352318548226004,3.7416573867739413,substantial
Synthetic_02367,generated,pulmonology,MD,5,2021,7,81.43,2.8025,24.21,1.284,0.208,2662,Generated based on literature patterns,0.7142857142857143,532.4,7.8868329989550565,2.23606797749979,high
Synthetic_02368,generated,rheumatology,SMD,28,2018,3,53.87,0.1828,90.69,0.246,0.173,3279,Generated based on literature patterns,9.333333333333334,117.10714285714286,8.095293776844649,5.291502622129181,substantial
Synthetic_02369,generated,immunology,SMD,9,2020,9,78.71,0.1338,27.27,-0.598,0.369,100,Generated based on literature patterns,1.0,11.11111111111111,4.605170185988092,3.0,high
Synthetic_02370,generated,gastroenterology,SMD,13,2024,3,67.37,0.3237,46.58,0.796,0.686,128,Generated based on literature patterns,4.333333333333333,9.846153846153847,4.852030263919617,3.605551275463989,substantial
Synthetic_02371,generated,gastroenterology,SMD,20,2013,3,2.46,0.0235,19.88,0.711,0.076,2592,Generated based on literature patterns,6.666666666666667,129.6,7.860185057472165,4.47213595499958,low
Synthetic_02372,generated,nephrology,COR,14,2018,6,69.45,1.3623,67.28,-0.344,0.44,161,Generated based on literature patterns,2.3333333333333335,11.5,5.081404364984463,3.7416573867739413,substantial
Synthetic_02373,generated,urology,RR,15,2006,5,2.0,0.0278,7.21,1.257,0.175,728,Generated based on literature patterns,3.0,48.53333333333333,6.590301048196686,3.872983346207417,low
Synthetic_02374,generated,urology,MD,7,2019,3,4.51,0.0713,4.84,-0.03,0.333,660,Generated based on literature patterns,2.3333333333333335,94.28571428571429,6.492239835020471,2.6457513110645907,low
Synthetic_02375,generated,dermatology,HR,35,2009,15,46.52,0.1318,52.69,1.364,0.604,100,Generated based on literature patterns,2.3333333333333335,2.857142857142857,4.605170185988092,5.916079783099616,moderate
Synthetic_02376,generated,oncology,SMD,5,2012,15,2.86,0.0645,8.09,-0.134,0.666,120,Generated based on literature patterns,0.3333333333333333,24.0,4.787491742782046,2.23606797749979,low
Synthetic_02377,generated,ophthalmology,MD,6,2014,13,85.36,2.7152,61.76,-2.065,0.088,4711,Generated based on literature patterns,0.46153846153846156,785.1666666666666,8.45765547870004,2.449489742783178,high
Synthetic_02378,generated,nephrology,RR,17,2013,4,34.45,0.093,25.87,1.293,0.23,985,Generated based on literature patterns,4.25,57.94117647058823,6.892641641172089,4.123105625617661,moderate
Synthetic_02379,generated,infectious_disease,COR,5,2012,28,1.79,0.0687,1.89,0.462,0.118,5965,Generated based on literature patterns,0.17857142857142858,1193.0,8.693664334532016,2.23606797749979,low
Synthetic_02380,generated,infectious_disease,COR,9,2009,9,3.12,0.0485,2.1,-0.344,0.055,9860,Generated based on literature patterns,1.0,1095.5555555555557,9.19624144759668,3.0,low
Synthetic_02381,generated,cardiology,OR,21,2014,11,38.12,0.0827,32.61,0.735,0.043,21370,Generated based on literature patterns,1.9090909090909092,1017.6190476190476,9.969743348313193,4.58257569495584,moderate
Synthetic_02382,generated,pulmonology,COR,6,2014,5,84.79,1.5346,48.4,-0.296,0.077,13009,Generated based on literature patterns,1.2,2168.1666666666665,9.473396704601559,2.449489742783178,high
Synthetic_02383,generated,oncology,OR,5,2008,3,36.84,0.1321,13.3,0.645,0.274,387,Generated based on literature patterns,1.6666666666666667,77.4,5.958424693029782,2.23606797749979,moderate
Synthetic_02384,generated,ophthalmology,SMD,6,2015,3,38.52,0.2081,5.5,0.084,0.418,461,Generated based on literature patterns,2.0,76.83333333333333,6.133398042996649,2.449489742783178,moderate
Synthetic_02385,generated,dermatology,RR,17,2003,5,0.84,0.015,10.35,0.947,0.06,10503,Generated based on literature patterns,3.4,617.8235294117648,9.259416209622776,4.123105625617661,low
Synthetic_02386,generated,oncology,OR,11,2010,25,39.74,0.1198,25.53,0.921,0.188,1806,Generated based on literature patterns,0.44,164.1818181818182,7.498869733976931,3.3166247903554,moderate
Synthetic_02387,generated,rheumatology,SMD,10,2010,5,59.54,0.2042,27.27,0.331,0.662,153,Generated based on literature patterns,2.0,15.3,5.030437921392435,3.1622776601683795,substantial
Synthetic_02388,generated,neurology,OR,7,2010,3,39.41,0.0369,7.09,1.342,0.231,612,Generated based on literature patterns,2.3333333333333335,87.42857142857143,6.416732282512326,2.6457513110645907,moderate
Synthetic_02389,generated,dermatology,COR,5,2019,3,5.88,0.1201,1.75,0.124,0.15,1927,Generated based on literature patterns,1.6666666666666667,385.4,7.563719668414366,2.23606797749979,low
Synthetic_02390,generated,immunology,HR,10,2005,21,3.77,0.0218,6.68,1.053,0.167,1367,Generated based on literature patterns,0.47619047619047616,136.7,7.220373836723949,3.1622776601683795,low
Synthetic_02391,generated,infectious_disease,COR,8,2008,9,30.31,0.845,4.6,0.034,0.298,628,Generated based on literature patterns,0.8888888888888888,78.5,6.4425401664681985,2.8284271247461903,moderate
Synthetic_02392,generated,urology,OR,10,2007,6,86.22,0.1599,52.66,0.825,0.345,327,Generated based on literature patterns,1.6666666666666667,32.7,5.7899601708972535,3.1622776601683795,high
Synthetic_02393,generated,psychiatry,OR,8,2007,30,62.9,0.2282,28.58,1.104,0.911,131,Generated based on literature patterns,0.26666666666666666,16.375,4.875197323201151,2.8284271247461903,substantial
Synthetic_02394,generated,gastroenterology,OR,10,2003,4,77.7,0.1963,40.7,1.091,0.211,812,Generated based on literature patterns,2.5,81.2,6.699500340161678,3.1622776601683795,high
Synthetic_02395,generated,dermatology,OR,8,2013,15,54.51,0.1267,17.55,1.028,0.287,552,Generated based on literature patterns,0.5333333333333333,69.0,6.313548046277095,2.8284271247461903,substantial
Synthetic_02396,generated,rheumatology,SMD,5,2018,5,61.82,0.3456,10.0,0.144,0.152,3045,Generated based on literature patterns,1.0,609.0,8.021256180143997,2.23606797749979,substantial
Synthetic_02397,generated,ophthalmology,MD,28,2010,3,62.48,0.6467,64.73,0.794,0.039,10167,Generated based on literature patterns,9.333333333333334,363.10714285714283,9.226902460275161,5.291502622129181,substantial
Synthetic_02398,generated,gastroenterology,SMD,7,2008,6,33.85,0.4143,11.08,0.163,0.045,11866,Generated based on literature patterns,1.1666666666666667,1695.142857142857,9.381432446818588,2.6457513110645907,moderate
Synthetic_02399,generated,ophthalmology,HR,16,2022,11,1.74,0.0194,38.45,1.525,0.075,2371,Generated based on literature patterns,1.4545454545454546,148.1875,7.771067086065406,4.0,low
Synthetic_02400,generated,nephrology,COR,18,2010,3,62.46,0.7565,44.84,0.209,0.26,2072,Generated based on literature patterns,6.0,115.11111111111111,7.6362696033793735,4.242640687119285,substantial
Synthetic_02401,generated,infectious_disease,COR,13,2017,3,42.76,0.6578,29.08,-0.048,0.132,3303,Generated based on literature patterns,4.333333333333333,254.07692307692307,8.10258642539079,3.605551275463989,moderate
Synthetic_02402,generated,pulmonology,MD,7,2011,3,39.68,0.8461,4.99,-1.492,0.608,100,Generated based on literature patterns,2.3333333333333335,14.285714285714286,4.605170185988092,2.6457513110645907,moderate
Synthetic_02403,generated,endocrinology,HR,30,2010,15,69.7,0.1788,104.64,1.107,0.399,579,Generated based on literature patterns,2.0,19.3,6.361302477572996,5.477225575051661,substantial
Synthetic_02404,generated,rheumatology,HR,5,2016,3,37.44,0.1275,3.67,1.532,0.336,460,Generated based on literature patterns,1.6666666666666667,92.0,6.131226489483141,2.23606797749979,moderate
Synthetic_02405,generated,pulmonology,COR,21,2018,5,64.82,0.5993,50.11,0.211,0.343,834,Generated based on literature patterns,4.2,39.714285714285715,6.726233402358747,4.58257569495584,substantial
Synthetic_02406,generated,immunology,RR,18,2016,7,37.0,0.0615,22.69,0.624,0.154,644,Generated based on literature patterns,2.5714285714285716,35.77777777777778,6.467698726104354,4.242640687119285,moderate
Synthetic_02407,generated,pulmonology,COR,5,2008,12,37.09,0.3148,5.22,0.189,0.074,4310,Generated based on literature patterns,0.4166666666666667,862.0,8.368693183097793,2.23606797749979,moderate
Synthetic_02408,generated,pulmonology,HR,40,2008,5,45.24,0.1282,71.61,0.544,0.121,3073,Generated based on literature patterns,8.0,76.825,8.030409562130485,6.324555320336759,moderate
Synthetic_02409,generated,endocrinology,RR,10,2018,5,67.91,0.3645,32.45,0.793,0.172,1597,Generated based on literature patterns,2.0,159.7,7.3758821482150125,3.1622776601683795,substantial
Synthetic_02410,generated,endocrinology,MD,9,2012,7,4.45,0.3178,8.46,0.321,0.05,18854,Generated based on literature patterns,1.2857142857142858,2094.8888888888887,9.844480371956095,3.0,low
Synthetic_02411,generated,gastroenterology,HR,38,2015,19,4.08,0.0078,40.49,0.393,0.108,2737,Generated based on literature patterns,2.0,72.02631578947368,7.914617709040679,6.164414002968976,low
Synthetic_02412,generated,immunology,COR,7,2012,12,53.22,1.1775,17.19,-0.032,0.232,831,Generated based on literature patterns,0.5833333333333334,118.71428571428571,6.7226297948554485,2.6457513110645907,substantial
Synthetic_02413,generated,oncology,RR,11,2007,6,9.55,0.0233,12.13,0.866,0.095,2634,Generated based on literature patterns,1.8333333333333333,239.45454545454547,7.876258882303226,3.3166247903554,low
Synthetic_02414,generated,psychiatry,COR,20,2003,8,64.6,0.9577,54.08,-0.016,0.182,723,Generated based on literature patterns,2.5,36.15,6.583409222158765,4.47213595499958,substantial
Synthetic_02415,generated,pulmonology,SMD,15,2020,4,36.21,0.2211,24.14,-0.417,0.125,8555,Generated based on literature patterns,3.75,570.3333333333334,9.054271186326293,3.872983346207417,moderate
Synthetic_02416,generated,immunology,OR,14,2005,3,30.13,0.0433,18.73,1.172,0.092,1408,Generated based on literature patterns,4.666666666666667,100.57142857142857,7.249925536717988,3.7416573867739413,moderate
Synthetic_02417,generated,urology,COR,15,2007,3,1.73,0.0728,23.2,-0.254,0.057,4551,Generated based on literature patterns,5.0,303.4,8.423102268016642,3.872983346207417,low
Synthetic_02418,generated,infectious_disease,COR,25,2006,9,6.56,0.1144,20.62,-0.312,0.047,11173,Generated based on literature patterns,2.7777777777777777,446.92,9.321255432547337,5.0,low
Synthetic_02419,generated,endocrinology,HR,15,2011,5,76.45,0.1721,49.95,0.939,0.103,4094,Generated based on literature patterns,3.0,272.93333333333334,8.317277766221235,3.872983346207417,high
Synthetic_02420,generated,psychiatry,OR,29,2014,9,90.19,0.1424,295.37,1.251,0.277,2514,Generated based on literature patterns,3.2222222222222223,86.6896551724138,7.829630389150193,5.385164807134504,high
Synthetic_02421,generated,dermatology,HR,12,2021,7,3.14,0.0345,19.86,0.882,0.256,391,Generated based on literature patterns,1.7142857142857142,32.583333333333336,5.968707559985366,3.4641016151377544,low
Synthetic_02422,generated,cardiology,SMD,10,2013,9,58.42,0.1988,27.11,-0.96,0.162,1509,Generated based on literature patterns,1.1111111111111112,150.9,7.319202458767849,3.1622776601683795,substantial
Synthetic_02423,generated,cardiology,MD,12,2026,13,77.56,2.2111,43.02,-1.14,0.71,240,Generated based on literature patterns,0.9230769230769231,20.0,5.480638923341991,3.4641016151377544,high
Synthetic_02424,generated,immunology,OR,13,2016,3,4.54,0.0218,11.75,0.788,0.222,424,Generated based on literature patterns,4.333333333333333,32.61538461538461,6.049733455231958,3.605551275463989,low
Synthetic_02425,generated,endocrinology,SMD,7,2012,3,43.0,0.6774,16.93,0.588,0.097,1377,Generated based on literature patterns,2.3333333333333335,196.71428571428572,7.227662498728654,2.6457513110645907,moderate
Synthetic_02426,generated,cardiology,RR,19,1998,4,65.34,0.2648,53.36,0.79,0.226,711,Generated based on literature patterns,4.75,37.421052631578945,6.566672429803241,4.358898943540674,substantial
Synthetic_02427,generated,dermatology,SMD,13,2013,3,58.69,0.2086,30.46,-0.696,0.059,11037,Generated based on literature patterns,4.333333333333333,849.0,9.309008543772885,3.605551275463989,substantial
Synthetic_02428,generated,immunology,RR,11,2013,4,4.73,0.0258,13.34,1.304,0.038,11881,Generated based on literature patterns,2.75,1080.090909090909,9.382695764458287,3.3166247903554,low
Synthetic_02429,generated,nephrology,COR,11,2011,8,83.19,1.7778,48.23,0.035,0.238,721,Generated based on literature patterns,1.375,65.54545454545455,6.580639137284949,3.3166247903554,high
Synthetic_02430,generated,rheumatology,OR,18,2009,9,3.52,0.008,9.12,1.204,0.054,8391,Generated based on literature patterns,2.0,466.1666666666667,9.03491498187007,4.242640687119285,low
Synthetic_02431,generated,endocrinology,COR,8,2007,3,87.31,0.8233,67.05,-0.653,0.122,9547,Generated based on literature patterns,2.6666666666666665,1193.375,9.163982247998034,2.8284271247461903,high
Synthetic_02432,generated,neurology,OR,16,2021,3,39.7,0.0209,23.04,0.976,0.034,19322,Generated based on literature patterns,5.333333333333333,1207.625,9.868999622077455,4.0,moderate
Synthetic_02433,generated,pulmonology,HR,21,2002,6,65.49,0.31,62.39,0.461,0.109,4993,Generated based on literature patterns,3.5,237.76190476190476,8.51579221050061,4.58257569495584,substantial
Synthetic_02434,generated,oncology,MD,12,2012,5,77.4,2.6576,69.31,1.903,0.152,3641,Generated based on literature patterns,2.4,303.4166666666667,8.200013648175434,3.4641016151377544,high
Synthetic_02435,generated,ophthalmology,HR,11,2014,4,57.87,0.1328,27.92,1.278,0.526,168,Generated based on literature patterns,2.75,15.272727272727273,5.123963979403259,3.3166247903554,substantial
Synthetic_02436,generated,urology,MD,14,2016,10,80.32,0.4404,76.18,5.226,0.144,2098,Generated based on literature patterns,1.4,149.85714285714286,7.6487397889562425,3.7416573867739413,high
Synthetic_02437,generated,nephrology,MD,8,2013,9,3.09,0.1559,5.81,-2.157,0.059,2116,Generated based on literature patterns,0.8888888888888888,264.5,7.65728279297819,2.8284271247461903,low
Synthetic_02438,generated,ophthalmology,RR,9,2003,5,68.28,0.2091,38.55,0.838,0.374,1095,Generated based on literature patterns,1.8,121.66666666666667,6.9985096422506015,3.0,substantial
Synthetic_02439,generated,ophthalmology,HR,30,2009,3,13.38,0.0593,37.55,0.928,0.057,18935,Generated based on literature patterns,10.0,631.1666666666666,9.848767340335895,5.477225575051661,low
Synthetic_02440,generated,dermatology,OR,5,2013,5,32.27,0.0471,10.17,0.911,0.069,10134,Generated based on literature patterns,1.0,2026.8,9.223651386035854,2.23606797749979,moderate
Synthetic_02441,generated,immunology,HR,35,2024,11,5.28,0.0264,34.93,0.919,0.297,551,Generated based on literature patterns,3.1818181818181817,15.742857142857142,6.311734809152915,5.916079783099616,low
Synthetic_02442,generated,endocrinology,COR,5,2013,3,29.36,0.2421,9.83,-0.327,0.791,108,Generated based on literature patterns,1.6666666666666667,21.6,4.68213122712422,2.23606797749979,moderate
Synthetic_02443,generated,rheumatology,HR,8,2003,10,78.43,0.2901,32.48,0.988,1.006,125,Generated based on literature patterns,0.8,15.625,4.8283137373023015,2.8284271247461903,high
Synthetic_02444,generated,nephrology,SMD,5,2009,11,59.7,0.3328,6.16,-0.137,0.144,1432,Generated based on literature patterns,0.45454545454545453,286.4,7.266827347520591,2.23606797749979,substantial
Synthetic_02445,generated,oncology,OR,8,2009,14,5.81,0.0424,10.93,0.645,0.264,183,Generated based on literature patterns,0.5714285714285714,22.875,5.209486152841421,2.8284271247461903,low
Synthetic_02446,generated,psychiatry,RR,31,2021,7,65.74,0.2692,84.04,0.525,0.281,2059,Generated based on literature patterns,4.428571428571429,66.41935483870968,7.629975707027789,5.5677643628300215,substantial
Synthetic_02447,generated,psychiatry,SMD,6,2015,3,5.76,0.0778,5.08,-0.698,0.11,4663,Generated based on literature patterns,2.0,777.1666666666666,8.44741429680832,2.449489742783178,low
Synthetic_02448,generated,oncology,RR,20,2008,4,80.79,0.2608,87.77,0.837,0.177,1207,Generated based on literature patterns,5.0,60.35,7.095893221097532,4.47213595499958,high
Synthetic_02449,generated,neurology,COR,17,2016,6,5.29,0.1401,18.91,-0.135,0.244,882,Generated based on literature patterns,2.8333333333333335,51.88235294117647,6.782192056006791,4.123105625617661,low
Synthetic_02450,generated,psychiatry,SMD,22,2016,6,6.76,0.0136,20.07,0.267,0.062,9778,Generated based on literature patterns,3.6666666666666665,444.45454545454544,9.187890243138591,4.69041575982343,low
Synthetic_02451,generated,dermatology,COR,8,2005,5,39.22,0.7818,27.71,-0.128,0.349,488,Generated based on literature patterns,1.6,61.0,6.1903154058531475,2.8284271247461903,moderate
Synthetic_02452,generated,immunology,RR,29,2013,5,4.3,0.0182,16.97,0.663,0.038,33128,Generated based on literature patterns,5.8,1142.344827586207,10.408134125225404,5.385164807134504,low
Synthetic_02453,generated,ophthalmology,MD,12,2001,30,4.66,0.1858,15.0,1.963,0.232,481,Generated based on literature patterns,0.4,40.083333333333336,6.175867270105761,3.4641016151377544,low
Synthetic_02454,generated,pulmonology,RR,8,2012,4,59.21,0.1093,16.51,1.113,0.21,1663,Generated based on literature patterns,2.0,207.875,7.416378479192928,2.8284271247461903,substantial
Synthetic_02455,generated,immunology,COR,21,2016,15,85.92,2.7957,152.66,0.338,0.103,16097,Generated based on literature patterns,1.4,766.5238095238095,9.68638819820623,4.58257569495584,high
Synthetic_02456,generated,endocrinology,RR,9,2003,22,52.63,0.078,21.04,0.959,0.313,873,Generated based on literature patterns,0.4090909090909091,97.0,6.771935555839602,3.0,substantial
Synthetic_02457,generated,dermatology,COR,8,2014,3,53.34,0.8383,14.38,0.336,0.307,572,Generated based on literature patterns,2.6666666666666665,71.5,6.349138991379798,2.8284271247461903,substantial
Synthetic_02458,generated,nephrology,RR,5,2008,3,63.43,0.1125,15.95,0.801,0.224,2587,Generated based on literature patterns,1.6666666666666667,517.4,7.8582541821860294,2.23606797749979,substantial
Synthetic_02459,generated,immunology,RR,9,2002,12,80.98,0.258,59.35,2.06,0.88,100,Generated based on literature patterns,0.75,11.11111111111111,4.605170185988092,3.0,high
Synthetic_02460,generated,infectious_disease,HR,22,2024,21,56.39,0.1027,74.79,1.09,0.108,3030,Generated based on literature patterns,1.0476190476190477,137.72727272727272,8.016317898503415,4.69041575982343,substantial
Synthetic_02461,generated,immunology,COR,5,2016,3,36.72,0.9068,14.39,0.95,0.21,779,Generated based on literature patterns,1.6666666666666667,155.8,6.658011045870748,2.23606797749979,moderate
Synthetic_02462,generated,pulmonology,OR,14,2019,10,29.52,0.0565,22.55,1.086,0.429,464,Generated based on literature patterns,1.4,33.142857142857146,6.139884552226255,3.7416573867739413,moderate
Synthetic_02463,generated,gastroenterology,HR,23,2010,6,89.69,0.2913,263.08,0.656,0.053,21992,Generated based on literature patterns,3.8333333333333335,956.1739130434783,9.998434029845082,4.795831523312719,high
Synthetic_02464,generated,infectious_disease,OR,10,2008,9,62.67,0.1584,26.24,0.672,0.497,152,Generated based on literature patterns,1.1111111111111112,15.2,5.0238805208462765,3.1622776601683795,substantial
Synthetic_02465,generated,oncology,COR,7,2016,5,75.95,1.3969,44.04,0.384,0.183,1910,Generated based on literature patterns,1.4,272.85714285714283,7.554858521040676,2.6457513110645907,high
Synthetic_02466,generated,nephrology,COR,8,2016,13,79.38,1.584,38.78,0.031,0.099,5374,Generated based on literature patterns,0.6153846153846154,671.75,8.589327789175437,2.8284271247461903,high
Synthetic_02467,generated,immunology,MD,5,2004,6,45.2,0.7127,17.89,2.715,0.078,2994,Generated based on literature patterns,0.8333333333333334,598.8,8.004365564979574,2.23606797749979,moderate
Synthetic_02468,generated,gastroenterology,MD,24,2018,5,38.75,0.3838,47.6,-0.762,0.261,962,Generated based on literature patterns,4.8,40.083333333333336,6.8690144506657065,4.898979485566356,moderate
Synthetic_02469,generated,oncology,HR,5,2005,3,33.59,0.1302,14.59,0.617,0.655,135,Generated based on literature patterns,1.6666666666666667,27.0,4.90527477843843,2.23606797749979,moderate
Synthetic_02470,generated,ophthalmology,RR,12,2005,9,82.06,0.3007,53.89,1.223,0.882,324,Generated based on literature patterns,1.3333333333333333,27.0,5.780743515792329,3.4641016151377544,high
Synthetic_02471,generated,oncology,MD,5,2009,3,32.36,0.5977,13.03,-0.063,0.184,1575,Generated based on literature patterns,1.6666666666666667,315.0,7.362010551259734,2.23606797749979,moderate
Synthetic_02472,generated,oncology,HR,12,2002,13,70.86,0.2835,45.64,0.566,0.518,191,Generated based on literature patterns,0.9230769230769231,15.916666666666666,5.25227342804663,3.4641016151377544,substantial
Synthetic_02473,generated,dermatology,COR,12,2006,23,30.97,0.2291,12.35,0.126,0.13,3751,Generated based on literature patterns,0.5217391304347826,312.5833333333333,8.229777750081887,3.4641016151377544,moderate
Synthetic_02474,generated,psychiatry,MD,40,2010,3,83.04,2.7741,219.99,2.058,0.342,425,Generated based on literature patterns,13.333333333333334,10.625,6.052089168924417,6.324555320336759,high
Synthetic_02475,generated,rheumatology,HR,19,2019,4,56.1,0.1142,45.43,1.588,0.089,4582,Generated based on literature patterns,4.75,241.1578947368421,8.42989086301344,4.358898943540674,substantial
Synthetic_02476,generated,ophthalmology,COR,13,2018,5,67.56,0.7083,28.46,0.578,0.065,9729,Generated based on literature patterns,2.6,748.3846153846154,9.182866394975427,3.605551275463989,substantial
Synthetic_02477,generated,infectious_disease,MD,8,2016,4,6.37,0.1775,5.99,1.988,0.187,554,Generated based on literature patterns,2.0,69.25,6.317164686747284,2.8284271247461903,low
Synthetic_02478,generated,pulmonology,MD,10,2016,6,40.5,1.2224,12.59,-1.528,0.559,100,Generated based on literature patterns,1.6666666666666667,10.0,4.605170185988092,3.1622776601683795,moderate
Synthetic_02479,generated,urology,MD,12,2012,3,82.75,1.1142,57.56,2.046,0.353,341,Generated based on literature patterns,4.0,28.416666666666668,5.831882477283517,3.4641016151377544,high
Synthetic_02480,generated,psychiatry,COR,17,2016,17,83.51,1.0812,115.03,0.321,0.108,4249,Generated based on literature patterns,1.0,249.94117647058823,8.354438940114811,4.123105625617661,high
Synthetic_02481,generated,psychiatry,COR,38,2015,4,36.04,0.7452,52.42,0.246,0.145,2368,Generated based on literature patterns,9.5,62.31578947368421,7.769800996003896,6.164414002968976,moderate
Synthetic_02482,generated,immunology,COR,5,2015,9,35.95,1.2061,14.57,0.51,0.195,1626,Generated based on literature patterns,0.5555555555555556,325.2,7.3938782901077555,2.23606797749979,moderate
Synthetic_02483,generated,urology,OR,22,2015,4,6.33,0.0191,26.62,0.891,0.342,289,Generated based on literature patterns,5.5,13.136363636363637,5.666426688112432,4.69041575982343,low
Synthetic_02484,generated,gastroenterology,OR,10,2001,9,8.22,0.055,8.92,1.041,0.056,5433,Generated based on literature patterns,1.1111111111111112,543.3,8.600246746551523,3.1622776601683795,low
Synthetic_02485,generated,infectious_disease,HR,5,2007,16,36.49,0.0966,8.05,0.637,0.073,2353,Generated based on literature patterns,0.3125,470.6,7.763446388727362,2.23606797749979,moderate
Synthetic_02486,generated,pulmonology,COR,7,2011,3,2.59,0.0474,9.64,-0.245,0.153,590,Generated based on literature patterns,2.3333333333333335,84.28571428571429,6.380122536899765,2.6457513110645907,low
Synthetic_02487,generated,gastroenterology,HR,28,2014,3,79.15,0.1949,136.92,0.764,0.261,1105,Generated based on literature patterns,9.333333333333334,39.464285714285715,7.007600613951853,5.291502622129181,high
Synthetic_02488,generated,pulmonology,HR,12,2020,7,81.14,0.2869,58.27,0.887,0.886,208,Generated based on literature patterns,1.7142857142857142,17.333333333333332,5.337538079701318,3.4641016151377544,high
Synthetic_02489,generated,psychiatry,RR,7,2017,23,80.02,0.1942,28.38,0.668,0.145,4995,Generated based on literature patterns,0.30434782608695654,713.5714285714286,8.516192691082654,2.6457513110645907,high
Synthetic_02490,generated,pulmonology,MD,5,2008,6,45.19,0.7726,7.09,-0.955,0.257,1032,Generated based on literature patterns,0.8333333333333334,206.4,6.939253946041508,2.23606797749979,moderate
Synthetic_02491,generated,ophthalmology,SMD,6,2010,9,85.94,0.2201,49.28,-0.227,0.772,100,Generated based on literature patterns,0.6666666666666666,16.666666666666668,4.605170185988092,2.449489742783178,high
Synthetic_02492,generated,infectious_disease,HR,21,2020,8,58.64,0.0539,41.43,0.729,0.115,3293,Generated based on literature patterns,2.625,156.8095238095238,8.099554282376364,4.58257569495584,substantial
Synthetic_02493,generated,neurology,COR,8,2006,9,59.41,1.745,19.05,0.393,0.527,271,Generated based on literature patterns,0.8888888888888888,33.875,5.602118820879701,2.8284271247461903,substantial
Synthetic_02494,generated,ophthalmology,OR,13,2015,8,4.81,0.0106,9.83,0.697,0.112,2316,Generated based on literature patterns,1.625,178.15384615384616,7.7475968386928855,3.605551275463989,low
Synthetic_02495,generated,endocrinology,SMD,10,2013,4,37.31,0.1508,11.93,0.213,0.316,329,Generated based on literature patterns,2.5,32.9,5.796057750765372,3.1622776601683795,moderate
Synthetic_02496,generated,rheumatology,OR,37,2017,12,0.8,0.0127,40.09,0.666,0.066,6408,Generated based on literature patterns,3.0833333333333335,173.1891891891892,8.765302488748196,6.082762530298219,low
Synthetic_02497,generated,infectious_disease,HR,10,2015,6,58.38,0.1831,25.28,0.753,0.286,1697,Generated based on literature patterns,1.6666666666666667,169.7,7.436617265234227,3.1622776601683795,substantial
Synthetic_02498,generated,immunology,SMD,18,2012,9,55.86,0.33,41.17,0.127,0.51,100,Generated based on literature patterns,2.0,5.555555555555555,4.605170185988092,4.242640687119285,substantial
Synthetic_02499,generated,urology,COR,16,2015,10,40.35,1.1072,25.35,0.097,0.051,10542,Generated based on literature patterns,1.6,658.875,9.263122557415151,4.0,moderate
Synthetic_02500,generated,infectious_disease,HR,15,2017,5,81.77,0.3202,95.23,0.818,0.123,11940,Generated based on literature patterns,3.0,796.0,9.387649386946594,3.872983346207417,high
Synthetic_02501,generated,nephrology,OR,11,2011,16,2.88,0.0168,12.62,1.593,0.019,48022,Generated based on literature patterns,0.6875,4365.636363636364,10.779414518220722,3.3166247903554,low
Synthetic_02502,generated,nephrology,OR,5,2011,3,40.69,0.1016,3.15,0.989,0.262,620,Generated based on literature patterns,1.6666666666666667,124.0,6.429719478039138,2.23606797749979,moderate
Synthetic_02503,generated,rheumatology,OR,28,2016,4,68.06,0.0934,87.69,0.629,0.281,305,Generated based on literature patterns,7.0,10.892857142857142,5.720311776607412,5.291502622129181,substantial
Synthetic_02504,generated,neurology,RR,22,2017,3,2.47,0.0296,23.42,0.758,0.351,131,Generated based on literature patterns,7.333333333333333,5.954545454545454,4.875197323201151,4.69041575982343,low
Synthetic_02505,generated,infectious_disease,RR,15,2006,22,80.47,0.2623,65.49,0.627,0.827,415,Generated based on literature patterns,0.6818181818181818,27.666666666666668,6.028278520230698,3.872983346207417,high
Synthetic_02506,generated,endocrinology,RR,8,2010,22,79.8,0.7313,30.3,0.921,0.124,2988,Generated based on literature patterns,0.36363636363636365,373.5,8.002359546252707,2.8284271247461903,high
Synthetic_02507,generated,pulmonology,RR,13,2004,7,85.35,0.2368,71.26,0.956,0.251,3136,Generated based on literature patterns,1.8571428571428572,241.23076923076923,8.0507033814703,3.605551275463989,high
Synthetic_02508,generated,gastroenterology,MD,7,2017,3,78.98,0.4883,29.19,-0.607,0.55,360,Generated based on literature patterns,2.3333333333333335,51.42857142857143,5.886104031450156,2.6457513110645907,high
Synthetic_02509,generated,gastroenterology,COR,34,2012,4,58.12,1.201,81.84,0.223,0.614,256,Generated based on literature patterns,8.5,7.529411764705882,5.545177444479562,5.830951894845301,substantial
Synthetic_02510,generated,dermatology,SMD,14,2014,8,50.88,0.4863,29.87,-0.166,0.048,12583,Generated based on literature patterns,1.75,898.7857142857143,9.440101975591968,3.7416573867739413,substantial
Synthetic_02511,generated,urology,SMD,8,2017,3,69.07,0.3499,39.52,-0.712,0.155,4448,Generated based on literature patterns,2.6666666666666665,556.0,8.400209835930418,2.8284271247461903,substantial
Synthetic_02512,generated,gastroenterology,OR,26,2010,7,5.46,0.0136,18.74,1.425,0.049,7066,Generated based on literature patterns,3.7142857142857144,271.7692307692308,8.86304982791909,5.0990195135927845,low
Synthetic_02513,generated,neurology,HR,22,1999,16,63.09,0.208,49.9,0.851,0.069,8412,Generated based on literature patterns,1.375,382.3636363636364,9.03741453682259,4.69041575982343,substantial
Synthetic_02514,generated,rheumatology,RR,5,2008,3,1.89,0.0156,4.29,0.706,0.446,518,Generated based on literature patterns,1.6666666666666667,103.6,6.249975242259483,2.23606797749979,low
Synthetic_02515,generated,cardiology,SMD,6,2006,3,39.76,0.1488,7.09,0.085,0.516,100,Generated based on literature patterns,2.0,16.666666666666668,4.605170185988092,2.449489742783178,moderate
Synthetic_02516,generated,rheumatology,COR,16,2018,6,35.21,0.994,18.38,0.17,0.07,7086,Generated based on literature patterns,2.6666666666666665,442.875,8.865876285425417,4.0,moderate
Synthetic_02517,generated,infectious_disease,MD,18,2013,24,59.87,0.7817,47.08,-4.675,0.035,66153,Generated based on literature patterns,0.75,3675.1666666666665,11.099725519988677,4.242640687119285,substantial
Synthetic_02518,generated,gastroenterology,HR,27,2015,9,8.41,0.0431,36.61,1.091,0.059,5230,Generated based on literature patterns,3.0,193.7037037037037,8.56216655705897,5.196152422706632,low
Synthetic_02519,generated,ophthalmology,COR,7,2007,3,3.62,0.0559,5.45,-0.185,0.436,362,Generated based on literature patterns,2.3333333333333335,51.714285714285715,5.8916442118257715,2.6457513110645907,low
Synthetic_02520,generated,cardiology,MD,15,2007,3,6.41,0.073,22.06,-0.324,0.15,1234,Generated based on literature patterns,5.0,82.26666666666667,7.1180162044653335,3.872983346207417,low
Synthetic_02521,generated,cardiology,RR,17,2012,7,81.54,0.2014,84.93,0.731,0.41,644,Generated based on literature patterns,2.4285714285714284,37.88235294117647,6.467698726104354,4.123105625617661,high
Synthetic_02522,generated,urology,SMD,13,2007,3,42.41,0.2317,25.94,0.078,0.133,1924,Generated based on literature patterns,4.333333333333333,148.0,7.562161631225652,3.605551275463989,moderate
Synthetic_02523,generated,infectious_disease,HR,5,2020,7,4.47,0.0089,3.71,1.23,0.093,6600,Generated based on literature patterns,0.7142857142857143,1320.0,8.794824928014517,2.23606797749979,low
Synthetic_02524,generated,infectious_disease,RR,35,2017,5,46.84,0.1089,59.3,0.96,0.117,2758,Generated based on literature patterns,7.0,78.8,7.922261058353247,5.916079783099616,moderate
Synthetic_02525,generated,gastroenterology,HR,13,2016,3,3.81,0.0207,16.32,1.515,0.028,27880,Generated based on literature patterns,4.333333333333333,2144.6153846153848,10.23566486487446,3.605551275463989,low
Synthetic_02526,generated,cardiology,HR,11,2009,3,3.61,0.0297,20.27,2.799,0.131,1839,Generated based on literature patterns,3.6666666666666665,167.1818181818182,7.516977224604321,3.3166247903554,low
Synthetic_02527,generated,rheumatology,MD,11,2009,15,62.86,1.2602,45.38,0.933,0.169,1599,Generated based on literature patterns,0.7333333333333333,145.36363636363637,7.377133712833954,3.3166247903554,substantial
Synthetic_02528,generated,neurology,HR,15,2000,16,40.86,0.2816,15.12,0.465,0.037,35257,Generated based on literature patterns,0.9375,2350.4666666666667,10.47041937008599,3.872983346207417,moderate
Synthetic_02529,generated,psychiatry,MD,5,2003,15,79.2,3.714,27.39,-0.339,0.496,452,Generated based on literature patterns,0.3333333333333333,90.4,6.113682179832232,2.23606797749979,high
Synthetic_02530,generated,urology,RR,18,2009,5,40.59,0.1441,27.58,1.109,0.22,1014,Generated based on literature patterns,3.6,56.333333333333336,6.921658184151129,4.242640687119285,moderate
Synthetic_02531,generated,neurology,HR,6,2010,8,26.31,0.126,3.25,0.917,0.069,3803,Generated based on literature patterns,0.75,633.8333333333334,8.24354550792826,2.449489742783178,moderate
Synthetic_02532,generated,nephrology,SMD,6,2014,9,87.68,1.1322,46.26,0.441,0.841,208,Generated based on literature patterns,0.6666666666666666,34.666666666666664,5.337538079701318,2.449489742783178,high
Synthetic_02533,generated,dermatology,RR,7,2011,4,71.95,0.1238,24.07,1.114,0.22,1305,Generated based on literature patterns,1.75,186.42857142857142,7.173958319756794,2.6457513110645907,substantial
Synthetic_02534,generated,cardiology,MD,39,2017,29,5.05,0.0496,44.81,1.326,0.034,13927,Generated based on literature patterns,1.3448275862068966,357.1025641025641,9.541584681053092,6.244997998398398,low
Synthetic_02535,generated,cardiology,MD,74,2008,9,8.52,0.1542,76.47,-0.334,0.278,508,Generated based on literature patterns,8.222222222222221,6.864864864864865,6.230481447578482,8.602325267042627,low
Synthetic_02536,generated,endocrinology,HR,13,2014,7,66.36,0.2554,53.26,0.75,0.124,5024,Generated based on literature patterns,1.8571428571428572,386.46153846153845,8.521981708148035,3.605551275463989,substantial
Synthetic_02537,generated,rheumatology,MD,7,2020,30,3.93,0.1974,10.42,0.074,0.094,2989,Generated based on literature patterns,0.23333333333333334,427.0,8.002694162283937,2.6457513110645907,low
Synthetic_02538,generated,endocrinology,RR,23,2000,18,67.0,0.1307,56.79,1.518,0.218,1955,Generated based on literature patterns,1.2777777777777777,85.0,7.578145472419466,4.795831523312719,substantial
Synthetic_02539,generated,pulmonology,MD,6,2021,7,7.19,0.0876,2.52,0.996,0.483,190,Generated based on literature patterns,0.8571428571428571,31.666666666666668,5.247024072160486,2.449489742783178,low
Synthetic_02540,generated,neurology,SMD,23,2015,4,9.0,0.0695,10.38,0.303,0.198,2773,Generated based on literature patterns,5.75,120.56521739130434,7.927685045615778,4.795831523312719,low
Synthetic_02541,generated,psychiatry,SMD,17,2003,18,2.47,0.0563,15.24,0.167,0.1,2593,Generated based on literature patterns,0.9444444444444444,152.52941176470588,7.860570785538664,4.123105625617661,low
Synthetic_02542,generated,psychiatry,SMD,10,2011,9,80.89,0.2352,43.23,0.35,0.578,354,Generated based on literature patterns,1.1111111111111112,35.4,5.869296913133774,3.1622776601683795,high
Synthetic_02543,generated,dermatology,MD,6,2003,8,2.82,0.082,7.11,-4.602,0.206,830,Generated based on literature patterns,0.75,138.33333333333334,6.721425700790643,2.449489742783178,low
Synthetic_02544,generated,urology,OR,11,2012,10,60.47,0.2098,32.95,1.276,0.168,2071,Generated based on literature patterns,1.1,188.27272727272728,7.635786861395585,3.3166247903554,substantial
Synthetic_02545,generated,pulmonology,OR,12,2005,15,60.94,0.1094,40.74,2.028,0.067,15590,Generated based on literature patterns,0.8,1299.1666666666667,9.654384962051822,3.4641016151377544,substantial
Synthetic_02546,generated,infectious_disease,SMD,5,2005,8,79.86,0.7138,30.27,-0.488,0.056,40296,Generated based on literature patterns,0.625,8059.2,10.604007487425486,2.23606797749979,high
Synthetic_02547,generated,dermatology,RR,7,2021,3,41.26,0.1397,10.85,0.86,0.193,980,Generated based on literature patterns,2.3333333333333335,140.0,6.887552571664617,2.6457513110645907,moderate
Synthetic_02548,generated,rheumatology,COR,6,2013,7,67.08,1.0236,20.66,0.021,0.201,523,Generated based on literature patterns,0.8571428571428571,87.16666666666667,6.259581464064923,2.449489742783178,substantial
Synthetic_02549,generated,urology,OR,15,2006,4,85.32,0.2723,83.84,0.401,0.512,676,Generated based on literature patterns,3.75,45.06666666666667,6.516193076042964,3.872983346207417,high
Synthetic_02550,generated,urology,COR,32,2021,3,39.08,0.5094,47.05,-0.428,0.046,4574,Generated based on literature patterns,10.666666666666666,142.9375,8.428143374582726,5.656854249492381,moderate
Synthetic_02551,generated,urology,OR,26,2017,7,82.12,0.2194,123.13,1.297,0.437,471,Generated based on literature patterns,3.7142857142857144,18.115384615384617,6.154858094016418,5.0990195135927845,high
Synthetic_02552,generated,nephrology,COR,11,2008,5,3.27,0.102,8.81,-0.08,0.113,1958,Generated based on literature patterns,2.2,178.0,7.579678823090456,3.3166247903554,low
Synthetic_02553,generated,rheumatology,COR,6,2012,10,38.75,0.2212,15.92,0.302,0.417,256,Generated based on literature patterns,0.6,42.666666666666664,5.545177444479562,2.449489742783178,moderate
Synthetic_02554,generated,endocrinology,HR,5,2019,4,2.95,0.0153,6.64,1.294,0.054,10721,Generated based on literature patterns,1.25,2144.2,9.27995971385624,2.23606797749979,low
Synthetic_02555,generated,psychiatry,COR,9,2003,10,7.36,0.3461,8.55,-0.018,0.051,11171,Generated based on literature patterns,0.9,1241.2222222222222,9.321076413570848,3.0,low
Synthetic_02556,generated,neurology,COR,6,2008,7,58.38,1.4396,24.82,0.133,0.176,2000,Generated based on literature patterns,0.8571428571428571,333.3333333333333,7.600902459542082,2.449489742783178,substantial
Synthetic_02557,generated,infectious_disease,RR,15,2011,3,66.54,0.3341,36.95,0.976,0.25,1446,Generated based on literature patterns,5.0,96.4,7.27655640271871,3.872983346207417,substantial
Synthetic_02558,generated,gastroenterology,RR,19,2015,19,83.97,0.7927,124.77,1.994,0.454,1617,Generated based on literature patterns,1.0,85.10526315789474,7.388327859577107,4.358898943540674,high
Synthetic_02559,generated,psychiatry,SMD,9,2010,3,32.99,0.0738,7.49,0.293,0.152,1814,Generated based on literature patterns,3.0,201.55555555555554,7.503289630675082,3.0,moderate
Synthetic_02560,generated,psychiatry,OR,9,2019,7,5.94,0.0176,3.14,0.49,0.112,1916,Generated based on literature patterns,1.2857142857142858,212.88888888888889,7.557994958530806,3.0,low
Synthetic_02561,generated,nephrology,SMD,15,2019,7,65.87,0.3323,49.7,-0.29,0.195,2514,Generated based on literature patterns,2.142857142857143,167.6,7.829630389150193,3.872983346207417,substantial
Synthetic_02562,generated,rheumatology,HR,11,1998,4,13.73,0.0846,18.65,1.598,0.209,1446,Generated based on literature patterns,2.75,131.45454545454547,7.27655640271871,3.3166247903554,low
Synthetic_02563,generated,neurology,MD,7,2004,3,29.36,0.5911,3.92,0.804,0.204,674,Generated based on literature patterns,2.3333333333333335,96.28571428571429,6.513230110912307,2.6457513110645907,moderate
Synthetic_02564,generated,immunology,SMD,15,2006,8,68.43,0.1906,36.27,0.229,0.208,801,Generated based on literature patterns,1.875,53.4,6.68586094706836,3.872983346207417,substantial
Synthetic_02565,generated,gastroenterology,OR,12,2014,5,2.9,0.0248,5.65,0.863,0.017,81180,Generated based on literature patterns,2.4,6765.0,11.304424190392888,3.4641016151377544,low
Synthetic_02566,generated,psychiatry,MD,18,2011,3,41.75,0.766,35.17,-0.025,0.481,100,Generated based on literature patterns,6.0,5.555555555555555,4.605170185988092,4.242640687119285,moderate
Synthetic_02567,generated,endocrinology,RR,13,2013,30,59.47,0.1855,47.38,0.912,0.119,4219,Generated based on literature patterns,0.43333333333333335,324.53846153846155,8.347353412124338,3.605551275463989,substantial
Synthetic_02568,generated,rheumatology,HR,11,2011,10,4.99,0.0364,16.74,0.855,0.23,837,Generated based on literature patterns,1.1,76.0909090909091,6.729824070489475,3.3166247903554,low
Synthetic_02569,generated,endocrinology,MD,8,2004,11,8.76,0.2446,6.72,-1.43,0.047,6166,Generated based on literature patterns,0.7272727272727273,770.75,8.726805608446096,2.8284271247461903,low
Synthetic_02570,generated,ophthalmology,HR,12,2017,4,83.85,0.7146,74.57,1.975,0.352,766,Generated based on literature patterns,3.0,63.833333333333336,6.641182169740591,3.4641016151377544,high
Synthetic_02571,generated,oncology,MD,5,2011,4,36.17,0.6293,8.51,1.376,0.095,2521,Generated based on literature patterns,1.25,504.2,7.83241092718792,2.23606797749979,moderate
Synthetic_02572,generated,rheumatology,COR,5,2010,3,80.27,0.8004,29.61,0.283,0.122,7555,Generated based on literature patterns,1.6666666666666667,1511.0,8.92996487470684,2.23606797749979,high
Synthetic_02573,generated,oncology,SMD,7,2008,11,79.8,0.3028,15.36,1.054,0.081,5596,Generated based on literature patterns,0.6363636363636364,799.4285714285714,8.629807335785372,2.6457513110645907,high
Synthetic_02574,generated,infectious_disease,COR,9,2004,10,46.11,0.5152,10.39,0.288,0.38,609,Generated based on literature patterns,0.9,67.66666666666667,6.411818267709897,3.0,moderate
Synthetic_02575,generated,psychiatry,OR,20,2007,6,3.15,0.0525,18.69,0.826,0.092,1909,Generated based on literature patterns,3.3333333333333335,95.45,7.554334823725748,4.47213595499958,low
Synthetic_02576,generated,ophthalmology,OR,10,2020,3,82.58,0.381,55.97,1.364,0.235,2926,Generated based on literature patterns,3.3333333333333335,292.6,7.98139158158007,3.1622776601683795,high
Synthetic_02577,generated,nephrology,OR,5,2018,3,10.66,0.0205,1.81,1.418,0.101,3178,Generated based on literature patterns,1.6666666666666667,635.6,8.064007347096661,2.23606797749979,low
Synthetic_02578,generated,endocrinology,RR,20,2019,3,83.01,0.3517,124.9,1.222,0.086,24325,Generated based on literature patterns,6.666666666666667,1216.25,10.099259907054206,4.47213595499958,high
Synthetic_02579,generated,rheumatology,RR,9,2016,8,39.0,0.1044,16.83,0.845,0.082,10214,Generated based on literature patterns,1.125,1134.888888888889,9.23151460720759,3.0,moderate
Synthetic_02580,generated,immunology,COR,31,2013,15,39.9,1.094,63.2,0.767,0.361,203,Generated based on literature patterns,2.066666666666667,6.548387096774194,5.313205979041787,5.5677643628300215,moderate
Synthetic_02581,generated,pulmonology,SMD,18,2007,20,55.26,0.0806,33.02,0.022,0.189,1557,Generated based on literature patterns,0.9,86.5,7.350516171833998,4.242640687119285,substantial
Synthetic_02582,generated,oncology,MD,8,2015,8,3.75,0.1236,11.05,2.694,0.091,2871,Generated based on literature patterns,1.0,358.875,7.962415680121064,2.8284271247461903,low
Synthetic_02583,generated,endocrinology,RR,20,2002,5,90.69,0.3574,225.34,0.694,0.326,1757,Generated based on literature patterns,4.0,87.85,7.471363088187097,4.47213595499958,high
Synthetic_02584,generated,endocrinology,OR,26,2014,22,28.64,0.0645,32.6,0.681,0.148,847,Generated based on literature patterns,1.1818181818181819,32.57692307692308,6.741700694652055,5.0990195135927845,moderate
Synthetic_02585,generated,gastroenterology,RR,18,2008,8,42.25,0.0796,45.46,1.125,0.397,853,Generated based on literature patterns,2.25,47.388888888888886,6.748759547491679,4.242640687119285,moderate
Synthetic_02586,generated,gastroenterology,SMD,17,2018,5,4.09,0.0348,24.14,-0.036,0.058,3793,Generated based on literature patterns,3.4,223.11764705882354,8.2409125416889,4.123105625617661,low
Synthetic_02587,generated,immunology,HR,5,2017,8,70.16,0.1811,12.43,0.565,0.093,7174,Generated based on literature patterns,0.625,1434.8,8.878218658092228,2.23606797749979,substantial
Synthetic_02588,generated,rheumatology,RR,11,2014,4,77.8,0.173,34.79,1.206,0.097,11410,Generated based on literature patterns,2.75,1037.2727272727273,9.342245442856122,3.3166247903554,high
Synthetic_02589,generated,psychiatry,OR,20,2007,14,5.92,0.0199,23.09,1.061,0.065,10130,Generated based on literature patterns,1.4285714285714286,506.5,9.22325659724273,4.47213595499958,low
Synthetic_02590,generated,oncology,HR,29,2007,4,41.26,0.1343,47.45,1.01,0.224,467,Generated based on literature patterns,7.25,16.103448275862068,6.1463292576688975,5.385164807134504,moderate
Synthetic_02591,generated,psychiatry,RR,6,2007,14,56.32,0.1773,19.51,1.163,0.209,1288,Generated based on literature patterns,0.42857142857142855,214.66666666666666,7.160845906664299,2.449489742783178,substantial
Synthetic_02592,generated,oncology,MD,9,2024,3,63.38,0.8149,26.73,-3.426,0.788,212,Generated based on literature patterns,3.0,23.555555555555557,5.356586274672012,3.0,substantial
Synthetic_02593,generated,pulmonology,OR,5,2020,7,59.6,0.1918,12.8,0.77,0.058,6114,Generated based on literature patterns,0.7142857142857143,1222.8,8.71833650245078,2.23606797749979,substantial
Synthetic_02594,generated,cardiology,OR,6,2010,5,25.98,0.0778,12.18,1.644,0.163,2899,Generated based on literature patterns,1.2,483.1666666666667,7.972121128921655,2.449489742783178,moderate
Synthetic_02595,generated,psychiatry,OR,29,2014,3,32.57,0.153,44.68,0.907,0.119,1764,Generated based on literature patterns,9.666666666666666,60.827586206896555,7.475339236566737,5.385164807134504,moderate
Synthetic_02596,generated,immunology,MD,9,1999,5,62.18,1.158,19.53,0.394,0.229,1975,Generated based on literature patterns,1.8,219.44444444444446,7.5883236773352225,3.0,substantial
Synthetic_02597,generated,urology,RR,11,1996,8,48.09,0.046,17.48,0.96,0.202,2679,Generated based on literature patterns,1.375,243.54545454545453,7.893198869544609,3.3166247903554,moderate
Synthetic_02598,generated,immunology,SMD,9,2003,6,2.82,0.0396,4.39,-1.054,0.05,4629,Generated based on literature patterns,1.5,514.3333333333334,8.44009614103127,3.0,low
Synthetic_02599,generated,urology,OR,25,2006,13,1.71,0.0089,26.35,0.599,0.169,900,Generated based on literature patterns,1.9230769230769231,36.0,6.802394763324311,5.0,low
Synthetic_02600,generated,cardiology,SMD,10,2017,3,28.15,0.1322,8.23,0.279,0.032,16920,Generated based on literature patterns,3.3333333333333335,1692.0,9.736251633160215,3.1622776601683795,moderate
Synthetic_02601,generated,cardiology,COR,5,2007,6,46.3,0.2712,8.41,0.01,0.245,843,Generated based on literature patterns,0.8333333333333334,168.6,6.736966958001855,2.23606797749979,moderate
Synthetic_02602,generated,oncology,COR,5,2020,3,70.96,1.9612,7.58,0.007,0.32,721,Generated based on literature patterns,1.6666666666666667,144.2,6.580639137284949,2.23606797749979,substantial
Synthetic_02603,generated,dermatology,COR,7,2021,7,84.1,1.8429,50.6,0.485,0.18,1844,Generated based on literature patterns,1.0,263.42857142857144,7.519692404116539,2.6457513110645907,high
Synthetic_02604,generated,ophthalmology,SMD,10,2016,7,70.18,0.2558,26.31,-0.832,0.361,427,Generated based on literature patterns,1.4285714285714286,42.7,6.056784013228625,3.1622776601683795,substantial
Synthetic_02605,generated,nephrology,COR,5,2018,8,63.06,1.1077,12.2,0.213,0.468,473,Generated based on literature patterns,0.625,94.6,6.159095388491933,2.23606797749979,substantial
Synthetic_02606,generated,infectious_disease,COR,18,2009,3,60.4,1.4169,34.38,0.65,0.429,262,Generated based on literature patterns,6.0,14.555555555555555,5.568344503761097,4.242640687119285,substantial
Synthetic_02607,generated,pulmonology,RR,8,2012,3,33.03,0.125,14.07,1.118,0.141,1873,Generated based on literature patterns,2.6666666666666665,234.125,7.5352967024440884,2.8284271247461903,moderate
Synthetic_02608,generated,neurology,MD,7,2010,4,2.93,0.0817,5.75,1.474,0.049,17006,Generated based on literature patterns,1.75,2429.4285714285716,9.741321501945738,2.6457513110645907,low
Synthetic_02609,generated,oncology,MD,18,2009,6,2.78,0.0846,28.49,-1.047,0.125,2995,Generated based on literature patterns,3.0,166.38888888888889,8.00469951054955,4.242640687119285,low
Synthetic_02610,generated,oncology,MD,5,2018,14,32.43,0.4649,10.22,0.851,0.203,827,Generated based on literature patterns,0.35714285714285715,165.4,6.717804695023691,2.23606797749979,moderate
Synthetic_02611,generated,immunology,SMD,30,2007,5,71.59,0.1753,83.97,0.162,0.149,2496,Generated based on literature patterns,6.0,83.2,7.822444729489319,5.477225575051661,substantial
Synthetic_02612,generated,immunology,RR,16,2021,4,2.05,0.0231,23.83,0.52,0.034,7571,Generated based on literature patterns,4.0,473.1875,8.932080438103307,4.0,low
Synthetic_02613,generated,neurology,COR,5,2021,13,38.23,0.8231,10.35,-0.128,0.052,13496,Generated based on literature patterns,0.38461538461538464,2699.2,9.510148624225804,2.23606797749979,moderate
Synthetic_02614,generated,gastroenterology,COR,9,2013,7,43.05,0.9072,22.34,0.034,0.04,8874,Generated based on literature patterns,1.2857142857142858,986.0,9.090880931938855,3.0,moderate
Synthetic_02615,generated,nephrology,COR,9,2009,3,63.69,2.4001,16.79,-0.2,0.302,795,Generated based on literature patterns,3.0,88.33333333333333,6.678342114654332,3.0,substantial
Synthetic_02616,generated,infectious_disease,COR,12,2018,19,30.6,0.3518,20.97,-0.788,0.098,3473,Generated based on literature patterns,0.631578947368421,289.4166666666667,8.152774052744075,3.4641016151377544,moderate
Synthetic_02617,generated,dermatology,MD,9,2020,11,1.59,0.0631,13.77,-1.615,0.193,1373,Generated based on literature patterns,0.8181818181818182,152.55555555555554,7.224753405767971,3.0,low
Synthetic_02618,generated,nephrology,MD,14,2008,8,79.16,0.8511,64.26,2.933,0.333,382,Generated based on literature patterns,1.75,27.285714285714285,5.945420608606575,3.7416573867739413,high
Synthetic_02619,generated,immunology,COR,34,2011,5,84.95,1.1122,212.82,-0.082,1.019,104,Generated based on literature patterns,6.8,3.0588235294117645,4.6443908991413725,5.830951894845301,high
Synthetic_02620,generated,rheumatology,MD,11,2003,20,4.85,0.077,11.25,-1.355,0.056,2818,Generated based on literature patterns,0.55,256.1818181818182,7.943782692458625,3.3166247903554,low
Synthetic_02621,generated,gastroenterology,COR,5,2024,3,1.58,0.0738,5.36,0.07,0.079,3179,Generated based on literature patterns,1.6666666666666667,635.8,8.064321960910803,2.23606797749979,low
Synthetic_02622,generated,immunology,HR,5,2003,6,85.64,0.5363,34.77,0.978,0.849,272,Generated based on literature patterns,0.8333333333333334,54.4,5.605802066295998,2.23606797749979,high
Synthetic_02623,generated,rheumatology,SMD,22,2018,4,85.05,0.4416,133.29,0.449,0.532,666,Generated based on literature patterns,5.5,30.272727272727273,6.501289670540389,4.69041575982343,high
Synthetic_02624,generated,nephrology,OR,19,2012,10,3.65,0.0068,18.75,1.659,0.215,783,Generated based on literature patterns,1.9,41.21052631578947,6.663132695990803,4.358898943540674,low
Synthetic_02625,generated,gastroenterology,COR,9,2007,21,72.72,1.9414,29.34,-0.515,0.097,4301,Generated based on literature patterns,0.42857142857142855,477.8888888888889,8.366602832783736,3.0,substantial
Synthetic_02626,generated,oncology,COR,14,2016,12,61.1,1.8456,44.76,0.343,0.2,1337,Generated based on literature patterns,1.1666666666666667,95.5,7.198183577101943,3.7416573867739413,substantial
Synthetic_02627,generated,infectious_disease,OR,17,2020,10,69.76,0.181,46.0,0.395,0.04,27784,Generated based on literature patterns,1.7,1634.3529411764705,10.23221559442391,4.123105625617661,substantial
Synthetic_02628,generated,psychiatry,SMD,9,2014,10,63.24,0.5169,21.55,-0.344,0.497,100,Generated based on literature patterns,0.9,11.11111111111111,4.605170185988092,3.0,substantial
Synthetic_02629,generated,psychiatry,MD,28,2014,3,34.1,0.2998,41.49,-3.01,0.182,1634,Generated based on literature patterns,9.333333333333334,58.357142857142854,7.3987862754199485,5.291502622129181,moderate
Synthetic_02630,generated,nephrology,SMD,5,2013,13,44.77,0.182,7.33,0.136,0.017,57483,Generated based on literature patterns,0.38461538461538464,11496.6,10.95924453089781,2.23606797749979,moderate
Synthetic_02631,generated,nephrology,RR,10,2010,10,2.31,0.0145,22.33,0.808,0.126,1651,Generated based on literature patterns,1.0,165.1,7.409136443920128,3.1622776601683795,low
Synthetic_02632,generated,urology,MD,19,2010,6,76.47,2.6595,91.87,-0.04,0.047,69516,Generated based on literature patterns,3.1666666666666665,3658.7368421052633,11.149312220884624,4.358898943540674,high
Synthetic_02633,generated,urology,OR,39,2007,3,30.66,0.0335,52.15,0.686,0.174,1545,Generated based on literature patterns,13.0,39.61538461538461,7.3427791893318455,6.244997998398398,moderate
Synthetic_02634,generated,urology,HR,19,2008,4,7.4,0.0237,17.46,1.074,0.431,189,Generated based on literature patterns,4.75,9.947368421052632,5.241747015059643,4.358898943540674,low
Synthetic_02635,generated,neurology,MD,18,2000,11,79.89,1.5897,80.76,-1.158,0.333,694,Generated based on literature patterns,1.6363636363636365,38.55555555555556,6.542471960506805,4.242640687119285,high
Synthetic_02636,generated,nephrology,HR,10,2003,10,80.27,0.2641,67.08,1.075,0.383,620,Generated based on literature patterns,1.0,62.0,6.429719478039138,3.1622776601683795,high
Synthetic_02637,generated,infectious_disease,SMD,23,2015,5,78.59,0.1462,110.56,-0.178,0.16,2592,Generated based on literature patterns,4.6,112.69565217391305,7.860185057472165,4.795831523312719,high
Synthetic_02638,generated,endocrinology,SMD,25,2012,3,30.3,0.1668,40.76,-0.842,0.213,553,Generated based on literature patterns,8.333333333333334,22.12,6.315358001522335,5.0,moderate
Synthetic_02639,generated,nephrology,MD,8,2010,5,78.98,0.7508,31.08,-1.2,0.491,418,Generated based on literature patterns,1.6,52.25,6.035481432524756,2.8284271247461903,high
Synthetic_02640,generated,psychiatry,COR,6,1995,5,2.79,0.064,9.09,0.024,0.191,433,Generated based on literature patterns,1.2,72.16666666666667,6.07073772800249,2.449489742783178,low
Synthetic_02641,generated,immunology,SMD,7,2008,3,54.98,0.3779,12.58,-0.667,0.146,2539,Generated based on literature patterns,2.3333333333333335,362.7142857142857,7.839525581704678,2.6457513110645907,substantial
Synthetic_02642,generated,cardiology,OR,7,2010,4,77.45,0.1577,39.31,1.135,0.153,5549,Generated based on literature patterns,1.75,792.7142857142857,8.621373010325902,2.6457513110645907,high
Synthetic_02643,generated,endocrinology,RR,20,2012,3,1.12,0.0085,25.03,1.452,0.088,1437,Generated based on literature patterns,6.666666666666667,71.85,7.270312886079025,4.47213595499958,low
Synthetic_02644,generated,immunology,RR,10,2014,3,3.99,0.0065,10.42,1.707,0.357,673,Generated based on literature patterns,3.3333333333333335,67.3,6.511745329644728,3.1622776601683795,low
Synthetic_02645,generated,cardiology,MD,19,2002,8,85.29,0.7087,103.39,-0.818,0.069,13729,Generated based on literature patterns,2.375,722.578947368421,9.527265662897605,4.358898943540674,high
Synthetic_02646,generated,cardiology,OR,14,2019,16,68.44,0.5208,53.51,1.001,0.209,1219,Generated based on literature patterns,0.875,87.07142857142857,7.105786129481271,3.7416573867739413,substantial
Synthetic_02647,generated,dermatology,OR,15,2012,5,0.02,0.0158,8.3,1.07,0.065,7729,Generated based on literature patterns,3.0,515.2666666666667,8.952734767106872,3.872983346207417,low
Synthetic_02648,generated,rheumatology,OR,31,2003,9,68.99,0.0964,92.34,0.814,0.048,7264,Generated based on literature patterns,3.4444444444444446,234.32258064516128,8.890685920281129,5.5677643628300215,substantial
Synthetic_02649,generated,rheumatology,MD,15,2011,5,38.22,0.4859,23.55,-0.129,0.174,852,Generated based on literature patterns,3.0,56.8,6.747586526829315,3.872983346207417,moderate
Synthetic_02650,generated,infectious_disease,MD,13,2017,14,44.57,0.5356,16.43,-0.197,0.108,3016,Generated based on literature patterns,0.9285714285714286,232.0,8.011686729127847,3.605551275463989,moderate
Synthetic_02651,generated,dermatology,MD,6,2014,4,38.06,0.2655,14.73,-1.694,0.097,1090,Generated based on literature patterns,1.5,181.66666666666666,6.993932975223189,2.449489742783178,moderate
Synthetic_02652,generated,urology,COR,12,2022,18,56.36,0.6168,36.35,0.155,0.176,2000,Generated based on literature patterns,0.6666666666666666,166.66666666666666,7.600902459542082,3.4641016151377544,substantial
Synthetic_02653,generated,endocrinology,RR,5,2007,3,1.51,0.0077,1.62,0.61,0.046,19072,Generated based on literature patterns,1.6666666666666667,3814.4,9.855976569865076,2.23606797749979,low
Synthetic_02654,generated,endocrinology,RR,11,2007,7,61.09,0.1189,25.5,1.007,0.232,1849,Generated based on literature patterns,1.5714285714285714,168.0909090909091,7.522400231387125,3.3166247903554,substantial
Synthetic_02655,generated,infectious_disease,HR,7,2000,5,3.03,0.0403,13.21,0.832,0.035,7603,Generated based on literature patterns,1.4,1086.142857142857,8.936298185228436,2.6457513110645907,low
Synthetic_02656,generated,oncology,SMD,5,2016,12,56.05,0.113,13.87,-0.563,0.043,22019,Generated based on literature patterns,0.4166666666666667,4403.8,9.999660995984785,2.23606797749979,substantial
Synthetic_02657,generated,nephrology,OR,20,2005,6,79.79,0.1954,82.4,0.646,0.75,207,Generated based on literature patterns,3.3333333333333335,10.35,5.332718793265369,4.47213595499958,high
Synthetic_02658,generated,rheumatology,COR,7,2018,19,2.8,0.0594,6.68,-0.24,0.082,9923,Generated based on literature patterns,0.3684210526315789,1417.5714285714287,9.202610573914242,2.6457513110645907,low
Synthetic_02659,generated,pulmonology,SMD,19,2003,14,87.54,0.6508,131.26,-0.66,0.471,226,Generated based on literature patterns,1.3571428571428572,11.894736842105264,5.420534999272286,4.358898943540674,high
Synthetic_02660,generated,endocrinology,HR,8,2008,6,3.32,0.0144,4.33,0.794,0.091,3752,Generated based on literature patterns,1.3333333333333333,469.0,8.230044310126114,2.8284271247461903,low
Synthetic_02661,generated,rheumatology,MD,7,2020,8,59.13,1.5346,29.19,-2.074,0.182,1485,Generated based on literature patterns,0.875,212.14285714285714,7.3031700512368,2.6457513110645907,substantial
Synthetic_02662,generated,pulmonology,SMD,32,2013,12,40.6,0.2596,50.79,-0.681,0.225,393,Generated based on literature patterns,2.6666666666666665,12.28125,5.973809611869261,5.656854249492381,moderate
Synthetic_02663,generated,immunology,RR,8,2012,12,59.05,0.1528,28.88,0.621,0.547,396,Generated based on literature patterns,0.6666666666666666,49.5,5.981414211254481,2.8284271247461903,substantial
Synthetic_02664,generated,dermatology,COR,11,2005,6,59.4,0.6717,19.07,0.708,0.2,3640,Generated based on literature patterns,1.8333333333333333,330.90909090909093,8.199738960630786,3.3166247903554,substantial
Synthetic_02665,generated,pulmonology,SMD,25,2016,6,35.79,0.057,42.87,0.236,0.069,9623,Generated based on literature patterns,4.166666666666667,384.92,9.171911345356401,5.0,moderate
Synthetic_02666,generated,pulmonology,RR,18,2014,30,84.3,0.2283,117.74,1.352,0.696,412,Generated based on literature patterns,0.6,22.88888888888889,6.021023349349527,4.242640687119285,high
Synthetic_02667,generated,nephrology,HR,21,2010,5,4.67,0.0201,23.38,1.91,0.209,512,Generated based on literature patterns,4.2,24.38095238095238,6.238324625039508,4.58257569495584,low
Synthetic_02668,generated,urology,HR,5,2003,7,54.6,0.0941,19.8,1.954,0.178,1953,Generated based on literature patterns,0.7142857142857143,390.6,7.577121930876679,2.23606797749979,substantial
Synthetic_02669,generated,pulmonology,OR,10,2015,3,39.82,0.0622,13.18,0.735,0.128,5256,Generated based on literature patterns,3.3333333333333335,525.6,8.567125560164447,3.1622776601683795,moderate
Synthetic_02670,generated,gastroenterology,HR,9,2017,4,38.46,0.2073,19.87,1.7,0.092,14046,Generated based on literature patterns,2.25,1560.6666666666667,9.550092936718967,3.0,moderate
Synthetic_02671,generated,psychiatry,COR,14,2010,6,30.12,0.5284,10.7,0.636,0.146,1366,Generated based on literature patterns,2.3333333333333335,97.57142857142857,7.2196420401307355,3.7416573867739413,moderate
Synthetic_02672,generated,cardiology,HR,9,2016,6,59.58,0.185,15.81,0.637,0.127,5078,Generated based on literature patterns,1.5,564.2222222222222,8.532672762264625,3.0,substantial
Synthetic_02673,generated,infectious_disease,HR,15,2017,5,55.69,0.0649,38.89,0.632,0.131,5625,Generated based on literature patterns,3.0,375.0,8.63497622707262,3.872983346207417,substantial
Synthetic_02674,generated,rheumatology,SMD,7,2023,3,6.96,0.034,7.57,0.334,0.091,780,Generated based on literature patterns,2.3333333333333335,111.42857142857143,6.659293919683638,2.6457513110645907,low
Synthetic_02675,generated,oncology,RR,18,2001,3,47.68,0.1518,24.45,0.719,0.166,703,Generated based on literature patterns,6.0,39.05555555555556,6.555356891810665,4.242640687119285,moderate
Synthetic_02676,generated,nephrology,SMD,20,2008,6,70.69,1.0543,98.58,-0.154,0.237,1524,Generated based on literature patterns,3.3333333333333335,76.2,7.329093736246592,4.47213595499958,substantial
Synthetic_02677,generated,immunology,MD,13,2005,18,28.07,0.3243,11.68,-2.319,0.095,1476,Generated based on literature patterns,0.7222222222222222,113.53846153846153,7.297091005160418,3.605551275463989,moderate
Synthetic_02678,generated,cardiology,MD,6,2009,7,37.62,0.1688,7.58,-1.27,0.064,15090,Generated based on literature patterns,0.8571428571428571,2515.0,9.621787551761894,2.449489742783178,moderate
Synthetic_02679,generated,nephrology,HR,15,2002,8,60.6,0.2058,39.17,0.623,0.422,184,Generated based on literature patterns,1.875,12.266666666666667,5.214935757608986,3.872983346207417,substantial
Synthetic_02680,generated,oncology,SMD,5,2011,7,47.77,0.2725,5.9,-0.413,0.354,760,Generated based on literature patterns,0.7142857142857143,152.0,6.633318433280377,2.23606797749979,moderate
Synthetic_02681,generated,urology,MD,11,2016,8,54.71,0.6627,15.22,-1.229,0.154,1965,Generated based on literature patterns,1.375,178.63636363636363,7.583247524303362,3.3166247903554,substantial
Synthetic_02682,generated,pulmonology,HR,9,2012,3,3.93,0.0246,10.07,1.002,0.219,486,Generated based on literature patterns,3.0,54.0,6.186208623900494,3.0,low
Synthetic_02683,generated,immunology,SMD,7,2020,3,79.5,0.2653,40.6,-0.054,0.055,14834,Generated based on literature patterns,2.3333333333333335,2119.1428571428573,9.604677122296504,2.6457513110645907,high
Synthetic_02684,generated,urology,MD,10,2008,9,11.26,0.2906,10.05,2.755,0.091,2003,Generated based on literature patterns,1.1111111111111112,200.3,7.602401335665818,3.1622776601683795,low
Synthetic_02685,generated,endocrinology,OR,15,2014,5,30.82,0.0729,20.9,1.326,0.207,530,Generated based on literature patterns,3.0,35.333333333333336,6.272877006546167,3.872983346207417,moderate
Synthetic_02686,generated,dermatology,MD,5,2008,6,27.44,0.4219,9.09,0.378,0.127,636,Generated based on literature patterns,0.8333333333333334,127.2,6.455198563340122,2.23606797749979,moderate
Synthetic_02687,generated,cardiology,RR,5,2023,13,87.33,0.1919,42.18,1.104,0.126,3264,Generated based on literature patterns,0.38461538461538464,652.8,8.090708716083997,2.23606797749979,high
Synthetic_02688,generated,pulmonology,COR,9,2005,6,68.87,1.1088,30.48,-0.208,0.221,467,Generated based on literature patterns,1.5,51.888888888888886,6.1463292576688975,3.0,substantial
Synthetic_02689,generated,pulmonology,COR,8,2011,3,79.76,1.464,29.58,0.418,0.351,255,Generated based on literature patterns,2.6666666666666665,31.875,5.541263545158426,2.8284271247461903,high
Synthetic_02690,generated,dermatology,COR,8,2015,4,5.71,0.1346,4.26,0.299,0.043,13154,Generated based on literature patterns,2.0,1644.25,9.484481173861296,2.8284271247461903,low
Synthetic_02691,generated,urology,RR,42,2007,4,34.02,0.0519,68.32,1.088,0.36,100,Generated based on literature patterns,10.5,2.380952380952381,4.605170185988092,6.48074069840786,moderate
Synthetic_02692,generated,psychiatry,OR,10,2015,7,66.14,0.2711,28.3,0.612,0.153,2516,Generated based on literature patterns,1.4285714285714286,251.6,7.830425617820331,3.1622776601683795,substantial
Synthetic_02693,generated,endocrinology,SMD,27,2004,4,58.94,0.2877,68.78,-0.323,0.258,1606,Generated based on literature patterns,6.75,59.48148148148148,7.381501894506707,5.196152422706632,substantial
Synthetic_02694,generated,gastroenterology,HR,14,2016,6,56.62,0.1399,22.95,0.783,0.304,923,Generated based on literature patterns,2.3333333333333335,65.92857142857143,6.827629234502852,3.7416573867739413,substantial
Synthetic_02695,generated,psychiatry,COR,12,2027,7,29.94,0.2686,13.87,0.168,0.138,2397,Generated based on literature patterns,1.7142857142857142,199.75,7.781973234434385,3.4641016151377544,moderate
Synthetic_02696,generated,immunology,HR,16,2016,3,6.24,0.0277,14.64,1.191,0.099,3487,Generated based on literature patterns,5.333333333333333,217.9375,8.156797046675651,4.0,low
Synthetic_02697,generated,urology,MD,7,2011,3,92.8,1.4249,87.94,1.471,0.235,1250,Generated based on literature patterns,2.3333333333333335,178.57142857142858,7.1308988302963465,2.6457513110645907,high
Synthetic_02698,generated,oncology,SMD,9,2022,5,79.67,0.8777,52.73,0.158,0.601,139,Generated based on literature patterns,1.8,15.444444444444445,4.9344739331306915,3.0,high
Synthetic_02699,generated,psychiatry,HR,12,2012,14,80.47,0.205,44.66,0.898,0.22,3551,Generated based on literature patterns,0.8571428571428571,295.9166666666667,8.174984532943087,3.4641016151377544,high
Synthetic_02700,generated,dermatology,MD,18,2016,4,5.03,0.1914,11.3,-2.08,0.519,307,Generated based on literature patterns,4.5,17.055555555555557,5.726847747587197,4.242640687119285,low
Synthetic_02701,generated,dermatology,OR,14,2012,6,35.92,0.0601,18.26,1.437,0.476,202,Generated based on literature patterns,2.3333333333333335,14.428571428571429,5.308267697401205,3.7416573867739413,moderate
Synthetic_02702,generated,urology,MD,12,2013,3,38.96,0.9538,13.29,0.77,0.085,6618,Generated based on literature patterns,4.0,551.5,8.797548488481558,3.4641016151377544,moderate
Synthetic_02703,generated,cardiology,COR,10,2019,3,31.09,0.2945,12.91,0.266,0.285,484,Generated based on literature patterns,3.3333333333333335,48.4,6.182084906716632,3.1622776601683795,moderate
Synthetic_02704,generated,immunology,RR,13,2015,5,35.1,0.0471,14.71,0.582,0.08,6574,Generated based on literature patterns,2.6,505.6923076923077,8.790877754224164,3.605551275463989,moderate
Synthetic_02705,generated,cardiology,COR,17,2013,7,39.2,0.3942,21.84,0.206,0.04,12902,Generated based on literature patterns,2.4285714285714284,758.9411764705883,9.465137617092187,4.123105625617661,moderate
Synthetic_02706,generated,ophthalmology,MD,11,2014,3,46.93,0.7637,21.11,-2.863,0.212,459,Generated based on literature patterns,3.6666666666666665,41.72727272727273,6.129050210060545,3.3166247903554,moderate
Synthetic_02707,generated,endocrinology,RR,15,2011,5,56.26,0.3029,34.92,0.802,0.602,187,Generated based on literature patterns,3.0,12.466666666666667,5.231108616854587,3.872983346207417,substantial
Synthetic_02708,generated,cardiology,RR,5,2015,6,38.14,0.0866,7.57,0.839,0.094,1891,Generated based on literature patterns,0.8333333333333334,378.2,7.544861068658458,2.23606797749979,moderate
Synthetic_02709,generated,urology,SMD,5,2014,4,55.65,0.2716,4.7,0.822,0.382,666,Generated based on literature patterns,1.25,133.2,6.501289670540389,2.23606797749979,substantial
Synthetic_02710,generated,nephrology,SMD,31,2008,13,5.09,0.0251,24.04,0.006,0.051,10182,Generated based on literature patterns,2.3846153846153846,328.4516129032258,9.228376734462282,5.5677643628300215,low
Synthetic_02711,generated,infectious_disease,SMD,5,2001,9,5.97,0.0945,5.62,0.046,0.044,13872,Generated based on literature patterns,0.5555555555555556,2774.4,9.537627699020323,2.23606797749979,low
Synthetic_02712,generated,nephrology,COR,39,2003,3,27.66,0.1922,35.45,0.355,0.228,347,Generated based on literature patterns,13.0,8.897435897435898,5.849324779946859,6.244997998398398,moderate
Synthetic_02713,generated,psychiatry,HR,19,2012,19,58.81,0.2196,36.19,1.274,0.223,786,Generated based on literature patterns,1.0,41.36842105263158,6.666956792429207,4.358898943540674,substantial
Synthetic_02714,generated,dermatology,SMD,6,1995,8,39.21,0.1362,15.48,0.101,0.271,684,Generated based on literature patterns,0.75,114.0,6.52795791762255,2.449489742783178,moderate
Synthetic_02715,generated,urology,RR,23,2017,9,81.47,0.1304,140.2,0.854,0.313,1669,Generated based on literature patterns,2.5555555555555554,72.56521739130434,7.419979923661835,4.795831523312719,high
Synthetic_02716,generated,endocrinology,SMD,14,2008,4,61.51,0.6118,31.45,-0.373,0.133,3019,Generated based on literature patterns,3.5,215.64285714285714,8.012680929706839,3.7416573867739413,substantial
Synthetic_02717,generated,urology,SMD,16,2022,3,82.98,0.3287,76.02,0.997,0.571,151,Generated based on literature patterns,5.333333333333333,9.4375,5.017279836814924,4.0,high
Synthetic_02718,generated,pulmonology,MD,25,2016,4,35.68,1.3232,24.75,1.306,0.464,157,Generated based on literature patterns,6.25,6.28,5.056245805348308,5.0,moderate
Synthetic_02719,generated,endocrinology,SMD,17,2006,3,6.89,0.0472,19.84,-0.15,0.036,14743,Generated based on literature patterns,5.666666666666667,867.2352941176471,9.59852367284982,4.123105625617661,low
Synthetic_02720,generated,cardiology,SMD,18,2007,8,44.15,0.355,40.85,-0.617,0.296,203,Generated based on literature patterns,2.25,11.277777777777779,5.313205979041787,4.242640687119285,moderate
Synthetic_02721,generated,endocrinology,MD,13,1997,5,29.28,0.3417,24.49,2.096,0.053,7252,Generated based on literature patterns,2.6,557.8461538461538,8.889032571874742,3.605551275463989,moderate
Synthetic_02722,generated,endocrinology,MD,5,2012,5,52.94,0.7746,13.73,-4.784,0.107,2989,Generated based on literature patterns,1.0,597.8,8.002694162283937,2.23606797749979,substantial
Synthetic_02723,generated,oncology,SMD,6,2014,9,88.65,0.2387,61.58,0.104,0.293,1683,Generated based on literature patterns,0.6666666666666666,280.5,7.428333194190806,2.449489742783178,high
Synthetic_02724,generated,nephrology,RR,10,2010,28,9.86,0.0426,17.59,0.55,0.135,639,Generated based on literature patterns,0.35714285714285715,63.9,6.459904454377535,3.1622776601683795,low
Synthetic_02725,generated,rheumatology,COR,17,2004,5,48.9,0.5956,42.74,-0.499,0.074,10404,Generated based on literature patterns,3.4,612.0,9.249945626568541,4.123105625617661,moderate
Synthetic_02726,generated,urology,RR,11,2009,8,64.21,0.1414,24.98,0.551,0.358,865,Generated based on literature patterns,1.375,78.63636363636364,6.762729506931879,3.3166247903554,substantial
Synthetic_02727,generated,neurology,HR,7,2015,12,87.88,0.2239,49.09,1.028,0.211,1796,Generated based on literature patterns,0.5833333333333334,256.57142857142856,7.493317248862145,2.6457513110645907,high
Synthetic_02728,generated,pulmonology,HR,29,2017,7,62.76,0.2828,56.53,0.872,0.112,7496,Generated based on literature patterns,4.142857142857143,258.48275862068965,8.922124823918258,5.385164807134504,substantial
Synthetic_02729,generated,cardiology,OR,10,2012,14,4.28,0.0373,7.23,0.511,0.038,15599,Generated based on literature patterns,0.7142857142857143,1559.9,9.654962088618868,3.1622776601683795,low
Synthetic_02730,generated,oncology,SMD,26,2008,30,71.73,0.1598,81.75,0.408,0.091,6026,Generated based on literature patterns,0.8666666666666667,231.76923076923077,8.703838719690246,5.0990195135927845,substantial
Synthetic_02731,generated,immunology,COR,28,2000,4,39.1,1.2468,53.88,0.199,0.261,674,Generated based on literature patterns,7.0,24.071428571428573,6.513230110912307,5.291502622129181,moderate
Synthetic_02732,generated,gastroenterology,OR,6,2004,5,59.23,0.3454,12.16,1.506,0.436,253,Generated based on literature patterns,1.2,42.166666666666664,5.53338948872752,2.449489742783178,substantial
Synthetic_02733,generated,endocrinology,MD,9,1999,4,59.43,0.6965,17.24,3.868,0.371,401,Generated based on literature patterns,2.25,44.55555555555556,5.993961427306569,3.0,substantial
Synthetic_02734,generated,dermatology,SMD,13,2001,7,1.21,0.0202,19.69,-0.518,0.042,4801,Generated based on literature patterns,1.8571428571428572,369.3076923076923,8.476579508530941,3.605551275463989,low
Synthetic_02735,generated,cardiology,HR,22,2012,15,27.17,0.0383,42.23,0.902,0.146,2952,Generated based on literature patterns,1.4666666666666666,134.1818181818182,7.990238185720363,4.69041575982343,moderate
Synthetic_02736,generated,nephrology,RR,11,2014,7,80.91,0.1502,49.26,0.778,0.238,377,Generated based on literature patterns,1.5714285714285714,34.27272727272727,5.932245187448011,3.3166247903554,high
Synthetic_02737,generated,dermatology,SMD,5,2017,19,4.11,0.044,3.49,-1.271,0.057,3782,Generated based on literature patterns,0.2631578947368421,756.4,8.238008249218403,2.23606797749979,low
Synthetic_02738,generated,rheumatology,OR,9,2021,3,87.42,0.2663,106.91,0.866,0.689,269,Generated based on literature patterns,3.0,29.88888888888889,5.594711379601839,3.0,high
Synthetic_02739,generated,endocrinology,COR,8,2018,4,37.65,0.2953,7.79,-0.337,0.296,560,Generated based on literature patterns,2.0,70.0,6.327936783729195,2.8284271247461903,moderate
Synthetic_02740,generated,urology,MD,25,2012,5,76.06,3.2706,115.05,4.039,0.087,8502,Generated based on literature patterns,5.0,340.08,9.048056708918736,5.0,high
Synthetic_02741,generated,neurology,HR,6,2018,16,81.72,0.1365,31.98,0.902,0.257,710,Generated based on literature patterns,0.375,118.33333333333333,6.565264970035361,2.449489742783178,high
Synthetic_02742,generated,oncology,HR,31,2018,3,4.99,0.0142,25.32,1.301,0.025,23017,Generated based on literature patterns,10.333333333333334,742.483870967742,10.043988352323694,5.5677643628300215,low
Synthetic_02743,generated,immunology,MD,18,2018,13,36.68,1.4359,27.95,1.655,0.194,2584,Generated based on literature patterns,1.3846153846153846,143.55555555555554,7.857093864902493,4.242640687119285,moderate
Synthetic_02744,generated,dermatology,SMD,9,2006,3,68.71,1.2325,29.07,0.444,0.06,7532,Generated based on literature patterns,3.0,836.8888888888889,8.926915889777042,3.0,substantial
Synthetic_02745,generated,neurology,SMD,5,2010,18,33.68,0.0904,9.65,-0.003,0.24,757,Generated based on literature patterns,0.2777777777777778,151.4,6.6293632534374485,2.23606797749979,moderate
Synthetic_02746,generated,neurology,MD,8,2017,6,44.66,0.4381,14.95,0.731,0.2,2362,Generated based on literature patterns,1.3333333333333333,295.25,7.767263996757308,2.8284271247461903,moderate
Synthetic_02747,generated,psychiatry,MD,11,2012,5,28.65,0.3219,5.07,-2.54,0.091,3645,Generated based on literature patterns,2.2,331.3636363636364,8.201111644442758,3.3166247903554,moderate
Synthetic_02748,generated,gastroenterology,RR,41,2017,6,43.29,0.1837,80.52,0.961,0.086,5527,Generated based on literature patterns,6.833333333333333,134.8048780487805,8.617400451833262,6.4031242374328485,moderate
Synthetic_02749,generated,ophthalmology,RR,30,2014,9,55.96,0.0931,73.02,1.026,0.119,3022,Generated based on literature patterns,3.3333333333333335,100.73333333333333,8.013674142832684,5.477225575051661,substantial
Synthetic_02750,generated,psychiatry,OR,28,2005,14,45.07,0.1301,52.95,0.748,0.09,3594,Generated based on literature patterns,2.0,128.35714285714286,8.187021067343505,5.291502622129181,moderate
Synthetic_02751,generated,cardiology,HR,20,2005,7,57.33,0.2457,54.03,0.58,0.495,115,Generated based on literature patterns,2.857142857142857,5.75,4.74493212836325,4.47213595499958,substantial
Synthetic_02752,generated,cardiology,OR,30,2017,7,71.8,0.1293,104.5,0.565,0.152,8220,Generated based on literature patterns,4.285714285714286,274.0,9.014325488050225,5.477225575051661,substantial
Synthetic_02753,generated,infectious_disease,OR,5,2018,4,46.04,0.1857,5.57,0.672,0.119,1180,Generated based on literature patterns,1.25,236.0,7.07326971745971,2.23606797749979,moderate
Synthetic_02754,generated,cardiology,MD,9,2009,12,9.99,0.119,14.33,0.151,0.177,1396,Generated based on literature patterns,0.75,155.11111111111111,7.241366283322318,3.0,low
Synthetic_02755,generated,nephrology,MD,15,2005,4,59.67,0.5917,38.17,-0.713,0.13,5461,Generated based on literature patterns,3.75,364.06666666666666,8.605387202152153,3.872983346207417,substantial
Synthetic_02756,generated,urology,RR,5,2014,13,65.97,0.2355,13.14,0.787,0.289,855,Generated based on literature patterns,0.38461538461538464,171.0,6.75110146893676,2.23606797749979,substantial
Synthetic_02757,generated,gastroenterology,OR,6,2010,3,11.32,0.026,2.32,1.624,0.167,1900,Generated based on literature patterns,2.0,316.6666666666667,7.549609165154532,2.449489742783178,low
Synthetic_02758,generated,immunology,RR,15,2011,30,72.13,0.3726,36.74,0.808,0.33,3700,Generated based on literature patterns,0.5,246.66666666666666,8.216088098632316,3.872983346207417,substantial
Synthetic_02759,generated,dermatology,SMD,15,2017,28,46.42,0.1774,28.14,-0.043,0.14,3051,Generated based on literature patterns,0.5357142857142857,203.4,8.02322468471667,3.872983346207417,moderate
Synthetic_02760,generated,infectious_disease,OR,5,2011,3,40.57,0.1079,5.34,0.796,0.058,10739,Generated based on literature patterns,1.6666666666666667,2147.8,9.281637253858216,2.23606797749979,moderate
Synthetic_02761,generated,nephrology,MD,6,2011,9,56.3,0.3134,16.15,1.178,0.818,110,Generated based on literature patterns,0.6666666666666666,18.333333333333332,4.700480365792417,2.449489742783178,substantial
Synthetic_02762,generated,cardiology,RR,18,2009,23,79.99,0.1881,76.47,1.403,0.257,1896,Generated based on literature patterns,0.782608695652174,105.33333333333333,7.547501682814967,4.242640687119285,high
Synthetic_02763,generated,rheumatology,OR,18,2013,14,1.21,0.0133,8.44,0.47,0.015,59753,Generated based on literature patterns,1.2857142857142858,3319.6111111111113,10.997974677738338,4.242640687119285,low
Synthetic_02764,generated,ophthalmology,SMD,14,2010,30,53.22,0.1107,46.77,-0.456,0.081,14340,Generated based on literature patterns,0.4666666666666667,1024.2857142857142,9.57080811415361,3.7416573867739413,substantial
Synthetic_02765,generated,pulmonology,COR,10,2014,5,3.4,0.2027,4.8,0.01,0.154,1714,Generated based on literature patterns,2.0,171.4,7.446585099157725,3.1622776601683795,low
Synthetic_02766,generated,nephrology,RR,9,2012,11,84.63,0.1427,64.05,0.394,0.256,1330,Generated based on literature patterns,0.8181818181818182,147.77777777777777,7.1929342212158,3.0,high
Synthetic_02767,generated,immunology,HR,13,2023,3,4.07,0.0321,12.27,0.805,0.053,7870,Generated based on literature patterns,4.333333333333333,605.3846153846154,8.970813341411448,3.605551275463989,low
Synthetic_02768,generated,rheumatology,COR,7,2012,10,84.38,2.4928,52.93,-0.668,0.743,100,Generated based on literature patterns,0.7,14.285714285714286,4.605170185988092,2.6457513110645907,high
Synthetic_02769,generated,infectious_disease,RR,10,2013,3,29.58,0.0405,15.63,0.664,0.32,1064,Generated based on literature patterns,3.3333333333333335,106.4,6.96979066990159,3.1622776601683795,moderate
Synthetic_02770,generated,urology,OR,25,2012,14,8.57,0.0304,40.03,0.581,0.167,1405,Generated based on literature patterns,1.7857142857142858,56.2,7.247792581767846,5.0,low
Synthetic_02771,generated,psychiatry,HR,13,2006,7,68.57,0.1416,35.07,1.256,0.247,538,Generated based on literature patterns,1.8571428571428572,41.38461538461539,6.2878585601617845,3.605551275463989,substantial
Synthetic_02772,generated,psychiatry,MD,41,2023,7,5.01,0.0597,58.3,2.819,0.082,8865,Generated based on literature patterns,5.857142857142857,216.21951219512195,9.089866218508309,6.4031242374328485,low
Synthetic_02773,generated,neurology,RR,10,2012,3,69.73,0.1948,36.99,0.893,0.574,251,Generated based on literature patterns,3.3333333333333335,25.1,5.5254529391317835,3.1622776601683795,substantial
Synthetic_02774,generated,psychiatry,RR,24,2017,5,45.83,0.5913,36.35,0.98,0.211,4444,Generated based on literature patterns,4.8,185.16666666666666,8.39931015075952,4.898979485566356,moderate
Synthetic_02775,generated,urology,COR,12,2010,9,6.34,0.1799,11.52,0.639,0.097,2110,Generated based on literature patterns,1.3333333333333333,175.83333333333334,7.6544432264701125,3.4641016151377544,low
Synthetic_02776,generated,urology,HR,19,2003,9,7.3,0.0447,17.55,1.015,0.394,277,Generated based on literature patterns,2.111111111111111,14.578947368421053,5.6240175061873385,4.358898943540674,low
Synthetic_02777,generated,gastroenterology,MD,16,2015,5,45.7,1.9952,24.71,-0.433,0.207,977,Generated based on literature patterns,3.2,61.0625,6.884486652042782,4.0,moderate
Synthetic_02778,generated,pulmonology,MD,15,2015,7,31.51,0.4176,17.94,0.319,0.326,286,Generated based on literature patterns,2.142857142857143,19.066666666666666,5.655991810819852,3.872983346207417,moderate
Synthetic_02779,generated,ophthalmology,MD,6,2003,30,4.19,0.0874,4.19,-4.961,0.037,12785,Generated based on literature patterns,0.2,2130.8333333333335,9.456027887725288,2.449489742783178,low
Synthetic_02780,generated,psychiatry,OR,29,2002,4,94.0,0.2902,537.4,0.861,0.556,505,Generated based on literature patterns,7.25,17.413793103448278,6.22455842927536,5.385164807134504,high
Synthetic_02781,generated,infectious_disease,COR,5,2017,18,34.84,0.6796,3.0,-0.354,0.115,7799,Generated based on literature patterns,0.2777777777777778,1559.8,8.961750799330497,2.23606797749979,moderate
Synthetic_02782,generated,endocrinology,SMD,13,2017,14,5.59,0.0219,9.1,-0.128,0.123,2247,Generated based on literature patterns,0.9285714285714286,172.84615384615384,7.717351272185329,3.605551275463989,low
Synthetic_02783,generated,oncology,COR,24,2015,7,61.2,1.1765,53.73,0.31,0.343,1365,Generated based on literature patterns,3.4285714285714284,56.875,7.21890970761906,4.898979485566356,substantial
Synthetic_02784,generated,immunology,SMD,15,2009,6,82.77,0.308,102.72,-0.351,0.204,1643,Generated based on literature patterns,2.5,109.53333333333333,7.404279118037268,3.872983346207417,high
Synthetic_02785,generated,psychiatry,OR,7,2014,4,2.62,0.0279,6.21,1.132,0.119,1433,Generated based on literature patterns,1.75,204.71428571428572,7.267525427828172,2.6457513110645907,low
Synthetic_02786,generated,rheumatology,COR,31,2016,9,56.2,0.8617,61.3,0.142,0.05,8204,Generated based on literature patterns,3.4444444444444446,264.64516129032256,9.012377119192271,5.5677643628300215,substantial
Synthetic_02787,generated,oncology,COR,8,2017,18,79.61,1.7663,44.82,0.532,0.126,5157,Generated based on literature patterns,0.4444444444444444,644.625,8.548110294050959,2.8284271247461903,high
Synthetic_02788,generated,urology,SMD,12,2024,6,63.1,0.7463,32.08,-1.454,0.139,2930,Generated based on literature patterns,2.0,244.16666666666666,7.982757702011113,3.4641016151377544,substantial
Synthetic_02789,generated,rheumatology,OR,11,2017,3,2.5,0.0293,8.88,0.611,0.053,9448,Generated based on literature patterns,3.6666666666666665,858.9090909090909,9.153558357877198,3.3166247903554,low
Synthetic_02790,generated,rheumatology,SMD,10,2004,6,38.47,0.1999,14.53,-0.532,0.103,822,Generated based on literature patterns,1.6666666666666667,82.2,6.71174039505618,3.1622776601683795,moderate
Synthetic_02791,generated,cardiology,HR,10,2009,8,9.55,0.0238,9.71,0.645,0.079,3081,Generated based on literature patterns,1.25,308.1,8.033009498596668,3.1622776601683795,low
Synthetic_02792,generated,pulmonology,RR,20,1996,9,69.5,0.2952,74.31,0.803,0.234,1831,Generated based on literature patterns,2.2222222222222223,91.55,7.5126175446745105,4.47213595499958,substantial
Synthetic_02793,generated,neurology,HR,7,2019,9,3.88,0.013,5.44,0.939,0.119,1436,Generated based on literature patterns,0.7777777777777778,205.14285714285714,7.269616749608169,2.6457513110645907,low
Synthetic_02794,generated,psychiatry,COR,18,2012,3,60.05,1.0955,61.8,0.391,0.095,5934,Generated based on literature patterns,6.0,329.6666666666667,8.688453800850768,4.242640687119285,substantial
Synthetic_02795,generated,immunology,SMD,51,2000,3,26.49,0.1221,72.3,0.214,0.019,30280,Generated based on literature patterns,17.0,593.7254901960785,10.318242707551384,7.14142842854285,moderate
Synthetic_02796,generated,ophthalmology,COR,30,2011,11,4.14,0.1182,32.86,-0.316,0.088,1276,Generated based on literature patterns,2.727272727272727,42.53333333333333,7.151485463904735,5.477225575051661,low
Synthetic_02797,generated,immunology,RR,5,2021,18,81.62,0.2654,35.12,1.139,0.574,455,Generated based on literature patterns,0.2777777777777778,91.0,6.12029741895095,2.23606797749979,high
Synthetic_02798,generated,gastroenterology,OR,10,2009,6,86.71,0.2256,71.4,1.709,0.177,1529,Generated based on literature patterns,1.6666666666666667,152.9,7.332369205929062,3.1622776601683795,high
Synthetic_02799,generated,psychiatry,HR,5,2009,9,60.01,0.123,11.21,1.461,0.492,698,Generated based on literature patterns,0.5555555555555556,139.6,6.548219102762372,2.23606797749979,substantial
Synthetic_02800,generated,nephrology,HR,28,2018,15,78.51,0.1657,105.81,0.7,0.219,1246,Generated based on literature patterns,1.8666666666666667,44.5,7.1276936993473985,5.291502622129181,high
Synthetic_02801,generated,rheumatology,COR,34,2008,3,64.19,0.784,100.61,-0.174,0.253,882,Generated based on literature patterns,11.333333333333334,25.941176470588236,6.782192056006791,5.830951894845301,substantial
Synthetic_02802,generated,urology,RR,17,2012,11,33.69,0.1188,26.34,0.679,0.186,1654,Generated based on literature patterns,1.5454545454545454,97.29411764705883,7.4109518755836366,4.123105625617661,moderate
Synthetic_02803,generated,ophthalmology,MD,7,2011,8,55.91,1.5532,19.68,-0.497,0.137,1640,Generated based on literature patterns,0.875,234.28571428571428,7.402451520818244,2.6457513110645907,substantial
Synthetic_02804,generated,urology,SMD,11,2017,8,3.92,0.0317,22.42,0.15,0.406,256,Generated based on literature patterns,1.375,23.272727272727273,5.545177444479562,3.3166247903554,low
Synthetic_02805,generated,infectious_disease,MD,27,2005,11,68.12,1.0122,97.21,-0.623,0.035,23383,Generated based on literature patterns,2.4545454545454546,866.0370370370371,10.059764541593394,5.196152422706632,substantial
Synthetic_02806,generated,ophthalmology,SMD,28,2012,8,69.31,0.1358,69.73,-0.42,0.556,409,Generated based on literature patterns,3.5,14.607142857142858,6.013715156042802,5.291502622129181,substantial
Synthetic_02807,generated,neurology,MD,5,2020,11,80.13,0.929,18.66,1.684,0.291,887,Generated based on literature patterns,0.45454545454545453,177.4,6.787844982309579,2.23606797749979,high
Synthetic_02808,generated,endocrinology,RR,15,2009,17,70.11,0.1831,55.24,1.196,0.474,589,Generated based on literature patterns,0.8823529411764706,39.266666666666666,6.3784261836515865,3.872983346207417,substantial
Synthetic_02809,generated,nephrology,COR,11,2010,5,62.41,0.4894,19.52,-0.201,0.844,273,Generated based on literature patterns,2.2,24.818181818181817,5.60947179518496,3.3166247903554,substantial
Synthetic_02810,generated,infectious_disease,OR,6,2017,6,64.56,0.1241,25.16,1.261,0.015,253687,Generated based on literature patterns,1.0,42281.166666666664,12.443856502650512,2.449489742783178,substantial
Synthetic_02811,generated,psychiatry,COR,21,2007,16,80.28,1.0009,96.87,-0.15,0.232,1768,Generated based on literature patterns,1.3125,84.19047619047619,7.477604243197589,4.58257569495584,high
Synthetic_02812,generated,gastroenterology,HR,6,2011,17,67.7,0.423,17.74,1.142,0.243,902,Generated based on literature patterns,0.35294117647058826,150.33333333333334,6.804614520062624,2.449489742783178,substantial
Synthetic_02813,generated,urology,RR,26,2017,4,66.91,0.223,70.93,1.081,0.176,2076,Generated based on literature patterns,6.5,79.84615384615384,7.638198244285779,5.0990195135927845,substantial
Synthetic_02814,generated,psychiatry,COR,17,2004,24,63.7,0.8255,25.0,-0.2,0.497,701,Generated based on literature patterns,0.7083333333333334,41.23529411764706,6.55250788703459,4.123105625617661,substantial
Synthetic_02815,generated,dermatology,RR,8,2007,6,0.58,0.008,14.39,1.113,0.126,2995,Generated based on literature patterns,1.3333333333333333,374.375,8.00469951054955,2.8284271247461903,low
Synthetic_02816,generated,nephrology,RR,22,2015,8,1.82,0.0138,11.77,0.401,0.144,745,Generated based on literature patterns,2.75,33.86363636363637,6.61338421837956,4.69041575982343,low
Synthetic_02817,generated,neurology,RR,25,2013,3,82.03,0.2114,161.18,0.517,0.103,7889,Generated based on literature patterns,8.333333333333334,315.56,8.97322466309509,5.0,high
Synthetic_02818,generated,dermatology,HR,17,2009,6,35.13,0.1112,30.9,1.01,0.077,6899,Generated based on literature patterns,2.8333333333333335,405.8235294117647,8.839131752546109,4.123105625617661,moderate
Synthetic_02819,generated,psychiatry,COR,11,2011,4,84.6,0.8343,60.33,-0.172,0.088,13149,Generated based on literature patterns,2.75,1195.3636363636363,9.484100989086919,3.3166247903554,high
Synthetic_02820,generated,gastroenterology,MD,9,2019,7,33.43,0.5846,24.34,-2.315,0.203,597,Generated based on literature patterns,1.2857142857142858,66.33333333333333,6.391917113392602,3.0,moderate
Synthetic_02821,generated,endocrinology,COR,24,2021,6,65.12,0.7616,82.65,0.375,0.021,105423,Generated based on literature patterns,4.0,4392.625,11.565736107602467,4.898979485566356,substantial
Synthetic_02822,generated,neurology,MD,22,2011,4,7.39,0.0752,16.7,4.048,0.102,1528,Generated based on literature patterns,5.5,69.45454545454545,7.331714969726466,4.69041575982343,low
Synthetic_02823,generated,urology,OR,16,2014,6,51.61,0.1436,43.34,0.622,0.099,2081,Generated based on literature patterns,2.6666666666666665,130.0625,7.640603826393634,4.0,substantial
Synthetic_02824,generated,infectious_disease,RR,18,2007,3,46.32,0.102,40.79,1.489,0.333,868,Generated based on literature patterns,6.0,48.22222222222222,6.7661917146603505,4.242640687119285,moderate
Synthetic_02825,generated,immunology,RR,10,2007,5,44.02,0.1342,10.06,1.017,0.074,7743,Generated based on literature patterns,2.0,774.3,8.954544488386723,3.1622776601683795,moderate
Synthetic_02826,generated,nephrology,HR,26,2007,3,44.61,0.1223,44.15,1.445,0.303,453,Generated based on literature patterns,8.666666666666666,17.423076923076923,6.115892125483034,5.0990195135927845,moderate
Synthetic_02827,generated,infectious_disease,HR,51,2007,5,5.0,0.0113,56.3,1.924,0.17,322,Generated based on literature patterns,10.2,6.313725490196078,5.7745515455444085,7.14142842854285,low
Synthetic_02828,generated,urology,HR,11,2004,12,67.59,0.1561,35.55,0.51,0.081,5786,Generated based on literature patterns,0.9166666666666666,526.0,8.66319648553608,3.3166247903554,substantial
Synthetic_02829,generated,neurology,SMD,27,2013,11,9.71,0.0907,22.81,0.556,0.139,2172,Generated based on literature patterns,2.4545454545454546,80.44444444444444,7.683403681053826,5.196152422706632,low
Synthetic_02830,generated,rheumatology,COR,22,2013,3,35.83,1.8837,39.79,-0.371,0.128,3772,Generated based on literature patterns,7.333333333333333,171.45454545454547,8.235360643753348,4.69041575982343,moderate
Synthetic_02831,generated,dermatology,SMD,10,2014,8,80.05,0.2744,46.09,-0.498,0.903,100,Generated based on literature patterns,1.25,10.0,4.605170185988092,3.1622776601683795,high
Synthetic_02832,generated,psychiatry,COR,31,1998,3,65.9,0.4032,90.06,-0.125,0.119,1550,Generated based on literature patterns,10.333333333333334,50.0,7.346010209913293,5.5677643628300215,substantial
Synthetic_02833,generated,ophthalmology,MD,16,2000,21,63.33,0.969,49.02,-0.423,0.272,2463,Generated based on literature patterns,0.7619047619047619,153.9375,7.809135398120538,4.0,substantial
Synthetic_02834,generated,cardiology,SMD,43,2014,5,80.19,0.407,213.79,-0.206,0.093,5902,Generated based on literature patterns,8.6,137.25581395348837,8.683046555502886,6.557438524302,high
Synthetic_02835,generated,ophthalmology,OR,21,2025,17,4.47,0.0172,14.73,0.731,0.177,1101,Generated based on literature patterns,1.2352941176470589,52.42857142857143,7.00397413672268,4.58257569495584,low
Synthetic_02836,generated,pulmonology,SMD,21,2011,3,5.27,0.0678,25.54,-0.062,0.214,482,Generated based on literature patterns,7.0,22.952380952380953,6.1779441140506,4.58257569495584,low
Synthetic_02837,generated,immunology,COR,9,2012,11,82.83,1.9292,40.92,-0.028,0.299,793,Generated based on literature patterns,0.8181818181818182,88.11111111111111,6.675823221634848,3.0,high
Synthetic_02838,generated,ophthalmology,MD,7,2011,3,0.59,0.0378,7.08,1.032,0.04,30930,Generated based on literature patterns,2.3333333333333335,4418.571428571428,10.339481865679115,2.6457513110645907,low
Synthetic_02839,generated,urology,COR,32,2007,5,80.09,0.9745,173.84,-0.355,0.135,4673,Generated based on literature patterns,6.4,146.03125,8.449556542700426,5.656854249492381,high
Synthetic_02840,generated,psychiatry,SMD,16,2007,10,5.24,0.0297,12.49,0.573,0.172,555,Generated based on literature patterns,1.6,34.6875,6.318968113746434,4.0,low
Synthetic_02841,generated,infectious_disease,SMD,17,1999,3,5.77,0.0512,22.87,-0.644,0.135,1138,Generated based on literature patterns,5.666666666666667,66.94117647058823,7.037027614686276,4.123105625617661,low
Synthetic_02842,generated,rheumatology,SMD,9,2011,3,87.99,0.4202,89.8,0.328,0.213,2190,Generated based on literature patterns,3.0,243.33333333333334,7.691656822810547,3.0,high
Synthetic_02843,generated,urology,COR,30,2015,11,53.03,0.5578,69.36,-0.595,0.147,1731,Generated based on literature patterns,2.727272727272727,57.7,7.456454555176209,5.477225575051661,substantial
Synthetic_02844,generated,endocrinology,MD,9,2006,10,80.09,0.979,30.39,2.635,0.119,3944,Generated based on literature patterns,0.9,438.22222222222223,8.279950715722526,3.0,high
Synthetic_02845,generated,psychiatry,HR,29,2009,25,83.12,0.2827,152.29,0.672,0.166,1880,Generated based on literature patterns,1.16,64.82758620689656,7.539027055823995,5.385164807134504,high
Synthetic_02846,generated,infectious_disease,HR,7,2019,4,59.4,0.08,21.56,0.739,0.062,12751,Generated based on literature patterns,1.75,1821.5714285714287,9.453364978883542,2.6457513110645907,substantial
Synthetic_02847,generated,cardiology,MD,9,2010,8,72.38,1.9503,41.09,-0.628,0.267,721,Generated based on literature patterns,1.125,80.11111111111111,6.580639137284949,3.0,substantial
Synthetic_02848,generated,cardiology,COR,16,2013,10,77.98,1.2687,69.9,-0.224,0.271,1162,Generated based on literature patterns,1.6,72.625,7.057897937411856,4.0,high
Synthetic_02849,generated,ophthalmology,COR,5,2014,12,42.23,1.1126,14.33,0.582,0.104,5675,Generated based on literature patterns,0.4166666666666667,1135.0,8.643825842349603,2.23606797749979,moderate
Synthetic_02850,generated,oncology,HR,17,2010,7,36.31,0.1019,26.61,0.85,0.141,2891,Generated based on literature patterns,2.4285714285714284,170.05882352941177,7.969357742016346,4.123105625617661,moderate
Synthetic_02851,generated,pulmonology,HR,21,2019,12,60.35,0.2397,44.11,1.214,0.056,22163,Generated based on literature patterns,1.75,1055.3809523809523,10.006179510759674,4.58257569495584,substantial
Synthetic_02852,generated,immunology,RR,15,2016,8,3.09,0.0255,23.83,0.777,0.094,3621,Generated based on literature patterns,1.875,241.4,8.19450550976564,3.872983346207417,low
Synthetic_02853,generated,cardiology,COR,10,2017,16,37.15,0.5183,20.28,-0.08,0.268,238,Generated based on literature patterns,0.625,23.8,5.472270673671475,3.1622776601683795,moderate
Synthetic_02854,generated,neurology,SMD,28,2017,29,81.37,0.165,168.98,0.868,0.066,5208,Generated based on literature patterns,0.9655172413793104,186.0,8.557951183888406,5.291502622129181,high
Synthetic_02855,generated,urology,HR,11,2012,3,78.88,0.1937,44.69,1.057,0.26,1440,Generated based on literature patterns,3.6666666666666665,130.9090909090909,7.272398392570047,3.3166247903554,high
Synthetic_02856,generated,endocrinology,OR,12,2000,11,58.72,0.1851,27.32,0.67,0.098,1891,Generated based on literature patterns,1.0909090909090908,157.58333333333334,7.544861068658458,3.4641016151377544,substantial
Synthetic_02857,generated,gastroenterology,SMD,18,2015,14,4.02,0.0426,17.32,-0.669,0.523,100,Generated based on literature patterns,1.2857142857142858,5.555555555555555,4.605170185988092,4.242640687119285,low
Synthetic_02858,generated,rheumatology,SMD,14,2020,9,63.97,0.4254,34.56,0.547,0.094,9549,Generated based on literature patterns,1.5555555555555556,682.0714285714286,9.164191715950203,3.7416573867739413,substantial
Synthetic_02859,generated,psychiatry,SMD,22,2011,12,34.96,0.0653,48.11,-0.17,0.349,566,Generated based on literature patterns,1.8333333333333333,25.727272727272727,6.338594078203183,4.69041575982343,moderate
Synthetic_02860,generated,psychiatry,OR,5,2004,9,75.72,0.1847,24.74,1.151,0.304,1244,Generated based on literature patterns,0.5555555555555556,248.8,7.126087273299125,2.23606797749979,high
Synthetic_02861,generated,immunology,SMD,20,2007,3,90.27,0.1805,236.03,-0.269,0.132,2404,Generated based on literature patterns,6.666666666666667,120.2,7.784889295655098,4.47213595499958,high
Synthetic_02862,generated,ophthalmology,SMD,39,2010,7,36.5,0.2054,58.18,0.717,0.237,1728,Generated based on literature patterns,5.571428571428571,44.30769230769231,7.454719949364001,6.244997998398398,moderate
Synthetic_02863,generated,gastroenterology,OR,10,2018,11,89.72,0.1259,100.64,0.295,0.13,3621,Generated based on literature patterns,0.9090909090909091,362.1,8.19450550976564,3.1622776601683795,high
Synthetic_02864,generated,endocrinology,HR,14,2014,3,26.26,0.0915,21.28,1.793,0.139,3554,Generated based on literature patterns,4.666666666666667,253.85714285714286,8.175829008714597,3.7416573867739413,moderate
Synthetic_02865,generated,immunology,COR,25,2012,5,4.21,0.1175,34.23,-0.178,0.11,1960,Generated based on literature patterns,5.0,78.4,7.580699752224563,5.0,low
Synthetic_02866,generated,ophthalmology,HR,26,2017,4,5.29,0.0148,25.37,1.042,0.52,100,Generated based on literature patterns,6.5,3.8461538461538463,4.605170185988092,5.0990195135927845,low
Synthetic_02867,generated,oncology,MD,7,2029,11,28.99,0.8385,3.93,2.325,0.138,1834,Generated based on literature patterns,0.6363636363636364,262.0,7.51425465281641,2.6457513110645907,moderate
Synthetic_02868,generated,nephrology,HR,24,2010,14,33.92,0.3545,39.87,0.881,0.298,1301,Generated based on literature patterns,1.7142857142857142,54.208333333333336,7.170888478512505,4.898979485566356,moderate
Synthetic_02869,generated,pulmonology,COR,17,2010,19,83.94,2.3312,91.31,0.219,0.637,305,Generated based on literature patterns,0.8947368421052632,17.941176470588236,5.720311776607412,4.123105625617661,high
Synthetic_02870,generated,pulmonology,HR,6,2019,15,28.91,0.088,3.23,0.965,0.164,4565,Generated based on literature patterns,0.4,760.8333333333334,8.426173793029069,2.449489742783178,moderate
Synthetic_02871,generated,ophthalmology,OR,20,2008,10,58.51,0.2492,41.08,1.11,0.612,116,Generated based on literature patterns,2.0,5.8,4.7535901911063645,4.47213595499958,substantial
Synthetic_02872,generated,immunology,OR,8,2009,3,89.0,0.3598,58.57,1.127,1.182,100,Generated based on literature patterns,2.6666666666666665,12.5,4.605170185988092,2.8284271247461903,high
Synthetic_02873,generated,ophthalmology,OR,13,2010,3,38.7,0.0713,14.44,0.593,0.275,450,Generated based on literature patterns,4.333333333333333,34.61538461538461,6.1092475827643655,3.605551275463989,moderate
Synthetic_02874,generated,gastroenterology,COR,8,2021,4,3.98,0.0735,3.76,-0.364,0.099,988,Generated based on literature patterns,2.0,123.5,6.895682697747868,2.8284271247461903,low
Synthetic_02875,generated,dermatology,MD,11,2021,13,0.2,0.0205,10.14,-2.165,0.026,20856,Generated based on literature patterns,0.8461538461538461,1896.0,9.945396955613338,3.3166247903554,low
Synthetic_02876,generated,nephrology,SMD,31,2016,3,34.75,0.3204,43.49,-0.127,0.566,100,Generated based on literature patterns,10.333333333333334,3.225806451612903,4.605170185988092,5.5677643628300215,moderate
Synthetic_02877,generated,gastroenterology,MD,5,2013,15,6.25,0.1401,15.76,-1.719,0.061,16811,Generated based on literature patterns,0.3333333333333333,3362.2,9.72978871303306,2.23606797749979,low
Synthetic_02878,generated,oncology,MD,8,2012,10,63.86,1.5591,16.61,-4.566,0.094,11700,Generated based on literature patterns,0.8,1462.5,9.367344120785848,2.8284271247461903,substantial
Synthetic_02879,generated,ophthalmology,SMD,11,2012,5,40.11,0.3115,24.35,0.157,0.073,8246,Generated based on literature patterns,2.2,749.6363636363636,9.017483513266844,3.3166247903554,moderate
Synthetic_02880,generated,rheumatology,HR,10,2009,9,33.01,0.0824,15.27,0.392,0.645,366,Generated based on literature patterns,1.1111111111111112,36.6,5.902633333401366,3.1622776601683795,moderate
Synthetic_02881,generated,gastroenterology,MD,5,2011,3,35.36,0.6531,5.79,3.396,0.214,694,Generated based on literature patterns,1.6666666666666667,138.8,6.542471960506805,2.23606797749979,moderate
Synthetic_02882,generated,pulmonology,HR,10,2011,7,81.75,0.2744,44.85,1.18,0.182,6674,Generated based on literature patterns,1.4285714285714286,667.4,8.80597465931132,3.1622776601683795,high
Synthetic_02883,generated,gastroenterology,HR,17,2006,6,49.66,0.0964,22.97,0.817,0.268,1907,Generated based on literature patterns,2.8333333333333335,112.17647058823529,7.553286605600419,4.123105625617661,moderate
Synthetic_02884,generated,ophthalmology,OR,15,2016,6,45.69,0.0657,18.04,0.902,0.088,2103,Generated based on literature patterns,2.5,140.2,7.6511201757027,3.872983346207417,moderate
Synthetic_02885,generated,cardiology,HR,44,2021,5,47.12,0.143,78.66,0.675,0.152,2477,Generated based on literature patterns,8.8,56.29545454545455,7.814803429489359,6.6332495807108,moderate
Synthetic_02886,generated,immunology,COR,21,2010,4,67.02,1.1644,58.45,-0.306,0.216,3512,Generated based on literature patterns,5.25,167.23809523809524,8.163940954755008,4.58257569495584,substantial
Synthetic_02887,generated,urology,RR,21,2009,3,77.91,0.1121,96.95,1.02,0.156,885,Generated based on literature patterns,7.0,42.142857142857146,6.785587645007929,4.58257569495584,high
Synthetic_02888,generated,pulmonology,SMD,12,2008,3,86.82,0.3673,86.83,0.018,0.459,472,Generated based on literature patterns,4.0,39.333333333333336,6.156978985585555,3.4641016151377544,high
Synthetic_02889,generated,nephrology,COR,5,2009,4,84.6,1.0742,23.93,-0.245,0.119,2354,Generated based on literature patterns,1.25,470.8,7.763871287820222,2.23606797749979,high
Synthetic_02890,generated,immunology,RR,12,2006,11,3.88,0.0083,10.85,1.338,0.17,984,Generated based on literature patterns,1.0909090909090908,82.0,6.891625897052253,3.4641016151377544,low
Synthetic_02891,generated,infectious_disease,OR,16,2008,3,86.49,0.1748,116.25,0.678,0.454,655,Generated based on literature patterns,5.333333333333333,40.9375,6.484635235635252,4.0,high
Synthetic_02892,generated,gastroenterology,SMD,5,2019,23,69.13,0.3015,14.84,0.275,0.499,387,Generated based on literature patterns,0.21739130434782608,77.4,5.958424693029782,2.23606797749979,substantial
Synthetic_02893,generated,neurology,MD,9,2016,6,4.59,0.0585,11.15,-0.886,0.155,675,Generated based on literature patterns,1.5,75.0,6.51471269087253,3.0,low
Synthetic_02894,generated,psychiatry,SMD,13,2014,4,39.9,0.16,14.01,0.163,0.418,188,Generated based on literature patterns,3.25,14.461538461538462,5.236441962829949,3.605551275463989,moderate
Synthetic_02895,generated,neurology,HR,23,2014,14,59.41,0.1373,63.18,2.047,0.593,180,Generated based on literature patterns,1.6428571428571428,7.826086956521739,5.19295685089021,4.795831523312719,substantial
Synthetic_02896,generated,psychiatry,MD,26,2016,15,81.58,0.8094,152.6,0.354,0.017,295307,Generated based on literature patterns,1.7333333333333334,11357.961538461539,12.59577077215814,5.0990195135927845,high
Synthetic_02897,generated,rheumatology,HR,5,2015,17,81.37,0.2179,18.67,0.86,0.109,14582,Generated based on literature patterns,0.29411764705882354,2916.4,9.587543170366375,2.23606797749979,high
Synthetic_02898,generated,endocrinology,MD,5,2015,13,12.86,0.3382,10.85,-1.785,0.063,5559,Generated based on literature patterns,0.38461538461538464,1111.8,8.62317351495347,2.23606797749979,low
Synthetic_02899,generated,endocrinology,HR,26,2012,6,61.82,0.1333,70.63,0.602,0.153,1099,Generated based on literature patterns,4.333333333333333,42.26923076923077,7.002155954403621,5.0990195135927845,substantial
Synthetic_02900,generated,pulmonology,OR,24,2007,6,57.09,0.1453,64.69,0.513,0.14,520,Generated based on literature patterns,4.0,21.666666666666668,6.253828811575473,4.898979485566356,substantial
Synthetic_02901,generated,dermatology,HR,19,2013,3,37.35,0.2178,32.46,1.16,0.152,2740,Generated based on literature patterns,6.333333333333333,144.21052631578948,7.9157131993821155,4.358898943540674,moderate
Synthetic_02902,generated,psychiatry,RR,23,2006,3,0.63,0.0156,19.41,0.65,0.167,1107,Generated based on literature patterns,7.666666666666667,48.130434782608695,7.009408932708637,4.795831523312719,low
Synthetic_02903,generated,gastroenterology,OR,12,2006,12,63.41,0.2357,32.78,0.736,0.149,2642,Generated based on literature patterns,1.0,220.16666666666666,7.879291485082271,3.4641016151377544,substantial
Synthetic_02904,generated,neurology,COR,5,2016,3,0.44,0.0701,3.73,0.164,0.033,38656,Generated based on literature patterns,1.6666666666666667,7731.2,10.562457281294487,2.23606797749979,low
Synthetic_02905,generated,dermatology,HR,6,2000,3,37.47,0.1247,9.09,1.45,0.037,9624,Generated based on literature patterns,2.0,1604.0,9.172015257654515,2.449489742783178,moderate
Synthetic_02906,generated,oncology,MD,31,2012,4,44.97,1.738,54.79,2.993,0.105,4962,Generated based on literature patterns,7.75,160.06451612903226,8.509564164251746,5.5677643628300215,moderate
Synthetic_02907,generated,nephrology,COR,12,2019,8,3.25,0.0609,7.22,0.081,0.095,2292,Generated based on literature patterns,1.5,191.0,7.73718007783463,3.4641016151377544,low
Synthetic_02908,generated,endocrinology,OR,8,2004,5,82.21,0.2798,35.29,0.756,0.28,1404,Generated based on literature patterns,1.6,175.5,7.247080584585756,2.8284271247461903,high
Synthetic_02909,generated,cardiology,HR,11,2017,30,79.96,0.1903,46.36,0.855,0.367,1164,Generated based on literature patterns,0.36666666666666664,105.81818181818181,7.059617628291383,3.3166247903554,high
Synthetic_02910,generated,ophthalmology,SMD,31,2022,17,82.38,0.4247,206.19,-0.126,0.294,1194,Generated based on literature patterns,1.8235294117647058,38.516129032258064,7.085064293952548,5.5677643628300215,high
Synthetic_02911,generated,psychiatry,COR,14,2012,14,94.54,0.683,234.72,-0.301,0.078,4943,Generated based on literature patterns,1.0,353.07142857142856,8.505727713306959,3.7416573867739413,high
Synthetic_02912,generated,ophthalmology,COR,19,2014,4,81.02,0.6745,139.36,0.176,0.217,4488,Generated based on literature patterns,4.75,236.21052631578948,8.409162447202533,4.358898943540674,high
Synthetic_02913,generated,endocrinology,COR,22,2014,11,77.28,0.7472,103.77,-0.103,0.057,26141,Generated based on literature patterns,2.0,1188.2272727272727,10.171260241993542,4.69041575982343,high
Synthetic_02914,generated,psychiatry,HR,9,2013,30,1.72,0.009,9.51,0.921,0.184,585,Generated based on literature patterns,0.3,65.0,6.371611847231857,3.0,low
Synthetic_02915,generated,rheumatology,RR,34,2004,9,2.67,0.0252,32.37,0.507,0.103,4733,Generated based on literature patterns,3.7777777777777777,139.2058823529412,8.462314529906248,5.830951894845301,low
Synthetic_02916,generated,cardiology,HR,13,2006,6,59.16,0.2072,25.23,0.814,0.137,885,Generated based on literature patterns,2.1666666666666665,68.07692307692308,6.785587645007929,3.605551275463989,substantial
Synthetic_02917,generated,neurology,OR,16,2014,14,61.5,0.3346,33.24,0.762,0.075,10947,Generated based on literature patterns,1.1428571428571428,684.1875,9.300820725104558,4.0,substantial
Synthetic_02918,generated,immunology,MD,10,2007,10,8.52,0.1845,7.02,-1.074,0.197,201,Generated based on literature patterns,1.0,20.1,5.303304908059076,3.1622776601683795,low
Synthetic_02919,generated,cardiology,RR,5,2012,6,27.78,0.1077,7.94,1.246,0.616,150,Generated based on literature patterns,0.8333333333333334,30.0,5.0106352940962555,2.23606797749979,moderate
Synthetic_02920,generated,immunology,HR,27,2012,5,3.44,0.0251,17.38,1.28,0.087,1896,Generated based on literature patterns,5.4,70.22222222222223,7.547501682814967,5.196152422706632,low
Synthetic_02921,generated,infectious_disease,MD,14,2024,6,39.38,0.305,20.94,-2.147,0.078,7961,Generated based on literature patterns,2.3333333333333335,568.6428571428571,8.982309899088579,3.7416573867739413,moderate
Synthetic_02922,generated,oncology,OR,5,2010,17,47.35,0.2169,5.9,1.045,0.053,20308,Generated based on literature patterns,0.29411764705882354,4061.6,9.918770176067286,2.23606797749979,moderate
Synthetic_02923,generated,oncology,MD,7,2007,8,71.87,1.2665,39.34,1.854,0.347,1121,Generated based on literature patterns,0.875,160.14285714285714,7.02197642307216,2.6457513110645907,substantial
Synthetic_02924,generated,endocrinology,OR,13,2010,3,2.41,0.0113,13.37,0.892,0.047,6882,Generated based on literature patterns,4.333333333333333,529.3846153846154,8.836664586357426,3.605551275463989,low
Synthetic_02925,generated,dermatology,OR,10,2016,12,46.45,0.1434,11.62,0.76,0.133,930,Generated based on literature patterns,0.8333333333333334,93.0,6.835184586147301,3.1622776601683795,moderate
Synthetic_02926,generated,immunology,OR,8,2015,3,62.24,0.1518,15.42,0.7,0.094,10420,Generated based on literature patterns,2.6666666666666665,1302.5,9.251482315307358,2.8284271247461903,substantial
Synthetic_02927,generated,urology,RR,21,2019,12,58.17,0.2413,59.16,1.584,0.32,1289,Generated based on literature patterns,1.75,61.38095238095238,7.161622002939187,4.58257569495584,substantial
Synthetic_02928,generated,cardiology,MD,11,2007,5,6.97,0.0477,5.97,-2.974,0.308,385,Generated based on literature patterns,2.2,35.0,5.953243334287785,3.3166247903554,low
Synthetic_02929,generated,pulmonology,HR,33,2003,29,46.47,0.1019,57.58,0.64,0.046,31884,Generated based on literature patterns,1.1379310344827587,966.1818181818181,10.369859595547814,5.744562646538029,moderate
Synthetic_02930,generated,dermatology,SMD,8,2009,4,10.16,0.1087,12.36,-0.447,0.102,2118,Generated based on literature patterns,2.0,264.75,7.658227526161352,2.8284271247461903,low
Synthetic_02931,generated,pulmonology,COR,25,2016,30,3.69,0.0369,23.89,0.21,0.231,401,Generated based on literature patterns,0.8333333333333334,16.04,5.993961427306569,5.0,low
Synthetic_02932,generated,dermatology,SMD,9,2013,3,65.78,0.443,27.18,0.021,0.074,7921,Generated based on literature patterns,3.0,880.1111111111111,8.97727273946428,3.0,substantial
Synthetic_02933,generated,immunology,HR,23,2004,12,11.09,0.065,18.88,1.343,0.388,640,Generated based on literature patterns,1.9166666666666667,27.82608695652174,6.461468176353717,4.795831523312719,low
Synthetic_02934,generated,endocrinology,SMD,15,2005,30,83.07,0.2487,80.87,-0.841,0.203,1672,Generated based on literature patterns,0.5,111.46666666666667,7.421775793644647,3.872983346207417,high
Synthetic_02935,generated,pulmonology,OR,5,2009,6,66.99,0.2939,15.41,0.361,0.314,581,Generated based on literature patterns,0.8333333333333334,116.2,6.364750756851911,2.23606797749979,substantial
Synthetic_02936,generated,immunology,MD,11,2023,10,30.71,0.7774,19.36,-0.312,0.121,1173,Generated based on literature patterns,1.1,106.63636363636364,7.067319848653476,3.3166247903554,moderate
Synthetic_02937,generated,cardiology,COR,27,2020,3,3.55,0.0691,29.36,-0.429,0.071,4206,Generated based on literature patterns,9.0,155.77777777777777,8.344267356262645,5.196152422706632,low
Synthetic_02938,generated,gastroenterology,SMD,11,2021,6,80.69,0.1652,53.87,0.787,0.104,4738,Generated based on literature patterns,1.8333333333333333,430.72727272727275,8.463370384718731,3.3166247903554,high
Synthetic_02939,generated,nephrology,OR,9,2011,3,31.75,0.0399,21.99,1.024,0.115,424,Generated based on literature patterns,3.0,47.111111111111114,6.049733455231958,3.0,moderate
Synthetic_02940,generated,nephrology,OR,12,2016,19,26.82,0.0376,13.3,0.969,0.313,465,Generated based on literature patterns,0.631578947368421,38.75,6.142037405587356,3.4641016151377544,moderate
Synthetic_02941,generated,ophthalmology,SMD,13,2009,15,39.25,0.1298,16.19,0.349,0.105,5156,Generated based on literature patterns,0.8666666666666667,396.61538461538464,8.547916364059079,3.605551275463989,moderate
Synthetic_02942,generated,gastroenterology,SMD,59,2013,7,37.62,0.1435,110.97,-0.162,0.028,67953,Generated based on literature patterns,8.428571428571429,1151.7457627118645,11.126571568715077,7.681145747868608,moderate
Synthetic_02943,generated,oncology,RR,5,2013,3,82.57,0.1927,19.63,0.584,0.129,2592,Generated based on literature patterns,1.6666666666666667,518.4,7.860185057472165,2.23606797749979,high
Synthetic_02944,generated,dermatology,RR,12,2008,17,57.9,0.0966,20.24,1.075,0.053,5658,Generated based on literature patterns,0.7058823529411765,471.5,8.640825751861513,3.4641016151377544,substantial
Synthetic_02945,generated,oncology,SMD,13,2002,3,33.18,0.1005,16.4,-0.043,0.244,893,Generated based on literature patterns,4.333333333333333,68.6923076923077,6.794586580876499,3.605551275463989,moderate
Synthetic_02946,generated,immunology,MD,10,2013,3,70.12,2.5257,30.95,0.076,0.039,36456,Generated based on literature patterns,3.3333333333333335,3645.6,10.503861332943718,3.1622776601683795,substantial
Synthetic_02947,generated,endocrinology,MD,10,2019,10,80.72,1.606,54.08,5.033,0.877,100,Generated based on literature patterns,1.0,10.0,4.605170185988092,3.1622776601683795,high
Synthetic_02948,generated,pulmonology,MD,21,2009,4,62.99,3.2861,65.53,-0.985,0.105,5802,Generated based on literature patterns,5.25,276.2857142857143,8.665957964681349,4.58257569495584,substantial
Synthetic_02949,generated,oncology,RR,15,2004,3,56.2,0.2356,32.2,1.579,0.534,214,Generated based on literature patterns,5.0,14.266666666666667,5.365976015021851,3.872983346207417,substantial
Synthetic_02950,generated,pulmonology,SMD,5,2011,3,46.92,0.3283,3.75,0.085,0.077,20710,Generated based on literature patterns,1.6666666666666667,4142.0,9.93837195438963,2.23606797749979,moderate
Synthetic_02951,generated,infectious_disease,HR,7,2009,4,88.92,0.0879,68.33,1.428,0.267,1383,Generated based on literature patterns,1.75,197.57142857142858,7.232010331664759,2.6457513110645907,high
Synthetic_02952,generated,oncology,RR,7,2009,9,81.35,0.2632,39.12,1.025,0.121,5346,Generated based on literature patterns,0.7777777777777778,763.7142857142857,8.584103896698863,2.6457513110645907,high
Synthetic_02953,generated,cardiology,HR,7,2004,7,8.68,0.0651,5.79,0.834,1.494,100,Generated based on literature patterns,1.0,14.285714285714286,4.605170185988092,2.6457513110645907,low
Synthetic_02954,generated,infectious_disease,SMD,15,2013,28,1.04,0.0276,24.19,0.615,0.278,289,Generated based on literature patterns,0.5357142857142857,19.266666666666666,5.666426688112432,3.872983346207417,low
Synthetic_02955,generated,cardiology,COR,5,2013,4,65.37,0.6746,19.46,-0.707,0.176,1877,Generated based on literature patterns,1.25,375.4,7.537430036586509,2.23606797749979,substantial
Synthetic_02956,generated,psychiatry,OR,25,2012,11,41.75,0.1598,43.38,0.728,0.129,4009,Generated based on literature patterns,2.272727272727273,160.36,8.296297112642508,5.0,moderate
Synthetic_02957,generated,endocrinology,COR,10,2007,3,81.56,6.2805,44.84,-0.096,0.228,839,Generated based on literature patterns,3.3333333333333335,83.9,6.732210706467206,3.1622776601683795,high
Synthetic_02958,generated,dermatology,COR,8,2011,10,32.01,0.2268,9.24,0.522,0.16,516,Generated based on literature patterns,0.8,64.5,6.246106765481563,2.8284271247461903,moderate
Synthetic_02959,generated,infectious_disease,OR,49,2000,11,73.45,0.6033,208.31,0.698,0.654,517,Generated based on literature patterns,4.454545454545454,10.551020408163266,6.248042874508429,7.0,substantial
Synthetic_02960,generated,dermatology,RR,10,2024,17,34.95,0.073,10.71,0.772,0.163,725,Generated based on literature patterns,0.5882352941176471,72.5,6.586171654854675,3.1622776601683795,moderate
Synthetic_02961,generated,nephrology,RR,15,2017,15,79.49,0.3115,80.09,0.525,0.334,852,Generated based on literature patterns,1.0,56.8,6.747586526829315,3.872983346207417,high
Synthetic_02962,generated,psychiatry,MD,8,2021,7,82.68,2.2771,37.1,-0.613,0.162,4657,Generated based on literature patterns,1.1428571428571428,582.125,8.446126742982377,2.8284271247461903,high
Synthetic_02963,generated,infectious_disease,OR,18,2003,30,43.33,0.1425,18.07,1.041,0.242,1682,Generated based on literature patterns,0.6,93.44444444444444,7.427738840532894,4.242640687119285,moderate
Synthetic_02964,generated,nephrology,MD,32,2010,4,83.59,0.9226,174.25,-3.636,0.063,12065,Generated based on literature patterns,8.0,377.03125,9.398063978059133,5.656854249492381,high
Synthetic_02965,generated,cardiology,OR,28,2018,22,42.96,0.079,66.51,0.911,0.143,2805,Generated based on literature patterns,1.2727272727272727,100.17857142857143,7.9391588179567965,5.291502622129181,moderate
Synthetic_02966,generated,dermatology,RR,5,2019,7,34.05,0.0798,5.69,0.932,0.104,2374,Generated based on literature patterns,0.7142857142857143,474.8,7.772331575169614,2.23606797749979,moderate
Synthetic_02967,generated,dermatology,SMD,10,2018,4,68.3,0.4469,30.83,-0.421,0.225,1665,Generated based on literature patterns,2.5,166.5,7.417580402414544,3.1622776601683795,substantial
Synthetic_02968,generated,nephrology,HR,23,2011,11,4.54,0.0416,33.14,2.214,0.131,1976,Generated based on literature patterns,2.090909090909091,85.91304347826087,7.588829878307813,4.795831523312719,low
Synthetic_02969,generated,dermatology,COR,21,2008,13,30.1,0.6429,32.57,0.427,0.134,1369,Generated based on literature patterns,1.6153846153846154,65.19047619047619,7.221835825288449,4.58257569495584,moderate
Synthetic_02970,generated,endocrinology,OR,9,2012,4,10.88,0.015,5.74,1.608,0.056,13084,Generated based on literature patterns,2.25,1453.7777777777778,9.479145388658274,3.0,low
Synthetic_02971,generated,cardiology,OR,17,2006,8,43.13,0.1141,37.63,1.093,0.21,1223,Generated based on literature patterns,2.125,71.94117647058823,7.109062135687172,4.123105625617661,moderate
Synthetic_02972,generated,gastroenterology,MD,13,2010,7,77.61,0.6199,62.08,0.55,0.095,9515,Generated based on literature patterns,1.8571428571428572,731.9230769230769,9.16062477973025,3.605551275463989,high
Synthetic_02973,generated,oncology,COR,12,2016,6,64.14,0.4991,40.04,-0.091,0.117,7005,Generated based on literature patterns,2.0,583.75,8.854379458771108,3.4641016151377544,substantial
Synthetic_02974,generated,endocrinology,SMD,8,2010,5,33.71,0.1307,13.43,-0.013,0.276,353,Generated based on literature patterns,1.6,44.125,5.8664680569332965,2.8284271247461903,moderate
Synthetic_02975,generated,urology,COR,23,1998,17,77.0,2.0796,104.76,0.395,0.058,16421,Generated based on literature patterns,1.3529411764705883,713.9565217391304,9.706316282491837,4.795831523312719,high
Synthetic_02976,generated,neurology,OR,22,2005,9,7.53,0.0296,24.48,1.649,0.147,527,Generated based on literature patterns,2.4444444444444446,23.954545454545453,6.267200548541362,4.69041575982343,low
Synthetic_02977,generated,endocrinology,OR,12,2010,7,2.14,0.011,11.26,1.421,0.031,21543,Generated based on literature patterns,1.7142857142857142,1795.25,9.977806216778427,3.4641016151377544,low
Synthetic_02978,generated,infectious_disease,HR,6,2018,3,61.21,0.1246,21.54,1.033,0.209,978,Generated based on literature patterns,2.0,163.0,6.885509670034818,2.449489742783178,substantial
Synthetic_02979,generated,endocrinology,HR,11,2015,7,85.76,0.2439,88.57,1.413,0.093,2194,Generated based on literature patterns,1.5714285714285714,199.45454545454547,7.693481640835175,3.3166247903554,high
Synthetic_02980,generated,infectious_disease,MD,11,2020,3,38.6,0.2488,24.2,3.032,0.178,1101,Generated based on literature patterns,3.6666666666666665,100.0909090909091,7.00397413672268,3.3166247903554,moderate
Synthetic_02981,generated,cardiology,MD,9,2016,6,32.52,0.3802,16.85,-0.905,0.132,1965,Generated based on literature patterns,1.5,218.33333333333334,7.583247524303362,3.0,moderate
Synthetic_02982,generated,gastroenterology,MD,10,2014,3,5.13,0.1382,12.02,-0.925,0.176,462,Generated based on literature patterns,3.3333333333333335,46.2,6.135564891081739,3.1622776601683795,low
Synthetic_02983,generated,rheumatology,RR,13,2009,22,57.93,0.0998,43.79,1.385,0.217,2937,Generated based on literature patterns,0.5909090909090909,225.92307692307693,7.98514393119862,3.605551275463989,substantial
Synthetic_02984,generated,pulmonology,SMD,18,2016,4,69.69,0.2568,56.77,0.793,0.351,686,Generated based on literature patterns,4.5,38.111111111111114,6.530877627725885,4.242640687119285,substantial
Synthetic_02985,generated,endocrinology,MD,12,2009,15,30.35,0.4807,25.44,-0.172,0.145,687,Generated based on literature patterns,0.8,57.25,6.532334292222349,3.4641016151377544,moderate
Synthetic_02986,generated,oncology,OR,11,2022,5,37.6,0.1355,9.29,0.746,0.186,3279,Generated based on literature patterns,2.2,298.09090909090907,8.095293776844649,3.3166247903554,moderate
Synthetic_02987,generated,psychiatry,OR,13,2019,20,71.58,0.0867,36.02,0.955,0.111,4787,Generated based on literature patterns,0.65,368.2307692307692,8.473659189392508,3.605551275463989,substantial
Synthetic_02988,generated,dermatology,COR,37,2007,30,80.08,1.1703,205.06,0.344,0.163,2575,Generated based on literature patterns,1.2333333333333334,69.5945945945946,7.853604813097837,6.082762530298219,high
Synthetic_02989,generated,dermatology,HR,7,2011,7,33.18,0.0494,11.52,1.258,0.074,5692,Generated based on literature patterns,1.0,813.1428571428571,8.646816959209742,2.6457513110645907,moderate
Synthetic_02990,generated,cardiology,RR,9,2012,16,87.27,0.306,58.72,1.556,0.241,1235,Generated based on literature patterns,0.5625,137.22222222222223,7.118826249062078,3.0,high
Synthetic_02991,generated,urology,RR,15,2014,12,2.19,0.0156,19.46,0.87,0.085,2321,Generated based on literature patterns,1.25,154.73333333333332,7.749753406274437,3.872983346207417,low
Synthetic_02992,generated,gastroenterology,MD,29,1997,9,0.6,0.0801,29.0,2.034,0.142,848,Generated based on literature patterns,3.2222222222222223,29.24137931034483,6.742880635791903,5.385164807134504,low
Synthetic_02993,generated,pulmonology,RR,36,2024,4,37.96,0.1242,62.77,1.134,0.142,2874,Generated based on literature patterns,9.0,79.83333333333333,7.96346006663897,6.0,moderate
Synthetic_02994,generated,infectious_disease,SMD,5,2009,4,4.13,0.0225,14.45,-0.291,0.05,16714,Generated based on literature patterns,1.25,3342.8,9.724001970561382,2.23606797749979,low
Synthetic_02995,generated,psychiatry,HR,5,2015,9,54.37,0.1765,7.43,1.503,0.235,495,Generated based on literature patterns,0.5555555555555556,99.0,6.20455776256869,2.23606797749979,substantial
Synthetic_02996,generated,rheumatology,COR,37,2015,3,41.14,0.3273,65.82,-0.227,0.275,1628,Generated based on literature patterns,12.333333333333334,44.0,7.395107546562485,6.082762530298219,moderate
Synthetic_02997,generated,endocrinology,COR,20,2009,12,84.77,2.14,106.27,-0.165,0.208,967,Generated based on literature patterns,1.6666666666666667,48.35,6.874198495453294,4.47213595499958,high
Synthetic_02998,generated,urology,MD,10,2013,9,1.2,0.1308,7.03,0.681,0.162,1078,Generated based on literature patterns,1.1111111111111112,107.8,6.982862751468942,3.1622776601683795,low
Synthetic_02999,generated,oncology,COR,5,2009,11,76.43,0.8493,20.37,0.316,0.195,1049,Generated based on literature patterns,0.45454545454545453,209.8,6.955592608396297,2.23606797749979,high
Synthetic_03000,generated,nephrology,COR,21,2019,8,29.32,0.4222,18.13,-0.113,0.172,1002,Generated based on literature patterns,2.625,47.714285714285715,6.90975328164481,4.58257569495584,moderate
Synthetic_03001,generated,neurology,OR,6,2014,6,3.72,0.0165,10.02,1.149,0.116,2775,Generated based on literature patterns,1.0,462.5,7.928406026180535,2.449489742783178,low
Synthetic_03002,generated,urology,RR,22,2020,4,80.65,0.4366,117.29,1.066,0.079,7636,Generated based on literature patterns,5.5,347.09090909090907,8.940629184845639,4.69041575982343,high
Synthetic_03003,generated,cardiology,RR,10,2014,15,58.48,0.1423,23.66,1.725,0.316,607,Generated based on literature patterns,0.6666666666666666,60.7,6.408528791059498,3.1622776601683795,substantial
Synthetic_03004,generated,gastroenterology,SMD,21,2010,8,44.68,0.5334,65.04,0.282,0.299,1374,Generated based on literature patterns,2.625,65.42857142857143,7.2254814727822945,4.58257569495584,moderate
Synthetic_03005,generated,oncology,MD,28,2001,10,2.38,0.0631,21.97,-0.588,0.072,3035,Generated based on literature patterns,2.8,108.39285714285714,8.017966703493599,5.291502622129181,low
Synthetic_03006,generated,ophthalmology,OR,20,1992,6,3.21,0.0126,14.86,0.633,0.121,724,Generated based on literature patterns,3.3333333333333335,36.2,6.584791392385716,4.47213595499958,low
Synthetic_03007,generated,cardiology,HR,5,2021,6,5.56,0.0546,5.62,0.418,0.284,229,Generated based on literature patterns,0.8333333333333334,45.8,5.43372200355424,2.23606797749979,low
Synthetic_03008,generated,dermatology,COR,37,2012,13,35.27,0.7668,64.08,0.181,0.087,17839,Generated based on literature patterns,2.8461538461538463,482.13513513513516,9.789142350751268,6.082762530298219,moderate
Synthetic_03009,generated,gastroenterology,OR,14,2015,3,41.9,0.1155,19.09,0.462,0.367,675,Generated based on literature patterns,4.666666666666667,48.214285714285715,6.51471269087253,3.7416573867739413,moderate
Synthetic_03010,generated,oncology,OR,9,2018,4,3.53,0.0325,14.89,1.524,0.144,1033,Generated based on literature patterns,2.25,114.77777777777777,6.940222469119639,3.0,low
Synthetic_03011,generated,urology,OR,24,2008,11,81.84,0.1047,117.7,0.638,0.116,11601,Generated based on literature patterns,2.1818181818181817,483.375,9.358846580275406,4.898979485566356,high
Synthetic_03012,generated,dermatology,SMD,9,2020,30,7.44,0.0864,7.62,-0.149,0.232,992,Generated based on literature patterns,0.3,110.22222222222223,6.899723107284872,3.0,low
Synthetic_03013,generated,rheumatology,OR,7,2008,10,8.98,0.056,5.94,0.533,0.162,473,Generated based on literature patterns,0.7,67.57142857142857,6.159095388491933,2.6457513110645907,low
Synthetic_03014,generated,gastroenterology,HR,5,2008,5,79.81,0.0813,33.38,0.935,0.462,311,Generated based on literature patterns,1.0,62.2,5.739792912179234,2.23606797749979,high
Synthetic_03015,generated,ophthalmology,MD,15,2010,7,80.57,4.5247,97.34,0.052,0.141,8290,Generated based on literature patterns,2.142857142857143,552.6666666666666,9.022805248129341,3.872983346207417,high
Synthetic_03016,generated,cardiology,RR,5,2008,24,52.82,0.1488,9.12,1.409,0.208,1725,Generated based on literature patterns,0.20833333333333334,345.0,7.45298232946546,2.23606797749979,substantial
Synthetic_03017,generated,immunology,HR,15,2020,6,75.59,0.1058,45.11,1.599,0.072,8786,Generated based on literature patterns,2.5,585.7333333333333,9.080914824535725,3.872983346207417,high
Synthetic_03018,generated,rheumatology,COR,6,2004,9,44.98,1.2864,9.37,-0.113,0.468,100,Generated based on literature patterns,0.6666666666666666,16.666666666666668,4.605170185988092,2.449489742783178,moderate
Synthetic_03019,generated,cardiology,SMD,5,2011,3,61.7,0.4061,19.31,-0.002,0.061,9413,Generated based on literature patterns,1.6666666666666667,1882.6,9.14984699154722,2.23606797749979,substantial
Synthetic_03020,generated,pulmonology,COR,5,2011,3,79.04,2.5129,16.99,0.209,0.203,2282,Generated based on literature patterns,1.6666666666666667,456.4,7.732807530422021,2.23606797749979,high
Synthetic_03021,generated,neurology,RR,12,2020,8,38.06,0.1409,16.71,0.469,0.276,701,Generated based on literature patterns,1.5,58.416666666666664,6.55250788703459,3.4641016151377544,moderate
Synthetic_03022,generated,endocrinology,COR,12,2009,4,51.43,0.5723,32.36,-0.206,0.465,253,Generated based on literature patterns,3.0,21.083333333333332,5.53338948872752,3.4641016151377544,substantial
Synthetic_03023,generated,rheumatology,MD,9,2017,15,82.63,1.5224,42.76,1.457,0.046,12988,Generated based on literature patterns,0.6,1443.111111111111,9.471781133222736,3.0,high
Synthetic_03024,generated,rheumatology,MD,12,2011,3,4.34,0.0721,14.76,-0.661,0.06,11456,Generated based on literature patterns,4.0,954.6666666666666,9.346268889200427,3.4641016151377544,low
Synthetic_03025,generated,oncology,RR,18,2009,5,68.8,0.1999,56.64,0.668,0.354,861,Generated based on literature patterns,3.6,47.833333333333336,6.7580945044277305,4.242640687119285,substantial
Synthetic_03026,generated,oncology,COR,8,2005,5,29.84,0.3902,6.13,0.076,0.363,873,Generated based on literature patterns,1.6,109.125,6.771935555839602,2.8284271247461903,moderate
Synthetic_03027,generated,pulmonology,MD,8,2021,18,67.16,0.5361,19.17,-4.221,0.202,1374,Generated based on literature patterns,0.4444444444444444,171.75,7.2254814727822945,2.8284271247461903,substantial
Synthetic_03028,generated,pulmonology,OR,10,1999,4,4.24,0.0068,8.26,0.589,0.506,275,Generated based on literature patterns,2.5,27.5,5.616771097666572,3.1622776601683795,low
Synthetic_03029,generated,neurology,OR,14,2007,3,1.64,0.0132,19.64,1.552,0.096,2291,Generated based on literature patterns,4.666666666666667,163.64285714285714,7.736743682453495,3.7416573867739413,low
Synthetic_03030,generated,gastroenterology,COR,21,2003,6,32.54,0.6416,36.81,0.378,0.064,12753,Generated based on literature patterns,3.5,607.2857142857143,9.4535218170269,4.58257569495584,moderate
Synthetic_03031,generated,neurology,HR,10,2008,8,63.43,0.1685,29.19,1.486,0.207,1636,Generated based on literature patterns,1.25,163.6,7.400009517162692,3.1622776601683795,substantial
Synthetic_03032,generated,oncology,COR,9,2019,3,9.83,0.2161,4.07,-0.204,0.08,10175,Generated based on literature patterns,3.0,1130.5555555555557,9.227689010310796,3.0,low
Synthetic_03033,generated,endocrinology,MD,7,2011,5,30.93,0.5892,10.32,0.328,0.13,3052,Generated based on literature patterns,1.4,436.0,8.023552392404348,2.6457513110645907,moderate
Synthetic_03034,generated,rheumatology,SMD,26,2013,15,70.86,0.1819,103.45,-0.131,0.195,2425,Generated based on literature patterns,1.7333333333333334,93.26923076923077,7.793586803371584,5.0990195135927845,substantial
Synthetic_03035,generated,gastroenterology,COR,16,2009,3,56.41,0.6881,39.18,0.177,0.398,550,Generated based on literature patterns,5.333333333333333,34.375,6.309918278226516,4.0,substantial
Synthetic_03036,generated,rheumatology,SMD,6,2020,4,58.87,0.2436,13.56,0.058,0.065,19053,Generated based on literature patterns,1.5,3175.5,9.854979848471084,2.449489742783178,substantial
Synthetic_03037,generated,infectious_disease,MD,5,2015,3,6.01,0.0762,7.0,-2.213,0.257,748,Generated based on literature patterns,1.6666666666666667,149.6,6.617402977974478,2.23606797749979,low
Synthetic_03038,generated,rheumatology,MD,17,2015,8,68.44,0.7654,43.54,-0.023,0.121,3946,Generated based on literature patterns,2.125,232.11764705882354,8.28045768658256,4.123105625617661,substantial
Synthetic_03039,generated,dermatology,HR,12,2006,5,70.2,0.2757,48.2,1.059,0.054,4952,Generated based on literature patterns,2.4,412.6666666666667,8.507546814364431,3.4641016151377544,substantial
Synthetic_03040,generated,urology,OR,19,2011,11,77.43,0.0991,76.96,1.934,0.169,1853,Generated based on literature patterns,1.7272727272727273,97.52631578947368,7.52456122628536,4.358898943540674,high
Synthetic_03041,generated,nephrology,RR,5,2011,19,71.41,0.1009,12.74,0.969,0.28,1554,Generated based on literature patterns,0.2631578947368421,310.8,7.348587530927593,2.23606797749979,substantial
Synthetic_03042,generated,neurology,SMD,14,2001,3,7.0,0.0428,14.56,0.705,0.107,1787,Generated based on literature patterns,4.666666666666667,127.64285714285714,7.488293515159428,3.7416573867739413,low
Synthetic_03043,generated,immunology,MD,12,2011,16,25.88,0.3363,16.49,-0.989,0.049,8937,Generated based on literature patterns,0.75,744.75,9.097955241381392,3.4641016151377544,moderate
Synthetic_03044,generated,oncology,MD,20,2012,4,4.44,0.0932,24.62,0.113,0.174,2064,Generated based on literature patterns,5.0,103.2,7.6324011266014535,4.47213595499958,low
Synthetic_03045,generated,nephrology,OR,15,2011,8,81.66,0.6154,94.06,0.572,0.108,5510,Generated based on literature patterns,1.875,367.3333333333333,8.61431990214696,3.872983346207417,high
Synthetic_03046,generated,infectious_disease,COR,5,2004,3,41.46,1.5972,8.38,-0.122,0.06,11166,Generated based on literature patterns,1.6666666666666667,2233.2,9.320628725870305,2.23606797749979,moderate
Synthetic_03047,generated,dermatology,SMD,5,2004,13,48.07,0.4665,4.01,-0.196,0.086,3763,Generated based on literature patterns,0.38461538461538464,752.6,8.232971790593437,2.23606797749979,moderate
Synthetic_03048,generated,nephrology,HR,29,2019,3,35.48,0.0749,46.68,0.75,0.425,370,Generated based on literature patterns,9.666666666666666,12.758620689655173,5.91350300563827,5.385164807134504,moderate
Synthetic_03049,generated,infectious_disease,COR,13,2021,9,76.61,1.0956,64.23,-0.406,0.06,9924,Generated based on literature patterns,1.4444444444444444,763.3846153846154,9.202711344811691,3.605551275463989,high
Synthetic_03050,generated,infectious_disease,RR,18,2010,8,93.75,0.2014,297.08,0.827,0.328,862,Generated based on literature patterns,2.25,47.888888888888886,6.759255270663693,4.242640687119285,high
Synthetic_03051,generated,neurology,SMD,15,2011,6,8.79,0.0665,11.78,0.306,0.119,2548,Generated based on literature patterns,2.5,169.86666666666667,7.843064016692054,3.872983346207417,low
Synthetic_03052,generated,gastroenterology,HR,8,2012,30,79.73,0.2762,50.98,0.873,0.074,14379,Generated based on literature patterns,0.26666666666666666,1797.375,9.57352408782774,2.8284271247461903,high
Synthetic_03053,generated,neurology,COR,6,2012,21,66.75,1.3162,23.77,0.053,0.056,18691,Generated based on literature patterns,0.2857142857142857,3115.1666666666665,9.835797403566177,2.449489742783178,substantial
Synthetic_03054,generated,endocrinology,COR,18,2011,3,60.27,1.2115,46.99,-0.67,0.32,766,Generated based on literature patterns,6.0,42.55555555555556,6.641182169740591,4.242640687119285,substantial
Synthetic_03055,generated,ophthalmology,HR,12,2003,9,63.71,0.1351,31.77,1.629,0.113,3294,Generated based on literature patterns,1.3333333333333333,274.5,8.099857910737585,3.4641016151377544,substantial
Synthetic_03056,generated,pulmonology,SMD,9,2006,10,67.58,0.3756,25.7,-0.475,0.291,381,Generated based on literature patterns,0.9,42.333333333333336,5.942799375126701,3.0,substantial
Synthetic_03057,generated,endocrinology,OR,17,2015,13,43.59,0.1235,38.09,0.997,0.422,381,Generated based on literature patterns,1.3076923076923077,22.41176470588235,5.942799375126701,4.123105625617661,moderate
Synthetic_03058,generated,nephrology,SMD,16,2007,14,34.3,0.0907,28.39,-0.497,0.754,105,Generated based on literature patterns,1.1428571428571428,6.5625,4.653960350157523,4.0,moderate
Synthetic_03059,generated,gastroenterology,HR,7,2003,9,6.94,0.0351,6.57,0.759,0.294,267,Generated based on literature patterns,0.7777777777777778,38.142857142857146,5.58724865840025,2.6457513110645907,low
Synthetic_03060,generated,cardiology,COR,5,2016,6,5.45,0.094,0.75,0.21,0.152,1320,Generated based on literature patterns,0.8333333333333334,264.0,7.1853870155804165,2.23606797749979,low
Synthetic_03061,generated,cardiology,MD,5,2013,9,7.89,0.1869,4.16,-2.011,0.064,6878,Generated based on literature patterns,0.5555555555555556,1375.6,8.83608319099221,2.23606797749979,low
Synthetic_03062,generated,infectious_disease,COR,11,2009,30,76.59,0.9963,47.43,0.2,0.155,2560,Generated based on literature patterns,0.36666666666666664,232.72727272727272,7.847762537473608,3.3166247903554,high
Synthetic_03063,generated,cardiology,SMD,18,2022,3,2.45,0.0317,19.53,-0.176,0.169,585,Generated based on literature patterns,6.0,32.5,6.371611847231857,4.242640687119285,low
Synthetic_03064,generated,oncology,RR,5,2016,4,79.61,0.1442,20.86,1.02,0.071,12182,Generated based on literature patterns,1.25,2436.4,9.40771473139643,2.23606797749979,high
Synthetic_03065,generated,endocrinology,MD,9,2007,10,3.1,0.1312,13.88,-4.012,0.164,666,Generated based on literature patterns,0.9,74.0,6.501289670540389,3.0,low
Synthetic_03066,generated,gastroenterology,MD,12,2004,5,1.99,0.0961,19.52,2.462,0.134,2399,Generated based on literature patterns,2.4,199.91666666666666,7.782807262839695,3.4641016151377544,low
Synthetic_03067,generated,immunology,MD,7,2023,5,44.38,0.6848,6.91,3.904,0.34,132,Generated based on literature patterns,1.4,18.857142857142858,4.882801922586371,2.6457513110645907,moderate
Synthetic_03068,generated,cardiology,OR,7,2021,8,52.72,0.1353,11.28,0.924,0.314,539,Generated based on literature patterns,0.875,77.0,6.289715570908998,2.6457513110645907,substantial
Synthetic_03069,generated,dermatology,OR,20,2014,7,4.79,0.0236,17.32,2.422,0.11,2193,Generated based on literature patterns,2.857142857142857,109.65,7.693025748417888,4.47213595499958,low
Synthetic_03070,generated,dermatology,HR,6,2010,5,11.08,0.0175,14.94,0.955,0.054,11767,Generated based on literature patterns,1.2,1961.1666666666667,9.37305428246393,2.449489742783178,low
Synthetic_03071,generated,psychiatry,RR,27,2014,11,3.47,0.036,33.8,1.138,0.02,23112,Generated based on literature patterns,2.4545454545454546,856.0,10.048107242146072,5.196152422706632,low
Synthetic_03072,generated,nephrology,RR,12,2021,7,64.63,0.3462,29.39,1.014,0.088,1954,Generated based on literature patterns,1.7142857142857142,162.83333333333334,7.577633832602728,3.4641016151377544,substantial
Synthetic_03073,generated,rheumatology,OR,5,2007,6,87.23,0.1965,38.72,0.727,0.126,5039,Generated based on literature patterns,0.8333333333333334,1007.8,8.524962928680598,2.23606797749979,high
Synthetic_03074,generated,gastroenterology,SMD,18,2014,8,66.84,0.3077,29.82,-0.32,0.288,347,Generated based on literature patterns,2.25,19.27777777777778,5.849324779946859,4.242640687119285,substantial
Synthetic_03075,generated,rheumatology,OR,9,2011,4,31.78,0.0809,10.01,0.713,0.185,486,Generated based on literature patterns,2.25,54.0,6.186208623900494,3.0,moderate
Synthetic_03076,generated,rheumatology,MD,29,2001,7,37.15,0.6601,45.45,-4.214,0.092,2466,Generated based on literature patterns,4.142857142857143,85.03448275862068,7.81035268372429,5.385164807134504,moderate
Synthetic_03077,generated,dermatology,OR,8,2015,14,35.47,0.1165,7.53,0.521,0.017,51835,Generated based on literature patterns,0.5714285714285714,6479.375,10.855820875757212,2.8284271247461903,moderate
Synthetic_03078,generated,oncology,RR,10,2013,26,66.55,0.2887,29.78,1.402,0.137,2674,Generated based on literature patterns,0.38461538461538464,267.4,7.891330757661889,3.1622776601683795,substantial
Synthetic_03079,generated,nephrology,HR,12,2009,3,69.27,0.0809,39.63,0.954,0.121,3049,Generated based on literature patterns,4.0,254.08333333333334,8.022568946988255,3.4641016151377544,substantial
Synthetic_03080,generated,rheumatology,MD,5,2001,5,82.17,1.3543,27.14,3.323,0.019,227383,Generated based on literature patterns,1.0,45476.6,12.3343910993686,2.23606797749979,high
Synthetic_03081,generated,nephrology,COR,5,2001,8,81.52,1.0617,31.74,0.451,0.214,1397,Generated based on literature patterns,0.625,279.4,7.242082359256962,2.23606797749979,high
Synthetic_03082,generated,infectious_disease,SMD,8,2017,5,37.69,0.1879,15.12,0.085,0.021,66311,Generated based on literature patterns,1.6,8288.875,11.102111074930848,2.8284271247461903,moderate
Synthetic_03083,generated,infectious_disease,OR,13,2008,3,5.08,0.0413,8.5,0.88,0.102,3271,Generated based on literature patterns,4.333333333333333,251.6153846153846,8.092851027538384,3.605551275463989,low
Synthetic_03084,generated,oncology,COR,25,2005,11,14.12,0.5274,38.7,-0.246,0.111,835,Generated based on literature patterns,2.272727272727273,33.4,6.727431724850855,5.0,low
Synthetic_03085,generated,immunology,COR,19,2008,4,3.65,0.1526,9.79,0.337,0.02,41531,Generated based on literature patterns,4.75,2185.842105263158,10.634195415313956,4.358898943540674,low
Synthetic_03086,generated,dermatology,RR,5,2012,3,86.65,0.2485,37.8,1.17,0.097,6900,Generated based on literature patterns,1.6666666666666667,1380.0,8.83927669058535,2.23606797749979,high
Synthetic_03087,generated,pulmonology,OR,13,2017,30,4.82,0.0893,12.05,0.989,0.171,840,Generated based on literature patterns,0.43333333333333335,64.61538461538461,6.733401891837359,3.605551275463989,low
Synthetic_03088,generated,urology,HR,18,2004,5,8.92,0.0314,17.58,1.047,0.08,5495,Generated based on literature patterns,3.6,305.27777777777777,8.611593866837723,4.242640687119285,low
Synthetic_03089,generated,endocrinology,SMD,39,2005,8,30.79,0.1704,50.38,-0.049,0.06,6443,Generated based on literature patterns,4.875,165.2051282051282,8.770749549138642,6.244997998398398,moderate
Synthetic_03090,generated,ophthalmology,MD,44,2010,7,34.58,1.1983,65.23,2.975,0.091,5250,Generated based on literature patterns,6.285714285714286,119.31818181818181,8.565983355585669,6.6332495807108,moderate
Synthetic_03091,generated,neurology,HR,40,2005,11,67.83,0.0735,124.17,0.841,0.246,874,Generated based on literature patterns,3.6363636363636362,21.85,6.773080375655535,6.324555320336759,substantial
Synthetic_03092,generated,rheumatology,OR,10,2011,3,4.73,0.0164,7.34,0.366,0.026,11640,Generated based on literature patterns,3.3333333333333335,1164.0,9.36220272128543,3.1622776601683795,low
Synthetic_03093,generated,pulmonology,OR,14,2010,9,60.64,0.1172,28.92,0.836,0.919,158,Generated based on literature patterns,1.5555555555555556,11.285714285714286,5.062595033026967,3.7416573867739413,substantial
Synthetic_03094,generated,nephrology,OR,10,2020,16,60.12,0.0435,19.03,1.491,0.035,16295,Generated based on literature patterns,0.625,1629.5,9.698613591271663,3.1622776601683795,substantial
Synthetic_03095,generated,dermatology,HR,23,2003,12,53.55,0.2603,63.01,0.496,0.099,5178,Generated based on literature patterns,1.9166666666666667,225.1304347826087,8.552174160311482,4.795831523312719,substantial
Synthetic_03096,generated,neurology,HR,9,2012,3,2.16,0.0127,3.98,1.445,0.221,479,Generated based on literature patterns,3.0,53.22222222222222,6.171700597410915,3.0,low
Synthetic_03097,generated,urology,RR,38,2018,8,3.01,0.021,34.32,0.683,0.183,410,Generated based on literature patterns,4.75,10.789473684210526,6.016157159698354,6.164414002968976,low
Synthetic_03098,generated,dermatology,RR,7,2010,16,35.25,0.1053,14.33,1.157,0.211,1351,Generated based on literature patterns,0.4375,193.0,7.208600337960199,2.6457513110645907,moderate
Synthetic_03099,generated,urology,OR,33,2010,6,1.71,0.0312,22.1,0.848,0.139,1226,Generated based on literature patterns,5.5,37.15151515151515,7.111512116496157,5.744562646538029,low
Synthetic_03100,generated,neurology,COR,7,2009,3,4.66,0.1047,8.57,-0.028,0.1,1572,Generated based on literature patterns,2.3333333333333335,224.57142857142858,7.360103972989152,2.6457513110645907,low
Synthetic_03101,generated,neurology,MD,6,2015,10,5.46,0.273,5.62,-1.7,0.123,877,Generated based on literature patterns,0.6,146.16666666666666,6.776506992372183,2.449489742783178,low
Synthetic_03102,generated,cardiology,MD,7,1997,9,9.24,0.2455,4.49,-0.999,0.042,5823,Generated based on literature patterns,0.7777777777777778,831.8571428571429,8.66957087183712,2.6457513110645907,low
Synthetic_03103,generated,dermatology,SMD,10,2022,5,65.94,0.281,23.29,-0.168,0.111,6096,Generated based on literature patterns,2.0,609.6,8.715388097366482,3.1622776601683795,substantial
Synthetic_03104,generated,dermatology,MD,5,2013,3,56.55,1.3613,14.75,-1.963,0.359,452,Generated based on literature patterns,1.6666666666666667,90.4,6.113682179832232,2.23606797749979,substantial
Synthetic_03105,generated,dermatology,SMD,12,2013,4,38.43,0.1782,29.54,-0.113,0.238,1317,Generated based on literature patterns,3.0,109.75,7.183111701743281,3.4641016151377544,moderate
Synthetic_03106,generated,pulmonology,RR,11,2013,3,78.98,0.3275,66.49,0.959,0.174,1275,Generated based on literature patterns,3.6666666666666665,115.9090909090909,7.150701457592526,3.3166247903554,high
Synthetic_03107,generated,cardiology,RR,5,2020,14,57.93,0.2466,8.6,2.304,0.068,18553,Generated based on literature patterns,0.35714285714285715,3710.6,9.828386780026877,2.23606797749979,substantial
Synthetic_03108,generated,nephrology,OR,16,2013,10,60.16,0.4072,21.13,1.677,0.079,1086,Generated based on literature patterns,1.6,67.875,6.990256500493881,4.0,substantial
Synthetic_03109,generated,ophthalmology,HR,16,2020,3,60.86,0.2129,40.08,1.351,0.213,3463,Generated based on literature patterns,5.333333333333333,216.4375,8.149890544402423,4.0,substantial
Synthetic_03110,generated,psychiatry,COR,24,2017,3,64.93,2.6255,83.51,-0.054,0.242,921,Generated based on literature patterns,8.0,38.375,6.825460036255307,4.898979485566356,substantial
Synthetic_03111,generated,pulmonology,HR,5,2014,7,58.62,0.3076,11.1,0.867,0.084,12412,Generated based on literature patterns,0.7142857142857143,2482.4,9.42641902556827,2.23606797749979,substantial
Synthetic_03112,generated,pulmonology,RR,10,2000,8,54.51,0.1699,17.21,1.163,0.212,2776,Generated based on literature patterns,1.25,277.6,7.9287663216266955,3.1622776601683795,substantial
Synthetic_03113,generated,endocrinology,SMD,7,2012,10,4.72,0.0319,6.76,0.042,0.034,13185,Generated based on literature patterns,0.7,1883.5714285714287,9.486835098787386,2.6457513110645907,low
Synthetic_03114,generated,cardiology,MD,5,2014,4,34.37,0.6179,7.69,2.039,0.509,160,Generated based on literature patterns,1.25,32.0,5.075173815233827,2.23606797749979,moderate
Synthetic_03115,generated,psychiatry,SMD,15,2010,21,57.66,0.2554,27.0,0.311,0.633,100,Generated based on literature patterns,0.7142857142857143,6.666666666666667,4.605170185988092,3.872983346207417,substantial
Synthetic_03116,generated,nephrology,MD,18,2012,7,61.52,2.2096,40.55,-1.853,0.242,764,Generated based on literature patterns,2.5714285714285716,42.44444444444444,6.638567789166521,4.242640687119285,substantial
Synthetic_03117,generated,gastroenterology,HR,12,2009,7,59.29,0.1163,23.99,1.354,0.292,960,Generated based on literature patterns,1.7142857142857142,80.0,6.866933284461882,3.4641016151377544,substantial
Synthetic_03118,generated,rheumatology,SMD,14,2005,3,2.08,0.0669,8.14,0.529,0.077,3680,Generated based on literature patterns,4.666666666666667,262.85714285714283,8.210668031162976,3.7416573867739413,low
Synthetic_03119,generated,neurology,RR,5,2015,3,54.42,0.1425,6.25,0.462,0.14,1478,Generated based on literature patterns,1.6666666666666667,295.6,7.298445101508147,2.23606797749979,substantial
Synthetic_03120,generated,oncology,HR,7,2011,8,63.76,0.0788,18.75,0.692,0.272,1150,Generated based on literature patterns,0.875,164.28571428571428,7.047517221357296,2.6457513110645907,substantial
Synthetic_03121,generated,neurology,SMD,6,2004,4,61.86,0.3443,10.18,0.509,0.104,4010,Generated based on literature patterns,1.5,668.3333333333334,8.296546520300614,2.449489742783178,substantial
Synthetic_03122,generated,rheumatology,OR,10,2008,11,77.52,0.2138,40.93,0.738,0.262,979,Generated based on literature patterns,0.9090909090909091,97.9,6.88653164253051,3.1622776601683795,high
Synthetic_03123,generated,pulmonology,COR,10,2009,10,67.82,0.8495,25.93,-0.068,0.134,3413,Generated based on literature patterns,1.0,341.3,8.135346948906706,3.1622776601683795,substantial
Synthetic_03124,generated,cardiology,OR,24,2013,4,83.58,0.1472,148.13,0.924,0.305,1040,Generated based on literature patterns,6.0,43.333333333333336,6.946975992135418,4.898979485566356,high
Synthetic_03125,generated,endocrinology,SMD,27,2014,4,76.53,0.2527,135.46,0.126,0.408,639,Generated based on literature patterns,6.75,23.666666666666668,6.459904454377535,5.196152422706632,high
Synthetic_03126,generated,gastroenterology,COR,14,2001,8,41.06,0.8874,22.23,-0.127,0.538,186,Generated based on literature patterns,1.75,13.285714285714286,5.225746673713202,3.7416573867739413,moderate
Synthetic_03127,generated,neurology,OR,5,2007,10,2.98,0.02,2.57,0.628,0.154,652,Generated based on literature patterns,0.5,130.4,6.480044561926653,2.23606797749979,low
Synthetic_03128,generated,immunology,HR,19,2025,3,77.89,0.1254,88.54,0.806,0.114,5371,Generated based on literature patterns,6.333333333333333,282.6842105263158,8.58876938990546,4.358898943540674,high
Synthetic_03129,generated,immunology,COR,24,2011,17,85.89,0.8312,151.02,-0.688,0.46,501,Generated based on literature patterns,1.411764705882353,20.875,6.2166061010848646,4.898979485566356,high
Synthetic_03130,generated,gastroenterology,MD,16,2012,3,1.49,0.0433,18.26,-0.845,0.088,2641,Generated based on literature patterns,5.333333333333333,165.0625,7.878912912297133,4.0,low
Synthetic_03131,generated,urology,HR,11,2014,9,78.17,0.2434,52.18,0.721,0.297,991,Generated based on literature patterns,1.2222222222222223,90.0909090909091,6.898714534329988,3.3166247903554,high
Synthetic_03132,generated,psychiatry,SMD,20,2014,24,35.18,0.2088,27.02,-0.254,0.165,872,Generated based on literature patterns,0.8333333333333334,43.6,6.77078942390898,4.47213595499958,moderate
Synthetic_03133,generated,urology,HR,10,2009,7,41.13,0.1185,25.34,1.166,0.056,7997,Generated based on literature patterns,1.4285714285714286,799.7,8.98682175033189,3.1622776601683795,moderate
Synthetic_03134,generated,ophthalmology,MD,16,2012,4,47.1,2.1496,25.84,1.865,0.072,12052,Generated based on literature patterns,4.0,753.25,9.396985900250192,4.0,moderate
Synthetic_03135,generated,rheumatology,RR,6,2008,3,58.28,0.092,24.93,1.399,0.095,10727,Generated based on literature patterns,2.0,1787.8333333333333,9.280519206597429,2.449489742783178,substantial
Synthetic_03136,generated,infectious_disease,SMD,14,2015,30,45.87,0.1986,24.57,-0.14,0.14,2463,Generated based on literature patterns,0.4666666666666667,175.92857142857142,7.809135398120538,3.7416573867739413,moderate
Synthetic_03137,generated,psychiatry,MD,5,2007,30,91.79,0.642,48.29,3.72,0.058,16571,Generated based on literature patterns,0.16666666666666666,3314.2,9.715409458629793,2.23606797749979,high
Synthetic_03138,generated,immunology,RR,6,2004,15,1.05,0.0269,3.59,0.955,0.391,242,Generated based on literature patterns,0.4,40.333333333333336,5.488937726156687,2.449489742783178,low
Synthetic_03139,generated,gastroenterology,MD,10,2008,6,9.33,0.2237,20.91,0.6,0.153,745,Generated based on literature patterns,1.6666666666666667,74.5,6.61338421837956,3.1622776601683795,low
Synthetic_03140,generated,nephrology,OR,13,2012,3,35.71,0.1358,11.2,0.763,0.068,4958,Generated based on literature patterns,4.333333333333333,381.38461538461536,8.508757712595136,3.605551275463989,moderate
Synthetic_03141,generated,nephrology,SMD,5,2014,5,45.78,0.1876,7.47,0.022,0.16,3198,Generated based on literature patterns,1.0,639.6,8.0702808933939,2.23606797749979,moderate
Synthetic_03142,generated,immunology,OR,11,2016,13,0.75,0.0086,11.92,0.529,0.047,19272,Generated based on literature patterns,0.8461538461538461,1752.0,9.866408544294707,3.3166247903554,low
Synthetic_03143,generated,cardiology,HR,6,2018,10,71.87,0.0343,20.04,1.938,0.142,3267,Generated based on literature patterns,0.6,544.5,8.09162741160107,2.449489742783178,substantial
Synthetic_03144,generated,neurology,MD,12,2013,3,62.3,0.8854,22.98,0.195,0.548,231,Generated based on literature patterns,4.0,19.25,5.442417710521793,3.4641016151377544,substantial
Synthetic_03145,generated,oncology,HR,6,2010,8,30.34,0.0877,3.53,1.001,0.143,2025,Generated based on literature patterns,0.75,337.5,7.613324979540639,2.449489742783178,moderate
Synthetic_03146,generated,rheumatology,HR,5,2006,16,38.81,0.3164,12.47,1.448,0.58,100,Generated based on literature patterns,0.3125,20.0,4.605170185988092,2.23606797749979,moderate
Synthetic_03147,generated,urology,SMD,5,2018,6,2.86,0.087,2.92,0.228,0.087,2621,Generated based on literature patterns,0.8333333333333334,524.2,7.8713112033234065,2.23606797749979,low
Synthetic_03148,generated,oncology,MD,16,2020,3,90.14,1.5986,147.23,2.555,0.389,1007,Generated based on literature patterns,5.333333333333333,62.9375,6.914730892718563,4.0,high
Synthetic_03149,generated,cardiology,COR,58,2018,13,87.1,1.7663,486.52,-0.394,0.343,434,Generated based on literature patterns,4.461538461538462,7.482758620689655,6.073044534100405,7.615773105863909,high
Synthetic_03150,generated,gastroenterology,MD,10,2018,5,6.54,0.0996,13.08,1.303,0.14,3109,Generated based on literature patterns,2.0,310.9,8.042056410058754,3.1622776601683795,low
Synthetic_03151,generated,endocrinology,RR,12,2012,7,88.05,0.1196,96.09,1.157,0.925,210,Generated based on literature patterns,1.7142857142857142,17.5,5.3471075307174685,3.4641016151377544,high
Synthetic_03152,generated,dermatology,HR,13,2009,28,78.46,0.2354,47.26,0.398,0.517,587,Generated based on literature patterns,0.4642857142857143,45.15384615384615,6.375024819828097,3.605551275463989,high
Synthetic_03153,generated,nephrology,OR,6,2005,4,1.29,0.0071,2.47,0.73,0.069,2973,Generated based on literature patterns,1.5,495.5,7.997326822998097,2.449489742783178,low
Synthetic_03154,generated,psychiatry,RR,8,1999,8,55.85,0.2177,20.97,0.572,0.394,868,Generated based on literature patterns,1.0,108.5,6.7661917146603505,2.8284271247461903,substantial
Synthetic_03155,generated,psychiatry,SMD,21,2013,13,4.24,0.0523,10.96,0.219,0.047,26848,Generated based on literature patterns,1.6153846153846154,1278.4761904761904,10.197946609266932,4.58257569495584,low
Synthetic_03156,generated,cardiology,SMD,14,2013,4,41.85,0.1454,30.55,0.002,0.2,770,Generated based on literature patterns,3.5,55.0,6.646390514847729,3.7416573867739413,moderate
Synthetic_03157,generated,ophthalmology,OR,5,2007,4,91.98,0.1719,49.21,0.936,0.329,698,Generated based on literature patterns,1.25,139.6,6.548219102762372,2.23606797749979,high
Synthetic_03158,generated,pulmonology,COR,8,2010,13,9.5,0.4839,8.2,0.166,0.319,306,Generated based on literature patterns,0.6153846153846154,38.25,5.723585101952381,2.8284271247461903,low
Synthetic_03159,generated,dermatology,SMD,10,2012,4,54.54,0.5677,17.6,0.096,0.054,7515,Generated based on literature patterns,2.5,751.5,8.924656302187074,3.1622776601683795,substantial
Synthetic_03160,generated,endocrinology,RR,20,2013,4,38.11,0.202,30.46,1.647,0.163,1887,Generated based on literature patterns,5.0,94.35,7.54274354536855,4.47213595499958,moderate
Synthetic_03161,generated,infectious_disease,RR,5,2011,18,37.54,0.2219,8.92,1.246,0.039,9197,Generated based on literature patterns,0.2777777777777778,1839.4,9.126632622902697,2.23606797749979,moderate
Synthetic_03162,generated,oncology,OR,29,2016,8,3.83,0.0244,24.03,1.118,0.16,1415,Generated based on literature patterns,3.625,48.793103448275865,7.254884810077338,5.385164807134504,low
Synthetic_03163,generated,dermatology,OR,9,2023,15,3.02,0.0136,10.69,0.702,0.166,448,Generated based on literature patterns,0.6,49.77777777777778,6.104793232414985,3.0,low
Synthetic_03164,generated,endocrinology,RR,13,2013,7,55.36,0.2012,32.17,0.469,0.137,2264,Generated based on literature patterns,1.8571428571428572,174.15384615384616,7.724888439323074,3.605551275463989,substantial
Synthetic_03165,generated,endocrinology,MD,19,2011,5,85.13,0.6837,139.61,1.345,0.223,4720,Generated based on literature patterns,3.8,248.42105263157896,8.459564078579602,4.358898943540674,high
Synthetic_03166,generated,psychiatry,SMD,8,2003,5,37.81,0.1808,4.52,0.506,0.27,1055,Generated based on literature patterns,1.6,131.875,6.961296045910167,2.8284271247461903,moderate
Synthetic_03167,generated,cardiology,SMD,10,2007,11,66.15,0.1829,35.02,0.225,0.145,3971,Generated based on literature patterns,0.9090909090909091,397.1,8.286773231131251,3.1622776601683795,substantial
Synthetic_03168,generated,nephrology,MD,5,2005,3,78.79,1.1501,26.9,-0.922,0.283,2366,Generated based on literature patterns,1.6666666666666667,473.2,7.768956044538332,2.23606797749979,high
Synthetic_03169,generated,neurology,SMD,11,2018,7,4.51,0.025,9.16,-0.066,0.464,204,Generated based on literature patterns,1.5714285714285714,18.545454545454547,5.318119993844216,3.3166247903554,low
Synthetic_03170,generated,rheumatology,SMD,14,2013,9,36.86,0.0884,11.22,0.456,0.029,63521,Generated based on literature patterns,1.5555555555555556,4537.214285714285,11.059125838870145,3.7416573867739413,moderate
Synthetic_03171,generated,oncology,OR,8,2005,12,35.57,0.1336,6.79,1.49,0.169,1077,Generated based on literature patterns,0.6666666666666666,134.625,6.981934677156389,2.8284271247461903,moderate
Synthetic_03172,generated,gastroenterology,HR,37,2014,21,78.17,0.1905,153.77,0.875,0.273,276,Generated based on literature patterns,1.7619047619047619,7.45945945945946,5.62040086571715,6.082762530298219,high
Synthetic_03173,generated,ophthalmology,RR,7,2008,25,59.4,0.5426,6.87,0.622,0.107,2303,Generated based on literature patterns,0.28,329.0,7.741967899820685,2.6457513110645907,substantial
Synthetic_03174,generated,ophthalmology,RR,5,2015,4,79.96,0.1884,18.84,0.598,0.292,1518,Generated based on literature patterns,1.25,303.6,7.325148957955575,2.23606797749979,high
Synthetic_03175,generated,nephrology,SMD,10,2012,3,40.85,0.31,12.18,-0.174,0.247,1815,Generated based on literature patterns,3.3333333333333335,181.5,7.503840746698951,3.1622776601683795,moderate
Synthetic_03176,generated,psychiatry,RR,22,2010,4,89.9,0.9694,210.54,1.032,0.149,2246,Generated based on literature patterns,5.5,102.0909090909091,7.716906135298388,4.69041575982343,high
Synthetic_03177,generated,endocrinology,MD,51,2007,3,49.94,0.9102,84.23,-1.673,0.088,10407,Generated based on literature patterns,17.0,204.05882352941177,9.25023393563786,7.14142842854285,moderate
Synthetic_03178,generated,urology,RR,5,2004,7,2.77,0.0211,4.72,1.062,0.143,2488,Generated based on literature patterns,0.7142857142857143,497.6,7.81923445385907,2.23606797749979,low
Synthetic_03179,generated,psychiatry,RR,6,2003,5,72.12,0.42,34.61,0.712,0.343,173,Generated based on literature patterns,1.2,28.833333333333332,5.153291594497779,2.449489742783178,substantial
Synthetic_03180,generated,infectious_disease,SMD,12,2013,5,79.37,0.5658,63.35,0.08,0.106,11192,Generated based on literature patterns,2.4,932.6666666666666,9.322954516345318,3.4641016151377544,high
Synthetic_03181,generated,neurology,MD,71,2026,12,7.0,0.1194,80.7,-0.126,0.232,371,Generated based on literature patterns,5.916666666666667,5.225352112676056,5.916202062607435,8.426149773176359,low
Synthetic_03182,generated,endocrinology,COR,6,2016,3,81.54,0.9371,35.97,-0.115,0.138,1599,Generated based on literature patterns,2.0,266.5,7.377133712833954,2.449489742783178,high
Synthetic_03183,generated,gastroenterology,RR,35,2013,7,55.36,0.0692,75.38,0.563,0.11,12653,Generated based on literature patterns,5.0,361.51428571428573,9.445649620189263,5.916079783099616,substantial
Synthetic_03184,generated,neurology,RR,14,2009,15,75.81,0.1323,66.41,1.233,0.626,408,Generated based on literature patterns,0.9333333333333333,29.142857142857142,6.0112671744041615,3.7416573867739413,high
Synthetic_03185,generated,urology,RR,9,2013,17,56.1,0.1611,26.55,0.921,0.168,1506,Generated based on literature patterns,0.5294117647058824,167.33333333333334,7.317212408359839,3.0,substantial
Synthetic_03186,generated,psychiatry,OR,5,2005,7,33.64,0.0982,8.11,1.284,0.048,16756,Generated based on literature patterns,0.7142857142857143,3351.2,9.726511682066926,2.23606797749979,moderate
Synthetic_03187,generated,oncology,HR,26,2008,10,58.28,0.2542,44.85,1.596,0.278,1438,Generated based on literature patterns,2.6,55.30769230769231,7.271008538280992,5.0990195135927845,substantial
Synthetic_03188,generated,gastroenterology,HR,10,2017,4,84.29,0.1462,58.71,1.207,0.351,583,Generated based on literature patterns,2.5,58.3,6.368187186350492,3.1622776601683795,high
Synthetic_03189,generated,rheumatology,MD,22,2027,14,8.58,0.3169,17.8,3.379,0.105,1885,Generated based on literature patterns,1.5714285714285714,85.68181818181819,7.541683099882111,4.69041575982343,low
Synthetic_03190,generated,endocrinology,OR,5,2000,12,58.26,0.1986,15.38,0.745,0.084,3684,Generated based on literature patterns,0.4166666666666667,736.8,8.211754397375197,2.23606797749979,substantial
Synthetic_03191,generated,infectious_disease,MD,37,2007,7,43.54,0.9053,60.37,-1.075,0.042,27948,Generated based on literature patterns,5.285714285714286,755.3513513513514,10.238100919672341,6.082762530298219,moderate
Synthetic_03192,generated,oncology,MD,15,2023,4,59.08,0.187,28.14,3.399,0.045,28087,Generated based on literature patterns,3.75,1872.4666666666667,10.243062114822008,3.872983346207417,substantial
Synthetic_03193,generated,nephrology,MD,8,2003,14,5.27,0.1083,8.21,-0.815,0.132,1033,Generated based on literature patterns,0.5714285714285714,129.125,6.940222469119639,2.8284271247461903,low
Synthetic_03194,generated,oncology,HR,11,1997,9,38.17,0.0342,17.96,1.179,0.349,648,Generated based on literature patterns,1.2222222222222223,58.90909090909091,6.473890696352274,3.3166247903554,moderate
Synthetic_03195,generated,urology,SMD,30,2003,10,76.45,0.3878,120.1,0.274,0.496,139,Generated based on literature patterns,3.0,4.633333333333334,4.9344739331306915,5.477225575051661,high
Synthetic_03196,generated,neurology,OR,10,2009,9,65.0,0.1857,32.42,1.242,0.241,1610,Generated based on literature patterns,1.1111111111111112,161.0,7.383989457978509,3.1622776601683795,substantial
Synthetic_03197,generated,ophthalmology,RR,11,2003,7,45.29,0.079,18.54,1.057,0.103,4756,Generated based on literature patterns,1.5714285714285714,432.3636363636364,8.467162257810672,3.3166247903554,moderate
Synthetic_03198,generated,oncology,OR,30,2011,9,57.14,0.2786,83.9,1.475,0.664,100,Generated based on literature patterns,3.3333333333333335,3.3333333333333335,4.605170185988092,5.477225575051661,substantial
Synthetic_03199,generated,immunology,COR,18,2003,8,84.99,0.6161,117.63,-0.417,0.091,7020,Generated based on literature patterns,2.25,390.0,8.856518497019858,4.242640687119285,high
Synthetic_03200,generated,infectious_disease,COR,6,2009,3,5.37,0.1902,5.01,0.933,0.297,763,Generated based on literature patterns,2.0,127.16666666666667,6.637258031284457,2.449489742783178,low
Synthetic_03201,generated,immunology,MD,8,2006,9,81.77,1.4569,52.55,1.186,0.253,1273,Generated based on literature patterns,0.8888888888888888,159.125,7.149131598557407,2.8284271247461903,high
Synthetic_03202,generated,pulmonology,MD,15,2012,5,80.56,0.9818,92.94,1.329,0.558,564,Generated based on literature patterns,3.0,37.6,6.335054251498059,3.872983346207417,high
Synthetic_03203,generated,urology,OR,16,2011,4,40.86,0.0877,36.14,0.612,0.127,3780,Generated based on literature patterns,4.0,236.25,8.237479288613633,4.0,moderate
Synthetic_03204,generated,infectious_disease,COR,11,2012,6,33.3,1.5554,15.17,-0.149,0.153,3406,Generated based on literature patterns,1.8333333333333333,309.6363636363636,8.133293861222633,3.3166247903554,moderate
Synthetic_03205,generated,ophthalmology,OR,7,2008,25,61.87,0.2136,24.82,0.681,0.336,268,Generated based on literature patterns,0.28,38.285714285714285,5.5909869805108565,2.6457513110645907,substantial
Synthetic_03206,generated,nephrology,COR,13,2004,3,61.14,1.7877,33.11,-0.55,0.669,100,Generated based on literature patterns,4.333333333333333,7.6923076923076925,4.605170185988092,3.605551275463989,substantial
Synthetic_03207,generated,endocrinology,RR,20,2001,25,37.98,0.0751,22.69,1.638,0.124,4173,Generated based on literature patterns,0.8,208.65,8.336390480591552,4.47213595499958,moderate
Synthetic_03208,generated,pulmonology,RR,6,2011,8,33.29,0.1149,5.54,0.365,0.09,5823,Generated based on literature patterns,0.75,970.5,8.66957087183712,2.449489742783178,moderate
Synthetic_03209,generated,pulmonology,COR,14,2005,5,41.16,0.4234,22.95,-0.145,0.472,222,Generated based on literature patterns,2.8,15.857142857142858,5.402677381872279,3.7416573867739413,moderate
Synthetic_03210,generated,endocrinology,RR,9,2018,10,59.29,0.0794,26.76,0.745,0.059,13856,Generated based on literature patterns,0.9,1539.5555555555557,9.536473630802217,3.0,substantial
Synthetic_03211,generated,cardiology,RR,10,2017,9,36.14,0.0664,12.01,0.983,0.083,6030,Generated based on literature patterns,1.1111111111111112,603.0,8.704502289721232,3.1622776601683795,moderate
Synthetic_03212,generated,neurology,OR,40,1998,5,32.09,0.0514,55.12,0.799,0.287,227,Generated based on literature patterns,8.0,5.675,5.424950017481403,6.324555320336759,moderate
Synthetic_03213,generated,immunology,RR,15,2012,5,71.11,0.2078,29.81,0.806,0.69,328,Generated based on literature patterns,3.0,21.866666666666667,5.793013608384144,3.872983346207417,substantial
Synthetic_03214,generated,oncology,HR,9,2012,7,80.84,0.1991,56.55,0.766,0.255,1281,Generated based on literature patterns,1.2857142857142858,142.33333333333334,7.155396301896734,3.0,high
Synthetic_03215,generated,ophthalmology,HR,12,2007,10,45.1,0.1058,28.71,1.247,0.126,3574,Generated based on literature patterns,1.2,297.8333333333333,8.181440695719374,3.4641016151377544,moderate
Synthetic_03216,generated,rheumatology,SMD,13,2018,13,2.72,0.053,11.61,-0.72,0.02,18906,Generated based on literature patterns,1.0,1454.3076923076924,9.84723461098533,3.605551275463989,low
Synthetic_03217,generated,ophthalmology,RR,6,2016,10,76.27,0.0978,17.79,0.972,0.095,2330,Generated based on literature patterns,0.6,388.3333333333333,7.753623546559746,2.449489742783178,high
Synthetic_03218,generated,urology,OR,5,2022,7,65.0,0.236,18.22,1.253,0.334,2326,Generated based on literature patterns,0.7142857142857143,465.2,7.75190533307861,2.23606797749979,substantial
Synthetic_03219,generated,dermatology,SMD,52,2016,3,52.63,0.2072,114.02,-0.536,0.111,3891,Generated based on literature patterns,17.333333333333332,74.82692307692308,8.266421472984554,7.211102550927978,substantial
Synthetic_03220,generated,rheumatology,SMD,9,2011,6,2.1,0.0742,15.07,-0.244,0.188,380,Generated based on literature patterns,1.5,42.22222222222222,5.940171252720432,3.0,low
Synthetic_03221,generated,nephrology,MD,16,2011,7,46.65,0.4356,24.06,-0.944,0.191,1561,Generated based on literature patterns,2.2857142857142856,97.5625,7.353081920515432,4.0,moderate
Synthetic_03222,generated,urology,RR,25,2002,7,29.12,0.1829,28.98,0.725,0.061,3967,Generated based on literature patterns,3.5714285714285716,158.68,8.28576542051433,5.0,moderate
Synthetic_03223,generated,cardiology,SMD,13,2018,15,59.76,0.1228,28.57,-0.053,0.085,19425,Generated based on literature patterns,0.8666666666666667,1494.2307692307693,9.874316175235847,3.605551275463989,substantial
Synthetic_03224,generated,gastroenterology,MD,11,2002,6,6.87,0.4098,8.15,-2.392,0.291,339,Generated based on literature patterns,1.8333333333333333,30.818181818181817,5.82600010738045,3.3166247903554,low
Synthetic_03225,generated,rheumatology,RR,26,2011,5,68.88,0.194,77.46,1.005,0.471,250,Generated based on literature patterns,5.2,9.615384615384615,5.521460917862246,5.0990195135927845,substantial
Synthetic_03226,generated,infectious_disease,RR,7,2019,4,1.64,0.0146,3.1,0.51,0.04,34361,Generated based on literature patterns,1.75,4908.714285714285,10.444677479283538,2.6457513110645907,low
Synthetic_03227,generated,rheumatology,OR,7,2013,9,1.87,0.0211,5.39,0.775,0.313,542,Generated based on literature patterns,0.7777777777777778,77.42857142857143,6.295266001439646,2.6457513110645907,low
Synthetic_03228,generated,neurology,HR,14,2013,6,51.84,0.0603,48.45,0.617,0.221,894,Generated based on literature patterns,2.3333333333333335,63.857142857142854,6.795705775173514,3.7416573867739413,substantial
Synthetic_03229,generated,rheumatology,MD,16,2008,8,28.59,0.5164,21.24,2.228,0.387,912,Generated based on literature patterns,2.0,57.0,6.815639990074331,4.0,moderate
Synthetic_03230,generated,ophthalmology,SMD,25,2013,5,4.95,0.0635,37.24,-1.369,0.301,273,Generated based on literature patterns,5.0,10.92,5.60947179518496,5.0,low
Synthetic_03231,generated,oncology,OR,10,2005,6,8.5,0.0248,12.74,0.879,0.032,20864,Generated based on literature patterns,1.6666666666666667,2086.4,9.94578046472638,3.1622776601683795,low
Synthetic_03232,generated,endocrinology,RR,16,2011,4,4.84,0.009,11.69,1.187,0.265,592,Generated based on literature patterns,4.0,37.0,6.3835066348840055,4.0,low
Synthetic_03233,generated,dermatology,MD,11,2006,9,3.31,0.0501,14.11,5.437,0.114,2316,Generated based on literature patterns,1.2222222222222223,210.54545454545453,7.7475968386928855,3.3166247903554,low
Synthetic_03234,generated,neurology,HR,36,2010,7,65.92,0.1672,90.74,0.852,0.124,6977,Generated based on literature patterns,5.142857142857143,193.80555555555554,8.850374303939237,6.0,substantial
Synthetic_03235,generated,gastroenterology,OR,10,2012,11,5.69,0.067,5.35,0.568,0.063,8196,Generated based on literature patterns,0.9090909090909091,819.6,9.011401509358791,3.1622776601683795,low
Synthetic_03236,generated,immunology,MD,8,2017,7,86.09,2.1553,53.14,-0.453,0.159,8024,Generated based on literature patterns,1.1428571428571428,1003.0,8.990192329641772,2.8284271247461903,high
Synthetic_03237,generated,cardiology,MD,11,2008,6,79.41,1.9662,53.63,-0.387,0.201,2243,Generated based on literature patterns,1.8333333333333333,203.9090909090909,7.715569534520208,3.3166247903554,high
Synthetic_03238,generated,neurology,OR,25,2014,11,79.2,0.2649,157.4,1.538,0.079,3741,Generated based on literature patterns,2.272727272727273,149.64,8.227108234348146,5.0,high
Synthetic_03239,generated,pulmonology,SMD,10,2004,9,83.99,1.2173,66.58,0.654,0.211,2824,Generated based on literature patterns,1.1111111111111112,282.4,7.945909598613133,3.1622776601683795,high
Synthetic_03240,generated,urology,RR,7,2008,9,61.98,0.13,13.44,0.619,0.421,435,Generated based on literature patterns,0.7777777777777778,62.142857142857146,6.075346031088684,2.6457513110645907,substantial
Synthetic_03241,generated,nephrology,SMD,5,2013,5,37.61,0.1908,16.4,-0.814,0.285,462,Generated based on literature patterns,1.0,92.4,6.135564891081739,2.23606797749979,moderate
Synthetic_03242,generated,pulmonology,MD,8,2020,3,36.91,0.4554,12.03,2.187,0.013,114862,Generated based on literature patterns,2.6666666666666665,14357.75,11.651486686768868,2.8284271247461903,moderate
Synthetic_03243,generated,infectious_disease,RR,10,2019,10,83.0,0.133,55.32,0.957,0.197,3346,Generated based on literature patterns,1.0,334.6,8.11552088154677,3.1622776601683795,high
Synthetic_03244,generated,dermatology,OR,11,2018,14,64.82,0.5356,26.59,1.541,0.098,9490,Generated based on literature patterns,0.7857142857142857,862.7272727272727,9.157993891603974,3.3166247903554,substantial
Synthetic_03245,generated,immunology,SMD,12,2017,3,1.66,0.019,11.78,-0.837,0.042,15143,Generated based on literature patterns,4.0,1261.9166666666667,9.625293657956655,3.4641016151377544,low
Synthetic_03246,generated,psychiatry,RR,18,2011,5,0.76,0.0252,34.92,0.705,0.2,1906,Generated based on literature patterns,3.6,105.88888888888889,7.552762084214147,4.242640687119285,low
Synthetic_03247,generated,cardiology,OR,10,2004,22,35.5,0.1777,14.16,0.403,0.42,491,Generated based on literature patterns,0.45454545454545453,49.1,6.19644412779452,3.1622776601683795,moderate
Synthetic_03248,generated,oncology,HR,7,2020,5,34.25,0.059,14.23,0.846,0.096,3597,Generated based on literature patterns,1.4,513.8571428571429,8.187855443695623,2.6457513110645907,moderate
Synthetic_03249,generated,endocrinology,OR,5,2011,11,29.39,0.0904,7.53,0.926,0.131,1106,Generated based on literature patterns,0.45454545454545453,221.2,7.00850518208228,2.23606797749979,moderate
Synthetic_03250,generated,endocrinology,SMD,14,2010,7,5.85,0.073,22.67,-0.184,0.062,5733,Generated based on literature patterns,2.0,409.5,8.653994232908383,3.7416573867739413,low
Synthetic_03251,generated,ophthalmology,OR,7,2019,14,56.98,0.2548,12.26,1.923,0.228,791,Generated based on literature patterns,0.5,113.0,6.673297967767654,2.6457513110645907,substantial
Synthetic_03252,generated,urology,SMD,29,2004,3,69.27,0.3904,105.06,-1.018,0.181,1354,Generated based on literature patterns,9.666666666666666,46.689655172413794,7.21081845347222,5.385164807134504,substantial
Synthetic_03253,generated,infectious_disease,SMD,7,2018,4,64.71,0.1931,21.25,-0.196,0.125,3941,Generated based on literature patterns,1.75,563.0,8.279189777195004,2.6457513110645907,substantial
Synthetic_03254,generated,oncology,SMD,16,2008,9,40.49,0.1388,31.1,0.684,0.105,2926,Generated based on literature patterns,1.7777777777777777,182.875,7.98139158158007,4.0,moderate
Synthetic_03255,generated,infectious_disease,RR,5,2028,5,68.85,0.1698,11.43,0.9,0.493,658,Generated based on literature patterns,1.0,131.6,6.489204931325317,2.23606797749979,substantial
Synthetic_03256,generated,immunology,MD,6,2018,9,69.35,0.7397,23.6,1.434,0.195,6601,Generated based on literature patterns,0.6666666666666666,1100.1666666666667,8.79497643168877,2.449489742783178,substantial
Synthetic_03257,generated,cardiology,RR,6,2012,7,3.16,0.0239,11.73,0.641,0.06,3376,Generated based on literature patterns,0.8571428571428571,562.6666666666666,8.124446855715847,2.449489742783178,low
Synthetic_03258,generated,rheumatology,RR,6,2006,3,5.76,0.0322,8.65,1.377,0.14,903,Generated based on literature patterns,2.0,150.5,6.805722553416985,2.449489742783178,low
Synthetic_03259,generated,psychiatry,RR,21,2016,7,4.73,0.0301,33.66,0.883,0.07,2331,Generated based on literature patterns,3.0,111.0,7.754052639035757,4.58257569495584,low
Synthetic_03260,generated,psychiatry,HR,6,2012,29,3.57,0.0225,8.44,1.333,0.026,27778,Generated based on literature patterns,0.20689655172413793,4629.666666666667,10.231999619476165,2.449489742783178,low
Synthetic_03261,generated,psychiatry,HR,8,2012,21,79.22,0.2114,38.13,0.532,0.295,743,Generated based on literature patterns,0.38095238095238093,92.875,6.610696044717759,2.8284271247461903,high
Synthetic_03262,generated,oncology,OR,13,2015,8,64.12,0.2025,28.93,0.468,0.125,2037,Generated based on literature patterns,1.625,156.69230769230768,7.619233416226805,3.605551275463989,substantial
Synthetic_03263,generated,gastroenterology,SMD,5,2011,11,65.9,0.216,15.6,0.256,0.195,1915,Generated based on literature patterns,0.45454545454545453,383.0,7.557472901614746,2.23606797749979,substantial
Synthetic_03264,generated,neurology,HR,18,2012,5,29.66,0.1,19.79,1.027,0.521,194,Generated based on literature patterns,3.6,10.777777777777779,5.267858159063328,4.242640687119285,moderate
Synthetic_03265,generated,infectious_disease,OR,11,2001,13,45.54,0.0618,17.4,0.956,0.376,444,Generated based on literature patterns,0.8461538461538461,40.36363636363637,6.095824562432225,3.3166247903554,moderate
Synthetic_03266,generated,nephrology,MD,12,2012,3,43.62,0.6929,12.53,1.412,0.105,2195,Generated based on literature patterns,4.0,182.91666666666666,7.693937325509272,3.4641016151377544,moderate
Synthetic_03267,generated,dermatology,COR,7,2019,10,64.8,1.885,28.54,0.065,0.279,705,Generated based on literature patterns,0.7,100.71428571428571,6.558197802812269,2.6457513110645907,substantial
Synthetic_03268,generated,immunology,MD,9,2014,3,32.81,0.303,16.19,0.252,0.124,2509,Generated based on literature patterns,3.0,278.77777777777777,7.827639546366422,3.0,moderate
Synthetic_03269,generated,endocrinology,SMD,10,2009,19,45.52,0.1695,24.01,0.138,0.254,387,Generated based on literature patterns,0.5263157894736842,38.7,5.958424693029782,3.1622776601683795,moderate
Synthetic_03270,generated,oncology,OR,5,2008,6,5.84,0.0263,4.56,0.637,0.114,3079,Generated based on literature patterns,0.8333333333333334,615.8,8.0323601479245,2.23606797749979,low
Synthetic_03271,generated,urology,MD,25,2020,7,62.05,1.2355,56.67,0.958,0.191,1134,Generated based on literature patterns,3.5714285714285716,45.36,7.033506484287697,5.0,substantial
Synthetic_03272,generated,gastroenterology,OR,19,2013,8,58.03,0.0957,41.93,1.152,0.089,3553,Generated based on literature patterns,2.375,187.0,8.175547596021026,4.358898943540674,substantial
Synthetic_03273,generated,neurology,MD,13,2010,8,36.71,0.1725,26.87,-1.962,0.201,1448,Generated based on literature patterns,1.625,111.38461538461539,7.277938572945661,3.605551275463989,moderate
Synthetic_03274,generated,endocrinology,RR,7,2006,3,82.49,0.2477,41.07,2.25,0.413,525,Generated based on literature patterns,2.3333333333333335,75.0,6.263398262591624,2.6457513110645907,high
Synthetic_03275,generated,pulmonology,HR,8,2019,3,64.1,0.1072,18.2,1.266,0.28,1428,Generated based on literature patterns,2.6666666666666665,178.5,7.2640301428995295,2.8284271247461903,substantial
Synthetic_03276,generated,dermatology,HR,18,2003,4,48.05,0.223,54.09,0.571,0.06,21199,Generated based on literature patterns,4.5,1177.7222222222222,9.961709289736252,4.242640687119285,moderate
Synthetic_03277,generated,pulmonology,SMD,15,2001,17,3.65,0.0651,10.92,0.183,0.465,100,Generated based on literature patterns,0.8823529411764706,6.666666666666667,4.605170185988092,3.872983346207417,low
Synthetic_03278,generated,ophthalmology,RR,5,2018,8,82.2,0.1014,36.92,1.314,0.656,219,Generated based on literature patterns,0.625,43.8,5.389071729816501,2.23606797749979,high
Synthetic_03279,generated,dermatology,MD,24,2017,3,88.02,1.3967,187.0,-1.562,0.104,4805,Generated based on literature patterns,8.0,200.20833333333334,8.477412321404392,4.898979485566356,high
Synthetic_03280,generated,oncology,SMD,39,2015,7,67.56,0.3398,108.83,0.315,0.215,1595,Generated based on literature patterns,5.571428571428571,40.8974358974359,7.374629015218945,6.244997998398398,substantial
Synthetic_03281,generated,urology,COR,10,2016,3,65.78,0.4725,38.56,0.208,0.242,1538,Generated based on literature patterns,3.3333333333333335,153.8,7.338238150065589,3.1622776601683795,substantial
Synthetic_03282,generated,ophthalmology,MD,5,2020,6,33.0,1.0471,5.88,-1.012,0.089,2382,Generated based on literature patterns,0.8333333333333334,476.4,7.775695749915245,2.23606797749979,moderate
Synthetic_03283,generated,neurology,RR,31,2006,3,78.19,0.149,153.76,1.222,0.085,7064,Generated based on literature patterns,10.333333333333334,227.8709677419355,8.862766742283796,5.5677643628300215,high
Synthetic_03284,generated,urology,OR,9,2019,28,2.06,0.0096,10.48,0.839,0.059,11302,Generated based on literature patterns,0.32142857142857145,1255.7777777777778,9.33273498018979,3.0,low
Synthetic_03285,generated,dermatology,OR,6,2007,30,2.67,0.0367,6.57,1.113,0.083,8849,Generated based on literature patterns,0.2,1474.8333333333333,9.08805973726735,2.449489742783178,low
Synthetic_03286,generated,dermatology,COR,27,2017,14,83.4,1.0131,144.16,-0.435,0.046,36522,Generated based on literature patterns,1.9285714285714286,1352.6666666666667,10.50567009772198,5.196152422706632,high
Synthetic_03287,generated,endocrinology,MD,8,2008,23,6.55,0.0531,8.97,5.446,0.115,1986,Generated based on literature patterns,0.34782608695652173,248.25,7.593877844605118,2.8284271247461903,low
Synthetic_03288,generated,dermatology,COR,14,2007,15,56.18,0.6796,40.97,-0.319,0.236,700,Generated based on literature patterns,0.9333333333333333,50.0,6.551080335043404,3.7416573867739413,substantial
Synthetic_03289,generated,oncology,HR,9,2006,8,68.08,0.1198,33.09,0.939,0.043,18481,Generated based on literature patterns,1.125,2053.4444444444443,9.824498456285756,3.0,substantial
Synthetic_03290,generated,infectious_disease,MD,5,2009,8,41.28,0.5387,11.56,0.625,0.115,4932,Generated based on literature patterns,0.625,986.4,8.503499864284235,2.23606797749979,moderate
Synthetic_03291,generated,neurology,OR,14,2014,5,3.26,0.0134,19.58,1.183,0.166,897,Generated based on literature patterns,2.8,64.07142857142857,6.799055862058796,3.7416573867739413,low
Synthetic_03292,generated,cardiology,OR,16,1996,3,43.77,0.0682,41.03,0.802,0.326,1302,Generated based on literature patterns,5.333333333333333,81.375,7.171656822768514,4.0,moderate
Synthetic_03293,generated,cardiology,SMD,22,2008,3,79.84,0.3756,107.09,0.693,0.081,8183,Generated based on literature patterns,7.333333333333333,371.95454545454544,9.009814110527381,4.69041575982343,high
Synthetic_03294,generated,dermatology,SMD,23,2019,6,80.23,0.246,107.21,-0.825,0.373,418,Generated based on literature patterns,3.8333333333333335,18.17391304347826,6.035481432524756,4.795831523312719,high
Synthetic_03295,generated,oncology,OR,7,2007,5,70.27,0.2995,25.75,0.414,0.284,1200,Generated based on literature patterns,1.4,171.42857142857142,7.090076835776092,2.6457513110645907,substantial
Synthetic_03296,generated,neurology,HR,15,2012,13,38.23,0.0646,19.41,1.385,0.327,424,Generated based on literature patterns,1.1538461538461537,28.266666666666666,6.049733455231958,3.872983346207417,moderate
Synthetic_03297,generated,gastroenterology,RR,5,2006,14,51.06,0.165,3.33,1.166,0.096,5010,Generated based on literature patterns,0.35714285714285715,1002.0,8.51919119407891,2.23606797749979,substantial
Synthetic_03298,generated,infectious_disease,RR,6,2011,9,40.62,0.0869,11.88,0.481,0.468,100,Generated based on literature patterns,0.6666666666666666,16.666666666666668,4.605170185988092,2.449489742783178,moderate
Synthetic_03299,generated,immunology,MD,31,2004,5,42.48,0.5781,48.84,2.701,0.057,13987,Generated based on literature patterns,6.2,451.19354838709677,9.545883605779304,5.5677643628300215,moderate
Synthetic_03300,generated,urology,MD,8,2009,30,80.49,0.8903,42.12,0.743,0.185,1946,Generated based on literature patterns,0.26666666666666666,243.25,7.57353126274595,2.8284271247461903,high
Synthetic_03301,generated,infectious_disease,COR,22,2005,7,70.18,0.7908,77.6,0.205,0.112,2091,Generated based on literature patterns,3.142857142857143,95.04545454545455,7.645397699428633,4.69041575982343,substantial
Synthetic_03302,generated,pulmonology,COR,10,2005,8,76.21,1.0039,47.59,-0.268,0.093,9833,Generated based on literature patterns,1.25,983.3,9.193499354780156,3.1622776601683795,high
Synthetic_03303,generated,cardiology,MD,9,2003,5,92.95,2.4048,147.67,-0.166,0.32,891,Generated based on literature patterns,1.8,99.0,6.792344427470809,3.0,high
Synthetic_03304,generated,psychiatry,MD,5,2010,10,56.51,1.3155,6.22,-0.624,0.61,294,Generated based on literature patterns,0.5,58.8,5.683579767338681,2.23606797749979,substantial
Synthetic_03305,generated,endocrinology,HR,5,2017,6,80.11,0.2351,23.76,0.716,0.345,1004,Generated based on literature patterns,0.8333333333333334,200.8,6.911747300251674,2.23606797749979,high
Synthetic_03306,generated,cardiology,HR,5,2006,3,3.06,0.0157,12.04,0.43,0.082,5041,Generated based on literature patterns,1.6666666666666667,1008.2,8.525359754082631,2.23606797749979,low
Synthetic_03307,generated,neurology,HR,22,2004,5,72.25,0.397,70.07,1.235,0.703,272,Generated based on literature patterns,4.4,12.363636363636363,5.605802066295998,4.69041575982343,substantial
Synthetic_03308,generated,neurology,HR,16,2012,25,32.95,0.1239,18.72,1.388,0.049,34229,Generated based on literature patterns,0.64,2139.3125,10.440828516957847,4.0,moderate
Synthetic_03309,generated,neurology,OR,82,2014,9,46.46,0.1696,140.48,1.695,0.218,815,Generated based on literature patterns,9.11111111111111,9.939024390243903,6.703188113240863,9.055385138137417,moderate
Synthetic_03310,generated,urology,SMD,6,2022,5,5.97,0.0421,9.46,-0.186,0.109,1303,Generated based on literature patterns,1.2,217.16666666666666,7.172424577124845,2.449489742783178,low
Synthetic_03311,generated,ophthalmology,HR,15,2007,5,3.03,0.0184,13.77,0.859,0.079,5412,Generated based on literature patterns,3.0,360.8,8.59637398929068,3.872983346207417,low
Synthetic_03312,generated,dermatology,COR,7,2011,12,61.54,1.1269,32.24,-0.137,0.207,607,Generated based on literature patterns,0.5833333333333334,86.71428571428571,6.408528791059498,2.6457513110645907,substantial
Synthetic_03313,generated,rheumatology,MD,26,2010,30,61.34,1.584,56.53,-2.033,0.063,14059,Generated based on literature patterns,0.8666666666666667,540.7307692307693,9.551018039079908,5.0990195135927845,substantial
Synthetic_03314,generated,endocrinology,OR,14,2009,23,84.49,0.4103,86.12,0.804,0.327,929,Generated based on literature patterns,0.6086956521739131,66.35714285714286,6.834108738813838,3.7416573867739413,high
Synthetic_03315,generated,nephrology,MD,6,2024,5,91.0,0.5526,60.14,3.849,0.042,7759,Generated based on literature patterns,1.2,1293.1666666666667,8.95660873889395,2.449489742783178,high
Synthetic_03316,generated,pulmonology,RR,9,2009,3,77.91,0.1467,40.84,0.866,0.239,1010,Generated based on literature patterns,3.0,112.22222222222223,6.917705609835305,3.0,high
Synthetic_03317,generated,infectious_disease,SMD,23,2009,5,79.72,0.2666,117.95,0.332,0.251,1884,Generated based on literature patterns,4.6,81.91304347826087,7.5411524551363085,4.795831523312719,high
Synthetic_03318,generated,immunology,COR,5,2003,10,42.17,0.977,12.26,-0.011,0.075,7474,Generated based on literature patterns,0.5,1494.8,8.91918561004543,2.23606797749979,moderate
Synthetic_03319,generated,gastroenterology,COR,6,2012,3,55.97,0.9178,12.6,-0.404,0.364,460,Generated based on literature patterns,2.0,76.66666666666667,6.131226489483141,2.449489742783178,substantial
Synthetic_03320,generated,endocrinology,RR,6,2012,3,87.89,0.2606,45.8,0.735,0.395,337,Generated based on literature patterns,2.0,56.166666666666664,5.820082930352362,2.449489742783178,high
Synthetic_03321,generated,endocrinology,OR,16,2017,4,66.72,0.0829,41.29,0.379,0.174,1818,Generated based on literature patterns,4.0,113.625,7.505492274737424,4.0,substantial
Synthetic_03322,generated,immunology,COR,27,2019,16,5.94,0.1074,27.36,0.236,0.124,1876,Generated based on literature patterns,1.6875,69.48148148148148,7.53689712956617,5.196152422706632,low
Synthetic_03323,generated,gastroenterology,RR,5,2008,3,35.31,0.1443,10.33,0.446,0.128,1620,Generated based on literature patterns,1.6666666666666667,324.0,7.3901814282264295,2.23606797749979,moderate
Synthetic_03324,generated,urology,RR,5,2012,6,83.57,0.4063,31.13,0.54,0.114,2686,Generated based on literature patterns,0.8333333333333334,537.2,7.895808377083183,2.23606797749979,high
Synthetic_03325,generated,cardiology,RR,16,2004,3,0.88,0.0097,13.67,0.427,0.164,709,Generated based on literature patterns,5.333333333333333,44.3125,6.5638555265321274,4.0,low
Synthetic_03326,generated,rheumatology,COR,11,2014,11,57.83,1.2431,40.25,0.098,0.693,100,Generated based on literature patterns,1.0,9.090909090909092,4.605170185988092,3.3166247903554,substantial
Synthetic_03327,generated,immunology,OR,9,2014,3,36.38,0.0974,9.53,0.923,0.021,34127,Generated based on literature patterns,3.0,3791.8888888888887,10.437844138828483,3.0,moderate
Synthetic_03328,generated,gastroenterology,OR,7,2003,6,10.33,0.0169,6.49,0.388,0.13,1242,Generated based on literature patterns,1.1666666666666667,177.42857142857142,7.124478262493424,2.6457513110645907,low
Synthetic_03329,generated,immunology,HR,8,2006,21,35.06,0.0435,12.08,0.703,0.57,100,Generated based on literature patterns,0.38095238095238093,12.5,4.605170185988092,2.8284271247461903,moderate
Synthetic_03330,generated,ophthalmology,OR,22,2012,8,67.13,0.1218,65.55,1.627,0.125,4027,Generated based on literature patterns,2.75,183.04545454545453,8.300776960851454,4.69041575982343,substantial
Synthetic_03331,generated,oncology,RR,11,1997,3,84.1,0.12,89.88,0.76,0.188,1152,Generated based on literature patterns,3.6666666666666665,104.72727272727273,7.049254841255837,3.3166247903554,high
Synthetic_03332,generated,cardiology,MD,13,2012,10,57.34,0.3778,35.97,1.957,0.294,511,Generated based on literature patterns,1.3,39.30769230769231,6.236369590203704,3.605551275463989,substantial
Synthetic_03333,generated,infectious_disease,HR,11,2004,3,32.55,0.0938,14.25,1.04,0.158,3163,Generated based on literature patterns,3.6666666666666665,287.54545454545456,8.059276223305648,3.3166247903554,moderate
Synthetic_03334,generated,infectious_disease,OR,8,2014,13,1.18,0.0124,5.69,0.955,0.168,1094,Generated based on literature patterns,0.6153846153846154,136.75,6.9975959829819265,2.8284271247461903,low
Synthetic_03335,generated,infectious_disease,OR,27,2008,10,45.25,0.215,49.15,0.422,0.348,803,Generated based on literature patterns,2.7,29.74074074074074,6.688354713946762,5.196152422706632,moderate
Synthetic_03336,generated,oncology,COR,21,2016,3,32.22,0.4268,24.19,0.265,0.024,52780,Generated based on literature patterns,7.0,2513.3333333333335,10.873887610057315,4.58257569495584,moderate
Synthetic_03337,generated,infectious_disease,RR,18,2011,3,90.03,0.2078,158.39,0.434,0.955,216,Generated based on literature patterns,6.0,12.0,5.375278407684165,4.242640687119285,high
Synthetic_03338,generated,ophthalmology,MD,11,1997,5,89.03,1.2536,111.38,-0.248,0.13,1785,Generated based on literature patterns,2.2,162.27272727272728,7.487173694213739,3.3166247903554,high
Synthetic_03339,generated,urology,SMD,7,2011,8,5.67,0.0511,4.24,0.361,0.188,745,Generated based on literature patterns,0.875,106.42857142857143,6.61338421837956,2.6457513110645907,low
Synthetic_03340,generated,rheumatology,HR,8,2010,5,41.08,0.137,8.78,0.861,0.102,3911,Generated based on literature patterns,1.6,488.875,8.271548374755515,2.8284271247461903,moderate
Synthetic_03341,generated,nephrology,MD,24,2004,7,56.3,0.5801,44.7,-1.669,0.288,707,Generated based on literature patterns,3.4285714285714284,29.458333333333332,6.561030665896573,4.898979485566356,substantial
Synthetic_03342,generated,rheumatology,MD,18,2007,3,61.58,1.0289,36.29,-1.237,0.046,28074,Generated based on literature patterns,6.0,1559.6666666666667,10.24259916009427,4.242640687119285,substantial
Synthetic_03343,generated,dermatology,MD,5,2005,3,68.93,0.5701,9.19,0.723,0.138,6382,Generated based on literature patterns,1.6666666666666667,1276.4,8.76123680683819,2.23606797749979,substantial
Synthetic_03344,generated,ophthalmology,MD,5,2002,24,31.0,0.3408,5.62,1.454,0.07,9059,Generated based on literature patterns,0.20833333333333334,1811.8,9.111514017669288,2.23606797749979,moderate
Synthetic_03345,generated,pulmonology,COR,10,2003,16,80.85,1.6582,50.79,-0.214,0.438,865,Generated based on literature patterns,0.625,86.5,6.762729506931879,3.1622776601683795,high
Synthetic_03346,generated,urology,HR,13,2011,6,64.5,0.3798,25.81,0.872,0.111,9134,Generated based on literature patterns,2.1666666666666665,702.6153846153846,9.119758993744945,3.605551275463989,substantial
Synthetic_03347,generated,oncology,HR,19,2014,17,82.4,0.1077,106.08,1.319,0.238,1583,Generated based on literature patterns,1.1176470588235294,83.3157894736842,7.367077059881012,4.358898943540674,high
Synthetic_03348,generated,ophthalmology,COR,24,2009,12,31.64,0.7905,30.94,0.17,0.266,1965,Generated based on literature patterns,2.0,81.875,7.583247524303362,4.898979485566356,moderate
Synthetic_03349,generated,pulmonology,RR,12,2012,3,14.73,0.0482,21.41,0.478,0.113,6853,Generated based on literature patterns,4.0,571.0833333333334,8.832441791585824,3.4641016151377544,low
Synthetic_03350,generated,endocrinology,MD,35,2012,3,68.52,4.0252,125.28,0.754,0.128,669,Generated based on literature patterns,11.666666666666666,19.114285714285714,6.505784060128229,5.916079783099616,substantial
Synthetic_03351,generated,dermatology,OR,7,2012,5,67.77,0.2118,30.9,1.625,0.258,514,Generated based on literature patterns,1.4,73.42857142857143,6.2422232654551655,2.6457513110645907,substantial
Synthetic_03352,generated,ophthalmology,MD,23,2008,10,68.95,1.7547,93.54,0.635,0.522,437,Generated based on literature patterns,2.3,19.0,6.07993319509559,4.795831523312719,substantial
Synthetic_03353,generated,rheumatology,RR,12,2010,29,35.58,0.324,17.35,0.939,0.172,1430,Generated based on literature patterns,0.41379310344827586,119.16666666666667,7.265429723253953,3.4641016151377544,moderate
Synthetic_03354,generated,nephrology,COR,13,2014,13,81.36,1.2623,65.43,0.042,0.103,7727,Generated based on literature patterns,1.0,594.3846153846154,8.952475967933584,3.605551275463989,high
Synthetic_03355,generated,dermatology,HR,12,2008,10,54.17,0.0379,35.13,1.543,0.343,399,Generated based on literature patterns,1.2,33.25,5.988961416889864,3.4641016151377544,substantial
Synthetic_03356,generated,dermatology,HR,6,2014,5,51.76,0.5364,16.09,1.114,0.385,521,Generated based on literature patterns,1.2,86.83333333333333,6.255750041753367,2.449489742783178,substantial
Synthetic_03357,generated,urology,SMD,11,2008,5,35.98,0.1335,23.05,0.229,0.173,2792,Generated based on literature patterns,2.2,253.8181818181818,7.934513463882263,3.3166247903554,moderate
Synthetic_03358,generated,infectious_disease,HR,8,2016,6,80.98,0.1616,53.4,1.392,0.162,1491,Generated based on literature patterns,1.3333333333333333,186.375,7.307202314764738,2.8284271247461903,high
Synthetic_03359,generated,pulmonology,COR,14,2010,3,3.24,0.1307,5.53,-0.096,0.135,1540,Generated based on literature patterns,4.666666666666667,110.0,7.3395376954076745,3.7416573867739413,low
Synthetic_03360,generated,immunology,COR,11,2003,20,68.91,1.3435,42.86,-0.385,0.16,4704,Generated based on literature patterns,0.55,427.6363636363636,8.456168489578463,3.3166247903554,substantial
Synthetic_03361,generated,ophthalmology,COR,15,2013,7,42.73,0.6225,23.73,-0.627,0.088,2537,Generated based on literature patterns,2.142857142857143,169.13333333333333,7.838737559599282,3.872983346207417,moderate
Synthetic_03362,generated,gastroenterology,HR,12,2009,3,28.93,0.0996,25.96,0.908,0.062,6874,Generated based on literature patterns,4.0,572.8333333333334,8.835501457409778,3.4641016151377544,moderate
Synthetic_03363,generated,ophthalmology,SMD,14,2023,7,7.65,0.0353,21.7,0.192,0.216,718,Generated based on literature patterns,2.0,51.285714285714285,6.576469569048224,3.7416573867739413,low
Synthetic_03364,generated,urology,OR,5,2014,4,58.97,0.2356,5.5,1.505,0.274,838,Generated based on literature patterns,1.25,167.6,6.731018100482083,2.23606797749979,substantial
Synthetic_03365,generated,gastroenterology,RR,7,2009,3,77.31,0.1359,35.36,0.815,0.155,1665,Generated based on literature patterns,2.3333333333333335,237.85714285714286,7.417580402414544,2.6457513110645907,high
Synthetic_03366,generated,ophthalmology,OR,15,2006,4,62.83,0.1445,52.45,1.032,0.161,1601,Generated based on literature patterns,3.75,106.73333333333333,7.3783837129967145,3.872983346207417,substantial
Synthetic_03367,generated,urology,OR,9,2013,4,38.05,0.0911,19.14,1.221,0.072,4065,Generated based on literature patterns,2.25,451.6666666666667,8.310169021981912,3.0,moderate
Synthetic_03368,generated,urology,MD,10,2001,6,46.85,0.6652,21.78,1.018,0.074,5825,Generated based on literature patterns,1.6666666666666667,582.5,8.669914278433902,3.1622776601683795,moderate
Synthetic_03369,generated,dermatology,OR,22,2027,13,64.31,0.1837,59.7,0.626,0.042,46339,Generated based on literature patterns,1.6923076923076923,2106.318181818182,10.743739218124693,4.69041575982343,substantial
Synthetic_03370,generated,ophthalmology,HR,14,2007,10,34.14,0.0317,25.85,1.03,0.024,35482,Generated based on literature patterns,1.4,2534.4285714285716,10.476780804620594,3.7416573867739413,moderate
Synthetic_03371,generated,endocrinology,RR,14,2016,7,62.63,0.1814,39.64,1.217,0.532,373,Generated based on literature patterns,2.0,26.642857142857142,5.921578419643816,3.7416573867739413,substantial
Synthetic_03372,generated,pulmonology,HR,21,2009,7,59.85,0.3455,43.29,1.536,0.052,6229,Generated based on literature patterns,3.0,296.6190476190476,8.736971085254146,4.58257569495584,substantial
Synthetic_03373,generated,gastroenterology,HR,11,2019,6,34.81,0.0642,15.13,0.693,0.143,1493,Generated based on literature patterns,1.8333333333333333,135.72727272727272,7.30854279753919,3.3166247903554,moderate
Synthetic_03374,generated,ophthalmology,RR,8,2006,3,76.36,0.1103,29.97,0.316,0.064,5715,Generated based on literature patterns,2.6666666666666665,714.375,8.65084957622891,2.8284271247461903,high
Synthetic_03375,generated,neurology,COR,23,2010,3,55.7,0.5915,49.9,0.168,0.2,430,Generated based on literature patterns,7.666666666666667,18.695652173913043,6.063785208687608,4.795831523312719,substantial
Synthetic_03376,generated,ophthalmology,COR,6,2018,10,1.15,0.101,9.46,0.221,0.249,443,Generated based on literature patterns,0.6,73.83333333333333,6.093569770045136,2.449489742783178,low
Synthetic_03377,generated,ophthalmology,MD,5,2012,6,70.96,1.0129,14.59,0.301,0.209,1694,Generated based on literature patterns,0.8333333333333334,338.8,7.434847875211999,2.23606797749979,substantial
Synthetic_03378,generated,nephrology,MD,11,2011,5,46.52,1.287,15.83,0.944,0.271,565,Generated based on literature patterns,2.2,51.36363636363637,6.336825731146441,3.3166247903554,moderate
Synthetic_03379,generated,urology,OR,5,2011,13,66.26,0.093,9.61,0.825,0.175,563,Generated based on literature patterns,0.38461538461538464,112.6,6.333279628139691,2.23606797749979,substantial
Synthetic_03380,generated,gastroenterology,OR,39,2009,3,2.62,0.0178,37.27,1.043,0.049,4497,Generated based on literature patterns,13.0,115.3076923076923,8.411165786770708,6.244997998398398,low
Synthetic_03381,generated,neurology,RR,14,2020,4,44.7,0.1287,29.7,1.087,0.044,13748,Generated based on literature patterns,3.5,982.0,9.528648637969724,3.7416573867739413,moderate
Synthetic_03382,generated,oncology,SMD,7,2009,3,33.63,0.1235,10.72,0.45,0.43,212,Generated based on literature patterns,2.3333333333333335,30.285714285714285,5.356586274672012,2.6457513110645907,moderate
Synthetic_03383,generated,gastroenterology,RR,16,2003,4,53.61,0.1558,24.55,0.965,0.288,1584,Generated based on literature patterns,4.0,99.0,7.367708572374371,4.0,substantial
Synthetic_03384,generated,nephrology,HR,15,2005,3,11.79,0.0473,12.54,0.37,0.098,2957,Generated based on literature patterns,5.0,197.13333333333333,7.9919305198524775,3.872983346207417,low
Synthetic_03385,generated,endocrinology,OR,20,2004,12,7.15,0.0304,12.44,1.706,0.296,298,Generated based on literature patterns,1.6666666666666667,14.9,5.697093486505405,4.47213595499958,low
Synthetic_03386,generated,nephrology,SMD,10,2006,5,88.21,0.4174,98.39,-0.211,0.423,415,Generated based on literature patterns,2.0,41.5,6.028278520230698,3.1622776601683795,high
Synthetic_03387,generated,endocrinology,HR,21,2013,13,81.07,0.3931,138.33,0.729,0.213,2060,Generated based on literature patterns,1.6153846153846154,98.0952380952381,7.630461261783627,4.58257569495584,high
Synthetic_03388,generated,cardiology,SMD,46,2017,23,4.78,0.0511,38.93,-0.249,0.06,6012,Generated based on literature patterns,2.0,130.69565217391303,8.701512750872865,6.782329983125268,low
Synthetic_03389,generated,rheumatology,MD,16,2007,30,47.17,0.7248,28.18,-0.37,0.147,3009,Generated based on literature patterns,0.5333333333333333,188.0625,8.009363076630045,4.0,moderate
Synthetic_03390,generated,dermatology,COR,14,2013,6,61.89,1.1908,41.23,-0.148,0.093,24166,Generated based on literature patterns,2.3333333333333335,1726.142857142857,10.092701965587253,3.7416573867739413,substantial
Synthetic_03391,generated,neurology,MD,13,2005,6,80.0,2.1657,65.47,-2.042,0.162,2699,Generated based on literature patterns,2.1666666666666665,207.6153846153846,7.900636613018005,3.605551275463989,high
Synthetic_03392,generated,endocrinology,COR,16,2020,4,3.63,0.0601,17.95,-0.594,0.358,223,Generated based on literature patterns,4.0,13.9375,5.407171771460119,4.0,low
Synthetic_03393,generated,endocrinology,COR,9,2006,3,37.25,0.3368,11.0,0.23,0.321,369,Generated based on literature patterns,3.0,41.0,5.910796644040527,3.0,moderate
Synthetic_03394,generated,nephrology,COR,6,2008,4,37.15,0.4087,12.28,-0.061,0.038,20220,Generated based on literature patterns,1.5,3370.0,9.914427492574463,2.449489742783178,moderate
Synthetic_03395,generated,neurology,RR,12,2015,3,6.25,0.042,9.95,2.14,0.204,715,Generated based on literature patterns,4.0,59.583333333333336,6.5722825426940075,3.4641016151377544,low
Synthetic_03396,generated,pulmonology,OR,10,2008,5,5.51,0.0372,6.53,0.88,0.062,2880,Generated based on literature patterns,2.0,288.0,7.965545573129992,3.1622776601683795,low
Synthetic_03397,generated,psychiatry,COR,17,2013,4,3.03,0.0728,20.56,-0.247,0.04,3987,Generated based on literature patterns,4.25,234.52941176470588,8.290794347381356,4.123105625617661,low
Synthetic_03398,generated,cardiology,OR,8,2015,4,77.52,0.1494,34.4,0.499,0.297,776,Generated based on literature patterns,2.0,97.0,6.654152520183219,2.8284271247461903,high
Synthetic_03399,generated,pulmonology,SMD,5,2014,9,38.55,0.2176,7.91,-0.347,0.131,4260,Generated based on literature patterns,0.5555555555555556,852.0,8.357024439263416,2.23606797749979,moderate
Synthetic_03400,generated,psychiatry,SMD,11,2013,7,28.92,0.1952,12.55,0.254,0.125,3724,Generated based on literature patterns,1.5714285714285714,338.54545454545456,8.222553638396958,3.3166247903554,moderate
Synthetic_03401,generated,immunology,RR,18,2016,9,63.98,0.1353,46.25,0.509,0.12,3280,Generated based on literature patterns,2.0,182.22222222222223,8.09559870137819,4.242640687119285,substantial
Synthetic_03402,generated,endocrinology,COR,6,2015,11,89.03,0.5554,45.7,-0.237,0.325,911,Generated based on literature patterns,0.5454545454545454,151.83333333333334,6.814542897259958,2.449489742783178,high
Synthetic_03403,generated,urology,SMD,5,2000,6,2.63,0.043,0.66,0.197,0.169,686,Generated based on literature patterns,0.8333333333333334,137.2,6.530877627725885,2.23606797749979,low
Synthetic_03404,generated,cardiology,SMD,9,2015,3,28.0,0.063,11.04,0.25,0.168,1222,Generated based on literature patterns,3.0,135.77777777777777,7.108244139731541,3.0,moderate
Synthetic_03405,generated,immunology,SMD,12,2016,25,10.04,0.0252,17.57,0.481,0.128,1394,Generated based on literature patterns,0.48,116.16666666666667,7.2399325913204695,3.4641016151377544,low
Synthetic_03406,generated,rheumatology,RR,15,2001,24,63.75,0.2084,46.08,1.476,0.166,662,Generated based on literature patterns,0.625,44.13333333333333,6.495265555937008,3.872983346207417,substantial
Synthetic_03407,generated,psychiatry,OR,18,2003,3,3.19,0.0146,15.76,0.619,0.049,7299,Generated based on literature patterns,6.0,405.5,8.895492631451633,4.242640687119285,low
Synthetic_03408,generated,urology,OR,12,2015,5,37.19,0.0497,15.63,0.82,0.334,206,Generated based on literature patterns,2.4,17.166666666666668,5.327876168789581,3.4641016151377544,moderate
Synthetic_03409,generated,oncology,RR,15,2015,21,84.23,0.2188,80.23,0.515,0.07,6902,Generated based on literature patterns,0.7142857142857143,460.1333333333333,8.839566503657949,3.872983346207417,high
Synthetic_03410,generated,rheumatology,SMD,8,2007,11,79.72,0.5142,35.23,-0.362,0.144,2623,Generated based on literature patterns,0.7272727272727273,327.875,7.872073979866873,2.8284271247461903,high
Synthetic_03411,generated,psychiatry,HR,5,2004,7,32.54,0.0397,8.41,0.725,0.065,10352,Generated based on literature patterns,0.7142857142857143,2070.4,9.244935016740682,2.23606797749979,moderate
Synthetic_03412,generated,oncology,HR,7,2009,27,8.26,0.0415,4.48,1.1,0.064,8169,Generated based on literature patterns,0.25925925925925924,1167.0,9.00810178134187,2.6457513110645907,low
Synthetic_03413,generated,ophthalmology,MD,5,2016,4,78.3,0.9155,11.12,-0.436,0.615,211,Generated based on literature patterns,1.25,42.2,5.351858133476067,2.23606797749979,high
Synthetic_03414,generated,ophthalmology,MD,11,2007,6,63.44,1.1762,29.87,-4.422,0.307,1053,Generated based on literature patterns,1.8333333333333333,95.72727272727273,6.959398512133975,3.3166247903554,substantial
Synthetic_03415,generated,pulmonology,RR,32,2004,4,65.28,0.2383,104.34,0.851,0.057,7744,Generated based on literature patterns,8.0,242.0,8.954673628956414,5.656854249492381,substantial
Synthetic_03416,generated,cardiology,HR,23,2010,5,53.12,0.1192,40.69,0.636,0.148,761,Generated based on literature patterns,4.6,33.08695652173913,6.634633357861686,4.795831523312719,substantial
Synthetic_03417,generated,nephrology,HR,11,2012,9,27.69,0.0322,14.22,1.212,0.076,7168,Generated based on literature patterns,1.2222222222222223,651.6363636363636,8.877381954654766,3.3166247903554,moderate
Synthetic_03418,generated,psychiatry,RR,7,2017,3,2.32,0.0148,5.73,0.29,0.152,904,Generated based on literature patterns,2.3333333333333335,129.14285714285714,6.806829360392176,2.6457513110645907,low
Synthetic_03419,generated,ophthalmology,MD,11,2015,9,57.6,0.9,29.53,0.924,0.432,335,Generated based on literature patterns,1.2222222222222223,30.454545454545453,5.814130531825066,3.3166247903554,substantial
Synthetic_03420,generated,infectious_disease,MD,18,2015,9,29.58,0.5882,30.85,2.219,0.143,2313,Generated based on literature patterns,2.0,128.5,7.746300662231439,4.242640687119285,moderate
Synthetic_03421,generated,oncology,HR,38,2007,5,65.02,0.1496,115.84,1.31,0.241,918,Generated based on literature patterns,7.6,24.157894736842106,6.822197390620491,6.164414002968976,substantial
Synthetic_03422,generated,dermatology,MD,24,2013,7,64.55,0.5704,77.94,0.767,0.135,5901,Generated based on literature patterns,3.4285714285714284,245.875,8.682877107057168,4.898979485566356,substantial
Synthetic_03423,generated,immunology,HR,5,2011,8,62.78,0.1846,17.07,0.755,0.143,4036,Generated based on literature patterns,0.625,807.2,8.3030093814735,2.23606797749979,substantial
Synthetic_03424,generated,rheumatology,OR,10,2014,10,2.83,0.0314,11.87,0.578,0.06,5581,Generated based on literature patterns,1.0,558.1,8.627123250788433,3.1622776601683795,low
Synthetic_03425,generated,ophthalmology,HR,16,2016,4,63.99,0.1791,41.02,1.51,0.397,271,Generated based on literature patterns,4.0,16.9375,5.602118820879701,4.0,substantial
Synthetic_03426,generated,oncology,OR,7,2008,15,38.1,0.068,10.81,0.832,0.116,4206,Generated based on literature patterns,0.4666666666666667,600.8571428571429,8.344267356262645,2.6457513110645907,moderate
Synthetic_03427,generated,pulmonology,COR,10,2015,6,32.44,0.5134,17.06,-0.393,0.046,12511,Generated based on literature patterns,1.6666666666666667,1251.1,9.4343635363174,3.1622776601683795,moderate
Synthetic_03428,generated,nephrology,MD,6,2011,9,58.67,0.5661,18.92,-0.895,0.274,375,Generated based on literature patterns,0.6666666666666666,62.5,5.926926025970411,2.449489742783178,substantial
Synthetic_03429,generated,psychiatry,RR,15,2015,6,44.6,0.1874,18.09,0.6,0.161,664,Generated based on literature patterns,2.5,44.266666666666666,6.498282149476434,3.872983346207417,moderate
Synthetic_03430,generated,psychiatry,RR,7,2008,4,4.49,0.0238,3.57,1.29,0.111,2781,Generated based on literature patterns,1.75,397.2857142857143,7.930565854233965,2.6457513110645907,low
Synthetic_03431,generated,immunology,RR,13,2011,3,26.59,0.115,14.6,0.474,0.054,19403,Generated based on literature patterns,4.333333333333333,1492.5384615384614,9.873182972271273,3.605551275463989,moderate
Synthetic_03432,generated,nephrology,OR,17,2008,7,84.76,0.2231,84.89,0.879,0.268,653,Generated based on literature patterns,2.4285714285714284,38.411764705882355,6.481577129276431,4.123105625617661,high
Synthetic_03433,generated,gastroenterology,RR,39,2015,5,59.02,0.0717,98.6,0.596,0.026,75302,Generated based on literature patterns,7.8,1930.820512820513,11.229261973860229,6.244997998398398,substantial
Synthetic_03434,generated,infectious_disease,SMD,26,2011,7,4.64,0.0631,24.73,-0.321,0.189,1254,Generated based on literature patterns,3.7142857142857144,48.23076923076923,7.134093721192866,5.0990195135927845,low
Synthetic_03435,generated,nephrology,RR,5,2016,22,57.06,0.185,7.33,0.83,0.148,2136,Generated based on literature patterns,0.22727272727272727,427.2,7.666690200080086,2.23606797749979,substantial
Synthetic_03436,generated,pulmonology,COR,17,2010,3,27.87,0.5233,26.86,-0.579,0.359,258,Generated based on literature patterns,5.666666666666667,15.176470588235293,5.552959584921617,4.123105625617661,moderate
Synthetic_03437,generated,infectious_disease,HR,28,2013,7,4.89,0.0114,25.89,0.721,0.07,4515,Generated based on literature patterns,4.0,161.25,8.415160465851086,5.291502622129181,low
Synthetic_03438,generated,urology,OR,18,2008,3,80.49,0.1475,85.71,2.123,0.645,106,Generated based on literature patterns,6.0,5.888888888888889,4.663439094112067,4.242640687119285,high
Synthetic_03439,generated,oncology,OR,20,2012,6,79.98,0.1362,96.3,1.052,0.098,7484,Generated based on literature patterns,3.3333333333333335,374.2,8.92052268739398,4.47213595499958,high
Synthetic_03440,generated,cardiology,SMD,5,2009,8,45.32,0.3099,12.32,0.615,0.087,5412,Generated based on literature patterns,0.625,1082.4,8.59637398929068,2.23606797749979,moderate
Synthetic_03441,generated,endocrinology,MD,16,2009,3,39.95,0.6431,23.29,3.506,0.044,23117,Generated based on literature patterns,5.333333333333333,1444.8125,10.048323556581577,4.0,moderate
Synthetic_03442,generated,ophthalmology,MD,15,2022,3,83.81,0.9015,87.26,2.354,0.217,1538,Generated based on literature patterns,5.0,102.53333333333333,7.338238150065589,3.872983346207417,high
Synthetic_03443,generated,endocrinology,OR,20,2009,5,33.77,0.0578,34.92,1.301,0.11,5937,Generated based on literature patterns,4.0,296.85,8.688959234270676,4.47213595499958,moderate
Synthetic_03444,generated,infectious_disease,HR,6,2015,15,4.93,0.0052,9.82,0.875,0.04,44488,Generated based on literature patterns,0.4,7414.666666666667,10.7029747688674,2.449489742783178,low
Synthetic_03445,generated,pulmonology,MD,5,2015,11,5.26,0.1092,2.79,2.274,0.03,39873,Generated based on literature patterns,0.45454545454545453,7974.6,10.593454682089442,2.23606797749979,low
Synthetic_03446,generated,infectious_disease,MD,16,2002,12,1.2,0.0627,14.45,0.811,0.14,1842,Generated based on literature patterns,1.3333333333333333,115.125,7.518607216815252,4.0,low
Synthetic_03447,generated,neurology,COR,13,2000,11,0.84,0.0677,6.6,-0.165,0.101,506,Generated based on literature patterns,1.1818181818181819,38.92307692307692,6.226536669287466,3.605551275463989,low
Synthetic_03448,generated,infectious_disease,MD,5,2011,25,57.73,0.6319,7.81,-1.821,0.134,2529,Generated based on literature patterns,0.2,505.8,7.835579246669965,2.23606797749979,substantial
Synthetic_03449,generated,psychiatry,COR,18,2025,12,89.82,1.3047,178.54,-0.286,0.238,500,Generated based on literature patterns,1.5,27.77777777777778,6.214608098422191,4.242640687119285,high
Synthetic_03450,generated,nephrology,MD,9,2012,5,85.31,0.8315,39.59,1.235,0.151,4907,Generated based on literature patterns,1.8,545.2222222222222,8.498418036089904,3.0,high
Synthetic_03451,generated,gastroenterology,SMD,15,2022,8,44.12,0.5342,44.87,0.418,0.12,2545,Generated based on literature patterns,1.875,169.66666666666666,7.841885928984623,3.872983346207417,moderate
Synthetic_03452,generated,psychiatry,COR,9,2012,8,30.15,0.4042,7.1,0.154,0.119,4547,Generated based on literature patterns,1.125,505.22222222222223,8.42222295382501,3.0,moderate
Synthetic_03453,generated,oncology,HR,7,2019,12,52.81,0.1928,13.86,0.634,0.36,563,Generated based on literature patterns,0.5833333333333334,80.42857142857143,6.333279628139691,2.6457513110645907,substantial
Synthetic_03454,generated,endocrinology,OR,21,1996,13,59.36,0.0677,55.56,1.675,0.058,6104,Generated based on literature patterns,1.6153846153846154,290.6666666666667,8.716699572964293,4.58257569495584,substantial
Synthetic_03455,generated,nephrology,HR,18,2013,4,2.45,0.028,21.8,0.376,0.123,5209,Generated based on literature patterns,4.5,289.3888888888889,8.558143177745192,4.242640687119285,low
Synthetic_03456,generated,endocrinology,SMD,16,2013,9,10.41,0.0664,16.79,-0.044,0.097,4457,Generated based on literature patterns,1.7777777777777777,278.5625,8.402231172946555,4.0,low
Synthetic_03457,generated,cardiology,COR,9,2011,13,9.86,0.3265,12.37,0.368,0.09,3642,Generated based on literature patterns,0.6923076923076923,404.6666666666667,8.200288260287554,3.0,low
Synthetic_03458,generated,nephrology,RR,11,2006,6,82.2,0.4177,61.07,0.726,0.557,302,Generated based on literature patterns,1.8333333333333333,27.454545454545453,5.71042701737487,3.3166247903554,high
Synthetic_03459,generated,neurology,COR,25,2003,12,73.39,1.6816,121.07,-0.503,0.371,869,Generated based on literature patterns,2.0833333333333335,34.76,6.767343125265392,5.0,substantial
Synthetic_03460,generated,infectious_disease,SMD,7,2007,14,89.49,0.3392,79.25,-0.063,0.276,2026,Generated based on literature patterns,0.5,289.42857142857144,7.613818684808629,2.6457513110645907,high
Synthetic_03461,generated,psychiatry,COR,21,2009,13,80.23,2.8529,117.95,0.151,0.406,2042,Generated based on literature patterns,1.6153846153846154,97.23809523809524,7.621684998724611,4.58257569495584,high
Synthetic_03462,generated,nephrology,COR,7,2012,8,31.4,0.4764,7.03,0.077,0.196,1374,Generated based on literature patterns,0.875,196.28571428571428,7.2254814727822945,2.6457513110645907,moderate
Synthetic_03463,generated,dermatology,SMD,5,2003,5,62.21,0.1776,28.0,0.732,0.11,3568,Generated based on literature patterns,1.0,713.6,8.1797604936999,2.23606797749979,substantial
Synthetic_03464,generated,oncology,HR,18,2015,5,2.28,0.0121,17.12,2.865,0.099,3257,Generated based on literature patterns,3.6,180.94444444444446,8.088561805276234,4.242640687119285,low
Synthetic_03465,generated,dermatology,OR,20,2013,11,59.8,0.13,42.75,1.195,0.035,9175,Generated based on literature patterns,1.8181818181818181,458.75,9.12423767292277,4.47213595499958,substantial
Synthetic_03466,generated,psychiatry,SMD,5,1999,7,72.49,0.48,12.99,-0.529,0.299,413,Generated based on literature patterns,0.7142857142857143,82.6,6.023447592961033,2.23606797749979,substantial
Synthetic_03467,generated,pulmonology,MD,29,2004,3,44.28,0.9285,61.23,-2.37,0.097,4021,Generated based on literature patterns,9.666666666666666,138.6551724137931,8.299285906897275,5.385164807134504,moderate
Synthetic_03468,generated,pulmonology,OR,16,2015,12,82.95,0.1591,85.94,0.713,0.071,7823,Generated based on literature patterns,1.3333333333333333,488.9375,8.96482339168508,4.0,high
Synthetic_03469,generated,nephrology,SMD,5,2014,4,37.31,0.3073,5.78,-0.485,0.387,219,Generated based on literature patterns,1.25,43.8,5.389071729816501,2.23606797749979,moderate
Synthetic_03470,generated,gastroenterology,MD,57,2011,9,5.66,0.0656,52.22,-1.969,0.152,977,Generated based on literature patterns,6.333333333333333,17.140350877192983,6.884486652042782,7.54983443527075,low
Synthetic_03471,generated,neurology,COR,5,2024,7,90.61,1.5484,61.71,-0.031,0.349,762,Generated based on literature patterns,0.7142857142857143,152.4,6.635946555686647,2.23606797749979,high
Synthetic_03472,generated,endocrinology,OR,12,2014,7,2.47,0.0182,14.37,0.562,0.023,19882,Generated based on literature patterns,1.7142857142857142,1656.8333333333333,9.897570078772091,3.4641016151377544,low
Synthetic_03473,generated,oncology,MD,26,2011,3,39.89,0.9835,35.7,-0.648,0.322,745,Generated based on literature patterns,8.666666666666666,28.653846153846153,6.61338421837956,5.0990195135927845,moderate
Synthetic_03474,generated,neurology,HR,17,2010,14,62.09,0.3757,40.08,1.811,0.166,3002,Generated based on literature patterns,1.2142857142857142,176.58823529411765,8.007034012193408,4.123105625617661,substantial
Synthetic_03475,generated,nephrology,OR,5,2018,15,79.05,0.2415,24.35,0.724,0.331,468,Generated based on literature patterns,0.3333333333333333,93.6,6.148468295917647,2.23606797749979,high
Synthetic_03476,generated,oncology,SMD,11,2015,10,61.11,0.1488,34.22,-0.592,0.067,10916,Generated based on literature patterns,1.1,992.3636363636364,9.29798488182823,3.3166247903554,substantial
Synthetic_03477,generated,psychiatry,RR,9,2012,5,41.8,0.3654,21.87,2.0,0.151,2461,Generated based on literature patterns,1.8,273.44444444444446,7.8083230503910555,3.0,moderate
Synthetic_03478,generated,cardiology,MD,23,2009,18,87.38,1.0614,144.83,-1.077,0.214,1992,Generated based on literature patterns,1.2777777777777777,86.6086956521739,7.596894438144544,4.795831523312719,high
Synthetic_03479,generated,cardiology,HR,27,2013,7,37.79,0.1763,47.64,0.98,0.111,6184,Generated based on literature patterns,3.857142857142857,229.03703703703704,8.729720590267258,5.196152422706632,moderate
Synthetic_03480,generated,psychiatry,HR,5,2019,6,38.98,0.1348,13.06,0.706,0.519,397,Generated based on literature patterns,0.8333333333333334,79.4,5.983936280687191,2.23606797749979,moderate
Synthetic_03481,generated,ophthalmology,MD,15,2003,8,78.24,3.1237,85.95,-1.514,0.275,1510,Generated based on literature patterns,1.875,100.66666666666667,7.31986492980897,3.872983346207417,high
Synthetic_03482,generated,gastroenterology,OR,26,2008,6,27.8,0.1509,48.38,1.16,0.056,7240,Generated based on literature patterns,4.333333333333333,278.46153846153845,8.887376485379763,5.0990195135927845,moderate
Synthetic_03483,generated,neurology,MD,16,2021,3,76.02,0.3483,63.88,-0.619,0.116,11820,Generated based on literature patterns,5.333333333333333,738.75,9.377548290960089,4.0,high
Synthetic_03484,generated,infectious_disease,HR,14,2002,7,3.9,0.0254,8.56,1.459,0.35,190,Generated based on literature patterns,2.0,13.571428571428571,5.247024072160486,3.7416573867739413,low
Synthetic_03485,generated,ophthalmology,COR,8,2017,4,73.33,0.9633,28.31,-0.065,0.155,1897,Generated based on literature patterns,2.0,237.125,7.5480289699350145,2.8284271247461903,substantial
Synthetic_03486,generated,urology,COR,25,2003,30,44.41,1.2096,40.13,0.317,0.178,999,Generated based on literature patterns,0.8333333333333334,39.96,6.906754778648554,5.0,moderate
Synthetic_03487,generated,immunology,OR,5,2011,3,1.54,0.0274,2.32,0.586,0.039,15339,Generated based on literature patterns,1.6666666666666667,3067.8,9.638153883748108,2.23606797749979,low
Synthetic_03488,generated,psychiatry,MD,33,2016,3,52.54,0.6949,91.02,3.129,0.456,470,Generated based on literature patterns,11.0,14.242424242424242,6.152732694704104,5.744562646538029,substantial
Synthetic_03489,generated,pulmonology,COR,13,2011,24,86.64,0.9839,83.91,-0.142,0.507,205,Generated based on literature patterns,0.5416666666666666,15.76923076923077,5.3230099791384085,3.605551275463989,high
Synthetic_03490,generated,neurology,SMD,14,2012,3,32.2,0.2042,21.07,0.093,0.523,100,Generated based on literature patterns,4.666666666666667,7.142857142857143,4.605170185988092,3.7416573867739413,moderate
Synthetic_03491,generated,nephrology,COR,5,2016,18,4.36,0.084,5.49,0.566,0.086,5803,Generated based on literature patterns,0.2777777777777778,1160.6,8.666130304190608,2.23606797749979,low
Synthetic_03492,generated,gastroenterology,RR,14,2009,21,7.55,0.0281,12.81,1.295,0.043,19590,Generated based on literature patterns,0.6666666666666666,1399.2857142857142,9.882774510938587,3.7416573867739413,low
Synthetic_03493,generated,oncology,MD,5,2012,14,5.1,0.1678,2.64,0.617,0.447,133,Generated based on literature patterns,0.35714285714285715,26.6,4.890349128221754,2.23606797749979,low
Synthetic_03494,generated,cardiology,HR,5,2011,13,72.72,0.4282,29.6,0.75,0.209,1836,Generated based on literature patterns,0.38461538461538464,367.2,7.515344571180436,2.23606797749979,substantial
Synthetic_03495,generated,cardiology,MD,7,2007,6,59.3,1.4724,24.83,0.77,0.429,226,Generated based on literature patterns,1.1666666666666667,32.285714285714285,5.420534999272286,2.6457513110645907,substantial
Synthetic_03496,generated,endocrinology,HR,19,2017,7,63.34,0.2297,58.48,1.06,0.075,10183,Generated based on literature patterns,2.7142857142857144,535.9473684210526,9.228474942171665,4.358898943540674,substantial
Synthetic_03497,generated,psychiatry,HR,29,2009,16,78.16,0.1238,150.35,0.895,0.111,3948,Generated based on literature patterns,1.8125,136.13793103448276,8.280964400553373,5.385164807134504,high
Synthetic_03498,generated,gastroenterology,RR,8,2011,19,82.76,0.1093,51.12,1.321,0.311,1659,Generated based on literature patterns,0.42105263157894735,207.375,7.413970290190444,2.8284271247461903,high
Synthetic_03499,generated,endocrinology,OR,9,2022,3,40.04,0.1441,14.23,0.685,0.149,968,Generated based on literature patterns,3.0,107.55555555555556,6.875232087276577,3.0,moderate
Synthetic_03500,generated,endocrinology,RR,23,2011,14,2.71,0.0171,29.54,1.068,0.031,11609,Generated based on literature patterns,1.6428571428571428,504.7391304347826,9.359535938338036,4.795831523312719,low
Synthetic_03501,generated,ophthalmology,MD,9,2009,13,87.57,1.3649,71.97,0.416,0.184,1896,Generated based on literature patterns,0.6923076923076923,210.66666666666666,7.547501682814967,3.0,high
Synthetic_03502,generated,dermatology,OR,8,2007,3,0.61,0.0086,9.8,1.451,0.176,1230,Generated based on literature patterns,2.6666666666666665,153.75,7.114769448366463,2.8284271247461903,low
Synthetic_03503,generated,urology,OR,12,2012,4,82.54,0.2443,78.45,1.895,0.268,861,Generated based on literature patterns,3.0,71.75,6.7580945044277305,3.4641016151377544,high
Synthetic_03504,generated,nephrology,MD,10,2012,9,41.67,1.9408,18.24,-1.366,0.231,1226,Generated based on literature patterns,1.1111111111111112,122.6,7.111512116496157,3.1622776601683795,moderate
Synthetic_03505,generated,psychiatry,RR,7,2010,3,86.83,0.339,52.84,0.473,0.246,1713,Generated based on literature patterns,2.3333333333333335,244.71428571428572,7.44600149832412,2.6457513110645907,high
Synthetic_03506,generated,infectious_disease,OR,8,2001,6,73.0,0.0698,19.89,0.382,0.223,779,Generated based on literature patterns,1.3333333333333333,97.375,6.658011045870748,2.8284271247461903,substantial
Synthetic_03507,generated,infectious_disease,COR,8,2017,7,2.72,0.1472,3.9,0.827,0.236,438,Generated based on literature patterns,1.1428571428571428,54.75,6.082218910376446,2.8284271247461903,low
Synthetic_03508,generated,urology,OR,5,2007,17,57.36,0.128,16.18,1.419,0.14,2422,Generated based on literature patterns,0.29411764705882354,484.4,7.792348924113037,2.23606797749979,substantial
Synthetic_03509,generated,neurology,OR,19,2012,4,52.74,0.1933,60.9,0.724,0.116,5901,Generated based on literature patterns,4.75,310.57894736842104,8.682877107057168,4.358898943540674,substantial
Synthetic_03510,generated,gastroenterology,RR,11,2011,3,37.02,0.0981,16.36,0.969,0.367,184,Generated based on literature patterns,3.6666666666666665,16.727272727272727,5.214935757608986,3.3166247903554,moderate
Synthetic_03511,generated,psychiatry,HR,5,2010,6,35.99,0.0945,4.98,0.773,0.216,337,Generated based on literature patterns,0.8333333333333334,67.4,5.820082930352362,2.23606797749979,moderate
Synthetic_03512,generated,pulmonology,SMD,5,2010,7,5.61,0.0269,5.97,-0.959,0.061,3637,Generated based on literature patterns,0.7142857142857143,727.4,8.19891444498699,2.23606797749979,low
Synthetic_03513,generated,nephrology,COR,15,2018,15,39.92,0.4804,19.52,-0.275,0.064,7114,Generated based on literature patterns,1.0,474.26666666666665,8.8698199525084,3.872983346207417,moderate
Synthetic_03514,generated,psychiatry,SMD,23,2015,5,30.19,0.0464,29.88,0.784,0.154,4916,Generated based on literature patterns,4.6,213.7391304347826,8.500250470685925,4.795831523312719,moderate
Synthetic_03515,generated,oncology,HR,9,2009,4,90.28,0.2234,97.52,0.487,0.075,9231,Generated based on literature patterns,2.25,1025.6666666666667,9.130322663990151,3.0,high
Synthetic_03516,generated,neurology,RR,20,2014,3,54.75,0.0554,55.28,0.959,0.195,1155,Generated based on literature patterns,6.666666666666667,57.75,7.051855622955894,4.47213595499958,substantial
Synthetic_03517,generated,gastroenterology,COR,11,2003,3,2.97,0.1207,14.68,-0.08,0.19,759,Generated based on literature patterns,3.6666666666666665,69.0,6.63200177739563,3.3166247903554,low
Synthetic_03518,generated,gastroenterology,SMD,6,2012,5,79.84,0.562,32.37,-0.443,0.07,24608,Generated based on literature patterns,1.2,4101.333333333333,10.11082687230537,2.449489742783178,high
Synthetic_03519,generated,cardiology,RR,14,2003,8,81.15,0.1427,59.0,0.67,0.112,2436,Generated based on literature patterns,1.75,174.0,7.798112628829788,3.7416573867739413,high
Synthetic_03520,generated,infectious_disease,RR,6,2016,3,84.79,0.0645,50.56,0.556,0.213,1399,Generated based on literature patterns,2.0,233.16666666666666,7.243512974665482,2.449489742783178,high
Synthetic_03521,generated,dermatology,HR,14,1997,5,1.42,0.0235,9.47,1.367,0.156,838,Generated based on literature patterns,2.8,59.857142857142854,6.731018100482083,3.7416573867739413,low
Synthetic_03522,generated,urology,SMD,12,2007,20,4.96,0.0403,27.82,-0.372,0.346,449,Generated based on literature patterns,0.6,37.416666666666664,6.1070228877422545,3.4641016151377544,low
Synthetic_03523,generated,cardiology,SMD,18,2017,5,7.89,0.0449,27.6,-0.587,0.04,5882,Generated based on literature patterns,3.6,326.77777777777777,8.67965211911394,4.242640687119285,low
Synthetic_03524,generated,pulmonology,HR,11,2014,7,61.33,0.1662,31.09,0.979,0.104,3463,Generated based on literature patterns,1.5714285714285714,314.8181818181818,8.149890544402423,3.3166247903554,substantial
Synthetic_03525,generated,psychiatry,SMD,9,2021,9,32.79,0.1588,12.4,0.645,0.185,1586,Generated based on literature patterns,1.0,176.22222222222223,7.368970402194793,3.0,moderate
Synthetic_03526,generated,psychiatry,MD,23,2017,9,80.93,2.7875,95.51,-0.569,0.233,1057,Generated based on literature patterns,2.5555555555555554,45.95652173913044,6.963189985870238,4.795831523312719,high
Synthetic_03527,generated,urology,RR,5,2013,12,91.71,0.1328,57.71,0.901,0.191,2127,Generated based on literature patterns,0.4166666666666667,425.4,7.6624678152002375,2.23606797749979,high
Synthetic_03528,generated,gastroenterology,MD,9,2013,5,4.52,0.0219,7.71,1.762,0.086,2816,Generated based on literature patterns,1.8,312.8888888888889,7.943072717277933,3.0,low
Synthetic_03529,generated,ophthalmology,COR,16,2012,12,87.51,0.9667,138.9,-0.071,0.093,13621,Generated based on literature patterns,1.3333333333333333,851.3125,9.519367998447342,4.0,high
Synthetic_03530,generated,pulmonology,HR,5,2023,3,11.37,0.0243,4.74,1.561,0.212,395,Generated based on literature patterns,1.6666666666666667,79.0,5.978885764901122,2.23606797749979,low
Synthetic_03531,generated,urology,SMD,5,2010,3,3.87,0.0478,3.94,0.44,0.252,424,Generated based on literature patterns,1.6666666666666667,84.8,6.049733455231958,2.23606797749979,low
Synthetic_03532,generated,nephrology,HR,11,2026,7,47.0,0.1069,29.32,0.943,0.428,221,Generated based on literature patterns,1.5714285714285714,20.09090909090909,5.3981627015177525,3.3166247903554,moderate
Synthetic_03533,generated,dermatology,SMD,18,2005,8,77.18,0.3491,94.27,0.288,0.126,8414,Generated based on literature patterns,2.25,467.44444444444446,9.037652264150466,4.242640687119285,high
Synthetic_03534,generated,immunology,RR,14,2014,4,5.78,0.0347,13.64,0.635,0.348,328,Generated based on literature patterns,3.5,23.428571428571427,5.793013608384144,3.7416573867739413,low
Synthetic_03535,generated,ophthalmology,RR,35,2010,10,4.43,0.0069,37.56,0.48,0.091,2601,Generated based on literature patterns,3.5,74.31428571428572,7.8636512654486515,5.916079783099616,low
Synthetic_03536,generated,ophthalmology,RR,5,2019,5,31.48,0.1869,6.63,0.794,0.088,6130,Generated based on literature patterns,1.0,1226.0,8.720950028930258,2.23606797749979,moderate
Synthetic_03537,generated,oncology,OR,9,2003,14,3.03,0.009,5.8,1.558,0.16,1868,Generated based on literature patterns,0.6428571428571429,207.55555555555554,7.532623618788788,3.0,low
Synthetic_03538,generated,endocrinology,RR,31,2000,9,4.88,0.0335,27.11,1.111,0.192,749,Generated based on literature patterns,3.4444444444444446,24.161290322580644,6.618738983517219,5.5677643628300215,low
Synthetic_03539,generated,dermatology,COR,6,2009,13,50.24,0.692,12.7,-0.108,0.027,28810,Generated based on literature patterns,0.46153846153846156,4801.666666666667,10.268477828078574,2.449489742783178,substantial
Synthetic_03540,generated,pulmonology,MD,9,2007,8,4.17,0.0704,10.06,3.05,0.189,558,Generated based on literature patterns,1.125,62.0,6.324358962381311,3.0,low
Synthetic_03541,generated,psychiatry,SMD,6,2020,3,77.65,0.7591,27.71,-1.398,0.148,1373,Generated based on literature patterns,2.0,228.83333333333334,7.224753405767971,2.449489742783178,high
Synthetic_03542,generated,oncology,OR,19,2016,11,4.44,0.0541,28.5,0.251,0.068,3174,Generated based on literature patterns,1.7272727272727273,167.05263157894737,8.062747901086354,4.358898943540674,low
Synthetic_03543,generated,immunology,HR,6,2012,10,78.88,0.0567,23.1,0.622,0.216,1232,Generated based on literature patterns,0.6,205.33333333333334,7.116394144093465,2.449489742783178,high
Synthetic_03544,generated,gastroenterology,HR,9,2016,15,29.54,0.0707,13.21,1.203,0.138,1812,Generated based on literature patterns,0.6,201.33333333333334,7.502186486602924,3.0,moderate
Synthetic_03545,generated,cardiology,OR,7,2010,3,9.88,0.0201,6.9,0.864,0.271,1132,Generated based on literature patterns,2.3333333333333335,161.71428571428572,7.0317412587631285,2.6457513110645907,low
Synthetic_03546,generated,dermatology,OR,7,2010,6,6.62,0.0391,1.84,0.458,0.147,561,Generated based on literature patterns,1.1666666666666667,80.14285714285714,6.329720905522696,2.6457513110645907,low
Synthetic_03547,generated,gastroenterology,SMD,11,2017,3,66.77,0.2719,36.25,0.56,0.532,316,Generated based on literature patterns,3.6666666666666665,28.727272727272727,5.755742213586912,3.3166247903554,substantial
Synthetic_03548,generated,oncology,SMD,6,2007,14,4.94,0.0738,4.13,0.099,0.196,826,Generated based on literature patterns,0.42857142857142855,137.66666666666666,6.716594773520978,2.449489742783178,low
Synthetic_03549,generated,endocrinology,COR,10,2021,8,64.26,0.866,32.31,-0.047,0.103,2674,Generated based on literature patterns,1.25,267.4,7.891330757661889,3.1622776601683795,substantial
Synthetic_03550,generated,dermatology,COR,17,2012,8,54.47,0.68,22.33,0.094,0.165,419,Generated based on literature patterns,2.125,24.647058823529413,6.037870919922137,4.123105625617661,substantial
Synthetic_03551,generated,nephrology,OR,22,2022,9,90.02,0.3352,217.08,0.572,0.089,7780,Generated based on literature patterns,2.4444444444444446,353.6363636363636,8.959311617172437,4.69041575982343,high
Synthetic_03552,generated,nephrology,MD,6,2005,3,68.24,1.4974,28.68,1.067,0.352,386,Generated based on literature patterns,2.0,64.33333333333333,5.955837369464831,2.449489742783178,substantial
Synthetic_03553,generated,immunology,MD,10,2017,20,3.74,0.2719,5.93,-2.854,0.119,1901,Generated based on literature patterns,0.5,190.1,7.550135342488429,3.1622776601683795,low
Synthetic_03554,generated,rheumatology,OR,11,2011,5,64.15,0.2512,29.66,0.72,0.735,149,Generated based on literature patterns,2.2,13.545454545454545,5.003946305945459,3.3166247903554,substantial
Synthetic_03555,generated,rheumatology,RR,12,2001,21,2.33,0.0213,20.69,0.867,0.091,1533,Generated based on literature patterns,0.5714285714285714,127.75,7.334981878871814,3.4641016151377544,low
Synthetic_03556,generated,dermatology,HR,33,2006,26,30.63,0.0592,42.3,1.259,0.084,4320,Generated based on literature patterns,1.2692307692307692,130.9090909090909,8.371010681238156,5.744562646538029,moderate
Synthetic_03557,generated,ophthalmology,OR,11,2012,21,32.12,0.0998,20.78,1.005,0.275,178,Generated based on literature patterns,0.5238095238095238,16.181818181818183,5.181783550292085,3.3166247903554,moderate
Synthetic_03558,generated,neurology,MD,13,2018,4,40.21,0.677,17.28,-1.4,0.172,1061,Generated based on literature patterns,3.25,81.61538461538461,6.966967138613983,3.605551275463989,moderate
Synthetic_03559,generated,ophthalmology,RR,8,2012,5,58.35,0.0893,16.92,0.806,0.137,3250,Generated based on literature patterns,1.6,406.25,8.086410275323782,2.8284271247461903,substantial
Synthetic_03560,generated,nephrology,RR,46,2009,3,27.22,0.1328,49.03,0.98,0.141,3923,Generated based on literature patterns,15.333333333333334,85.28260869565217,8.274611946209552,6.782329983125268,moderate
Synthetic_03561,generated,nephrology,SMD,9,2015,10,32.68,0.0837,8.89,-0.344,0.416,255,Generated based on literature patterns,0.9,28.333333333333332,5.541263545158426,3.0,moderate
Synthetic_03562,generated,dermatology,COR,21,2012,7,30.08,0.7122,32.86,0.096,0.066,9410,Generated based on literature patterns,3.0,448.0952380952381,9.149528232579426,4.58257569495584,moderate
Synthetic_03563,generated,dermatology,MD,9,2009,3,6.58,0.0718,3.75,0.12,0.101,6303,Generated based on literature patterns,3.0,700.3333333333334,8.74878098951311,3.0,low
Synthetic_03564,generated,rheumatology,SMD,61,2007,15,65.34,0.1106,164.69,-0.151,0.079,9975,Generated based on literature patterns,4.066666666666666,163.52459016393442,9.207837241758064,7.810249675906654,substantial
Synthetic_03565,generated,psychiatry,HR,11,2008,17,65.42,0.2273,22.41,0.924,0.272,1066,Generated based on literature patterns,0.6470588235294118,96.9090909090909,6.97166860472579,3.3166247903554,substantial
Synthetic_03566,generated,cardiology,HR,8,2011,14,69.67,0.1354,22.57,0.955,0.251,1835,Generated based on literature patterns,0.5714285714285714,229.375,7.51479976048867,2.8284271247461903,substantial
Synthetic_03567,generated,nephrology,RR,15,2017,4,87.55,0.183,93.64,0.747,0.156,2115,Generated based on literature patterns,3.75,141.0,7.656810091480378,3.872983346207417,high
Synthetic_03568,generated,gastroenterology,OR,17,2014,8,65.92,0.3259,46.47,0.883,0.178,4305,Generated based on literature patterns,2.125,253.23529411764707,8.367532416861831,4.123105625617661,substantial
Synthetic_03569,generated,pulmonology,MD,30,2014,12,85.47,1.6509,212.98,0.512,0.679,309,Generated based on literature patterns,2.5,10.3,5.733341276897746,5.477225575051661,high
Synthetic_03570,generated,nephrology,COR,22,2013,10,78.3,1.8529,98.32,-0.361,0.195,2096,Generated based on literature patterns,2.2,95.27272727272727,7.647786045440933,4.69041575982343,high
Synthetic_03571,generated,urology,MD,5,2006,8,31.21,0.6321,11.24,-2.432,0.57,150,Generated based on literature patterns,0.625,30.0,5.0106352940962555,2.23606797749979,moderate
Synthetic_03572,generated,oncology,SMD,42,2010,3,58.6,0.2253,79.53,0.533,0.281,2406,Generated based on literature patterns,14.0,57.285714285714285,7.785720896534624,6.48074069840786,substantial
Synthetic_03573,generated,rheumatology,SMD,21,2014,10,33.69,0.1827,28.22,0.821,0.39,305,Generated based on literature patterns,2.1,14.523809523809524,5.720311776607412,4.58257569495584,moderate
Synthetic_03574,generated,psychiatry,RR,6,2006,14,28.81,0.0722,11.35,0.827,0.31,864,Generated based on literature patterns,0.42857142857142855,144.0,6.761572768804055,2.449489742783178,moderate
Synthetic_03575,generated,urology,RR,5,2013,4,86.03,0.8194,45.17,0.348,1.079,100,Generated based on literature patterns,1.25,20.0,4.605170185988092,2.23606797749979,high
Synthetic_03576,generated,endocrinology,OR,7,2017,14,45.74,0.2125,10.23,0.53,0.059,19106,Generated based on literature patterns,0.5,2729.4285714285716,9.857757700829954,2.6457513110645907,moderate
Synthetic_03577,generated,oncology,RR,25,2015,6,32.98,0.0355,40.89,1.023,0.203,1009,Generated based on literature patterns,4.166666666666667,40.36,6.9167150203536085,5.0,moderate
Synthetic_03578,generated,immunology,RR,27,2004,12,26.06,0.0587,27.01,0.979,0.026,44494,Generated based on literature patterns,2.25,1647.9259259259259,10.703109627603078,5.196152422706632,moderate
Synthetic_03579,generated,urology,COR,12,2012,5,45.81,0.977,18.51,0.13,0.039,20446,Generated based on literature patterns,2.4,1703.8333333333333,9.92554254331696,3.4641016151377544,moderate
Synthetic_03580,generated,neurology,COR,6,2006,9,82.76,0.4879,46.98,0.101,0.05,11683,Generated based on literature patterns,0.6666666666666666,1947.1666666666667,9.365890072717148,2.449489742783178,high
Synthetic_03581,generated,psychiatry,HR,20,2010,6,68.88,0.0908,75.52,0.947,0.101,7763,Generated based on literature patterns,3.3333333333333335,388.15,8.95712413640568,4.47213595499958,substantial
Synthetic_03582,generated,pulmonology,RR,11,2012,3,41.46,0.1927,20.36,1.387,0.164,2117,Generated based on literature patterns,3.6666666666666665,192.45454545454547,7.6577552711348655,3.3166247903554,moderate
Synthetic_03583,generated,cardiology,OR,14,2016,3,32.87,0.1301,14.07,0.798,0.201,557,Generated based on literature patterns,4.666666666666667,39.785714285714285,6.322565239927284,3.7416573867739413,moderate
Synthetic_03584,generated,dermatology,RR,8,2002,5,79.16,0.3952,33.85,0.793,0.143,6270,Generated based on literature patterns,1.6,783.75,8.743531633626967,2.8284271247461903,high
Synthetic_03585,generated,gastroenterology,MD,11,2025,8,69.63,1.3094,35.12,0.43,0.031,116792,Generated based on literature patterns,1.375,10617.454545454546,11.668149853879816,3.3166247903554,substantial
Synthetic_03586,generated,rheumatology,HR,20,2008,7,5.17,0.0174,29.2,0.49,0.284,666,Generated based on literature patterns,2.857142857142857,33.3,6.501289670540389,4.47213595499958,low
Synthetic_03587,generated,endocrinology,HR,7,2016,3,56.06,0.1103,11.16,0.939,0.036,24204,Generated based on literature patterns,2.3333333333333335,3457.714285714286,10.094273187742212,2.6457513110645907,substantial
Synthetic_03588,generated,cardiology,COR,20,2020,6,86.59,1.0091,148.8,-0.127,0.023,229470,Generated based on literature patterns,3.3333333333333335,11473.5,12.343527580984022,4.47213595499958,high
Synthetic_03589,generated,endocrinology,SMD,5,2007,9,46.4,0.1888,17.62,-0.476,0.036,45211,Generated based on literature patterns,0.5555555555555556,9042.2,10.719095699044251,2.23606797749979,moderate
Synthetic_03590,generated,psychiatry,MD,13,2008,4,36.83,1.178,21.22,2.2,0.133,3239,Generated based on literature patterns,3.25,249.15384615384616,8.08301991917133,3.605551275463989,moderate
Synthetic_03591,generated,endocrinology,OR,8,2009,8,68.08,0.1009,32.31,0.719,0.085,5770,Generated based on literature patterns,1.0,721.25,8.660427359502146,2.8284271247461903,substantial
Synthetic_03592,generated,dermatology,COR,19,2000,3,3.65,0.1064,13.13,-0.053,0.243,519,Generated based on literature patterns,6.333333333333333,27.31578947368421,6.251903883165888,4.358898943540674,low
Synthetic_03593,generated,infectious_disease,RR,25,2009,3,73.98,0.3455,109.67,0.851,0.193,1813,Generated based on literature patterns,8.333333333333334,72.52,7.502738210754851,5.0,substantial
Synthetic_03594,generated,dermatology,HR,14,2013,30,72.68,0.156,75.52,1.198,0.098,9278,Generated based on literature patterns,0.4666666666666667,662.7142857142857,9.135401285311689,3.7416573867739413,substantial
Synthetic_03595,generated,ophthalmology,SMD,9,2008,4,45.8,0.1969,6.25,0.297,0.132,8028,Generated based on literature patterns,2.25,892.0,8.990690709916228,3.0,moderate
Synthetic_03596,generated,oncology,SMD,14,2016,3,57.03,0.5397,23.68,-0.831,0.439,336,Generated based on literature patterns,4.666666666666667,24.0,5.817111159963204,3.7416573867739413,substantial
Synthetic_03597,generated,pulmonology,MD,5,2020,17,82.06,1.9399,32.43,0.423,0.548,431,Generated based on literature patterns,0.29411764705882354,86.2,6.066108090103747,2.23606797749979,high
Synthetic_03598,generated,rheumatology,MD,12,2012,3,7.34,0.2003,6.5,-0.784,0.135,2580,Generated based on literature patterns,4.0,215.0,7.855544677915663,3.4641016151377544,low
Synthetic_03599,generated,rheumatology,HR,21,2008,5,68.56,0.2511,64.39,0.936,0.595,440,Generated based on literature patterns,4.2,20.952380952380953,6.0867747269123065,4.58257569495584,substantial
Synthetic_03600,generated,urology,HR,15,2003,6,64.71,0.1011,46.73,1.417,0.145,2334,Generated based on literature patterns,2.5,155.6,7.755338812846501,3.872983346207417,substantial
Synthetic_03601,generated,neurology,SMD,10,2013,4,40.67,0.1702,8.89,0.017,0.231,988,Generated based on literature patterns,2.5,98.8,6.895682697747868,3.1622776601683795,moderate
Synthetic_03602,generated,neurology,MD,39,2005,6,76.55,2.6045,140.41,-0.575,0.29,279,Generated based on literature patterns,6.5,7.153846153846154,5.631211781821365,6.244997998398398,high
Synthetic_03603,generated,oncology,OR,25,2006,4,41.1,0.1367,31.86,1.251,0.118,3781,Generated based on literature patterns,6.25,151.24,8.237743803890933,5.0,moderate
Synthetic_03604,generated,immunology,SMD,24,2014,5,91.91,0.4752,265.4,0.804,0.588,152,Generated based on literature patterns,4.8,6.333333333333333,5.0238805208462765,4.898979485566356,high
Synthetic_03605,generated,nephrology,MD,24,2008,5,53.82,0.5356,47.41,-1.404,0.394,294,Generated based on literature patterns,4.8,12.25,5.683579767338681,4.898979485566356,substantial
Synthetic_03606,generated,dermatology,COR,24,2011,3,37.65,0.8227,33.83,0.162,0.274,635,Generated based on literature patterns,8.0,26.458333333333332,6.453624998892692,4.898979485566356,moderate
Synthetic_03607,generated,neurology,RR,6,2009,11,38.96,0.0528,10.15,2.446,0.042,21657,Generated based on literature patterns,0.5454545454545454,3609.5,9.983084006807271,2.449489742783178,moderate
Synthetic_03608,generated,pulmonology,RR,11,2011,6,29.77,0.0835,11.48,1.043,0.037,18199,Generated based on literature patterns,1.8333333333333333,1654.4545454545455,9.809121926500406,3.3166247903554,moderate
Synthetic_03609,generated,cardiology,HR,6,2016,3,34.06,0.1151,11.2,1.529,0.449,175,Generated based on literature patterns,2.0,29.166666666666668,5.1647859739235145,2.449489742783178,moderate
Synthetic_03610,generated,dermatology,RR,6,2011,15,87.43,0.2508,51.05,0.899,0.051,38556,Generated based on literature patterns,0.4,6426.0,10.55986700890386,2.449489742783178,high
Synthetic_03611,generated,infectious_disease,MD,14,2019,6,42.21,0.6957,18.01,-0.594,0.154,1317,Generated based on literature patterns,2.3333333333333335,94.07142857142857,7.183111701743281,3.7416573867739413,moderate
Synthetic_03612,generated,urology,HR,14,2014,3,79.39,0.2041,56.31,1.022,0.313,982,Generated based on literature patterns,4.666666666666667,70.14285714285714,6.889591308354466,3.7416573867739413,high
Synthetic_03613,generated,gastroenterology,HR,21,2001,10,54.22,0.1103,47.89,0.862,0.087,9030,Generated based on literature patterns,2.1,430.0,9.108307646411031,4.58257569495584,substantial
Synthetic_03614,generated,nephrology,OR,12,2007,3,0.49,0.0143,12.82,0.935,0.14,1407,Generated based on literature patterns,4.0,117.25,7.249215057114389,3.4641016151377544,low
Synthetic_03615,generated,oncology,RR,11,2002,17,3.92,0.0158,5.79,0.971,0.114,1706,Generated based on literature patterns,0.6470588235294118,155.0909090909091,7.441906728051625,3.3166247903554,low
Synthetic_03616,generated,immunology,SMD,5,2007,23,37.5,0.2171,7.11,0.771,0.077,3212,Generated based on literature patterns,0.21739130434782608,642.4,8.074649075066652,2.23606797749979,moderate
Synthetic_03617,generated,rheumatology,COR,8,2006,4,81.78,1.5775,59.13,0.035,0.054,17436,Generated based on literature patterns,2.0,2179.5,9.766292313358283,2.8284271247461903,high
Synthetic_03618,generated,dermatology,HR,14,2013,7,8.66,0.0263,11.12,0.603,0.092,1759,Generated based on literature patterns,2.0,125.64285714285714,7.472500744737558,3.7416573867739413,low
Synthetic_03619,generated,urology,HR,12,2002,3,7.39,0.021,15.85,1.17,0.1,2558,Generated based on literature patterns,4.0,213.16666666666666,7.846980982138788,3.4641016151377544,low
Synthetic_03620,generated,rheumatology,SMD,5,2002,3,6.94,0.1025,4.57,0.175,0.059,13263,Generated based on literature patterns,1.6666666666666667,2652.6,9.492733482494353,2.23606797749979,low
Synthetic_03621,generated,infectious_disease,COR,17,2012,28,3.06,0.0811,22.61,0.505,0.163,926,Generated based on literature patterns,0.6071428571428571,54.470588235294116,6.8308742346461795,4.123105625617661,low
Synthetic_03622,generated,ophthalmology,MD,5,2021,6,81.38,1.7771,34.08,-0.412,0.718,224,Generated based on literature patterns,0.8333333333333334,44.8,5.4116460518550396,2.23606797749979,high
Synthetic_03623,generated,endocrinology,RR,15,2016,8,78.78,0.1081,65.77,0.975,0.632,634,Generated based on literature patterns,1.875,42.266666666666666,6.452048954437226,3.872983346207417,high
Synthetic_03624,generated,cardiology,COR,8,2016,7,78.24,2.3766,37.07,-0.262,0.143,3656,Generated based on literature patterns,1.1428571428571428,457.0,8.204124932574041,2.8284271247461903,high
Synthetic_03625,generated,pulmonology,SMD,41,2001,3,44.49,0.0739,67.29,0.624,0.055,16876,Generated based on literature patterns,13.666666666666666,411.609756097561,9.733647773244229,6.4031242374328485,moderate
Synthetic_03626,generated,ophthalmology,COR,14,2016,13,79.24,0.791,59.61,0.52,0.108,7464,Generated based on literature patterns,1.0769230769230769,533.1428571428571,8.91784674252718,3.7416573867739413,high
Synthetic_03627,generated,ophthalmology,MD,17,2012,21,43.24,0.7621,38.25,1.129,0.309,323,Generated based on literature patterns,0.8095238095238095,19.0,5.777652323222656,4.123105625617661,moderate
Synthetic_03628,generated,gastroenterology,RR,16,2014,5,72.17,0.1114,80.21,1.636,0.77,133,Generated based on literature patterns,3.2,8.3125,4.890349128221754,4.0,substantial
Synthetic_03629,generated,cardiology,SMD,11,2014,5,44.52,0.0965,15.47,-0.028,0.233,1030,Generated based on literature patterns,2.2,93.63636363636364,6.937314081223682,3.3166247903554,moderate
Synthetic_03630,generated,infectious_disease,HR,18,2016,11,63.07,0.2096,47.81,0.913,0.385,439,Generated based on literature patterns,1.6363636363636365,24.38888888888889,6.0844994130751715,4.242640687119285,substantial
Synthetic_03631,generated,endocrinology,MD,5,2017,30,66.9,1.3845,9.38,2.986,0.338,541,Generated based on literature patterns,0.16666666666666666,108.2,6.293419278846481,2.23606797749979,substantial
Synthetic_03632,generated,dermatology,OR,8,2006,3,66.8,0.1615,13.77,0.977,0.701,253,Generated based on literature patterns,2.6666666666666665,31.625,5.53338948872752,2.8284271247461903,substantial
Synthetic_03633,generated,pulmonology,COR,14,2002,8,70.53,1.3847,52.74,-0.086,0.097,11199,Generated based on literature patterns,1.75,799.9285714285714,9.323579767582693,3.7416573867739413,substantial
Synthetic_03634,generated,gastroenterology,HR,45,2011,4,62.22,0.1237,141.46,0.801,0.215,1158,Generated based on literature patterns,11.25,25.733333333333334,7.05444965813294,6.708203932499369,substantial
Synthetic_03635,generated,gastroenterology,HR,7,2018,10,32.16,0.0978,6.9,0.789,0.127,4142,Generated based on literature patterns,0.7,591.7142857142857,8.328934041955529,2.6457513110645907,moderate
Synthetic_03636,generated,ophthalmology,COR,11,2002,7,6.66,0.1621,11.16,-0.296,0.06,6988,Generated based on literature patterns,1.5714285714285714,635.2727272727273,8.851949671253948,3.3166247903554,low
Synthetic_03637,generated,urology,SMD,12,2017,20,76.32,0.3698,59.32,-0.2,0.082,14648,Generated based on literature patterns,0.6,1220.6666666666667,9.592059086354347,3.4641016151377544,high
Synthetic_03638,generated,nephrology,OR,13,1996,3,47.42,0.0758,29.78,1.019,0.129,4338,Generated based on literature patterns,4.333333333333333,333.6923076923077,8.37516869138682,3.605551275463989,moderate
Synthetic_03639,generated,psychiatry,SMD,9,2005,20,56.39,0.2061,24.54,-0.798,0.037,19070,Generated based on literature patterns,0.45,2118.8888888888887,9.855871698594465,3.0,substantial
Synthetic_03640,generated,gastroenterology,MD,12,2008,3,83.68,0.7339,64.8,0.598,0.581,203,Generated based on literature patterns,4.0,16.916666666666668,5.313205979041787,3.4641016151377544,high
Synthetic_03641,generated,dermatology,RR,16,2023,6,37.0,0.0604,28.82,0.668,0.581,100,Generated based on literature patterns,2.6666666666666665,6.25,4.605170185988092,4.0,moderate
Synthetic_03642,generated,pulmonology,RR,10,2015,18,31.48,0.2827,7.75,0.988,0.114,7448,Generated based on literature patterns,0.5555555555555556,744.8,8.915700818956903,3.1622776601683795,moderate
Synthetic_03643,generated,ophthalmology,COR,5,2010,27,41.59,0.415,3.72,0.111,0.245,536,Generated based on literature patterns,0.18518518518518517,107.2,6.284134161070802,2.23606797749979,moderate
Synthetic_03644,generated,ophthalmology,RR,23,2009,15,30.53,0.1496,36.59,0.779,0.07,4140,Generated based on literature patterns,1.5333333333333334,180.0,8.32845106681936,4.795831523312719,moderate
Synthetic_03645,generated,immunology,SMD,8,2007,9,40.47,0.3379,16.27,1.703,0.247,1098,Generated based on literature patterns,0.8888888888888888,137.25,7.001245622069476,2.8284271247461903,moderate
Synthetic_03646,generated,oncology,MD,14,2002,3,30.15,0.5539,15.36,3.346,0.118,1614,Generated based on literature patterns,4.666666666666667,115.28571428571429,7.3864708488298945,3.7416573867739413,moderate
Synthetic_03647,generated,oncology,RR,13,2028,14,77.21,0.4254,49.87,1.14,0.162,4089,Generated based on literature patterns,0.9285714285714286,314.53846153846155,8.316055720364643,3.605551275463989,high
Synthetic_03648,generated,nephrology,OR,5,2011,10,5.11,0.0167,2.46,0.853,0.098,1337,Generated based on literature patterns,0.5,267.4,7.198183577101943,2.23606797749979,low
Synthetic_03649,generated,cardiology,OR,8,2023,4,31.66,0.1692,14.99,1.673,0.148,2679,Generated based on literature patterns,2.0,334.875,7.893198869544609,2.8284271247461903,moderate
Synthetic_03650,generated,oncology,RR,8,2011,4,7.86,0.011,15.48,0.841,0.23,413,Generated based on literature patterns,2.0,51.625,6.023447592961033,2.8284271247461903,low
Synthetic_03651,generated,pulmonology,COR,8,2004,9,81.83,1.1271,40.16,-0.177,0.116,7200,Generated based on literature patterns,0.8888888888888888,900.0,8.881836305004146,2.8284271247461903,high
Synthetic_03652,generated,nephrology,MD,24,2019,12,60.35,1.1399,72.79,-2.418,0.877,371,Generated based on literature patterns,2.0,15.458333333333334,5.916202062607435,4.898979485566356,substantial
Synthetic_03653,generated,ophthalmology,COR,16,2000,6,68.51,0.5132,46.83,0.295,0.069,15581,Generated based on literature patterns,2.6666666666666665,973.8125,9.653807502217354,4.0,substantial
Synthetic_03654,generated,rheumatology,RR,8,2009,21,28.01,0.1767,12.67,0.866,0.112,2830,Generated based on literature patterns,0.38095238095238093,353.75,7.948031990637284,2.8284271247461903,moderate
Synthetic_03655,generated,neurology,RR,9,2010,7,3.08,0.0281,12.21,0.904,0.562,115,Generated based on literature patterns,1.2857142857142858,12.777777777777779,4.74493212836325,3.0,low
Synthetic_03656,generated,immunology,COR,11,2006,15,79.17,1.7542,57.78,-0.02,0.088,7663,Generated based on literature patterns,0.7333333333333333,696.6363636363636,8.944158830970403,3.3166247903554,high
Synthetic_03657,generated,psychiatry,RR,7,2011,3,28.96,0.0247,8.79,0.633,0.026,47452,Generated based on literature patterns,2.3333333333333335,6778.857142857143,10.767473952780994,2.6457513110645907,moderate
Synthetic_03658,generated,oncology,MD,26,2009,10,57.14,0.9259,55.41,-1.094,0.764,116,Generated based on literature patterns,2.6,4.461538461538462,4.7535901911063645,5.0990195135927845,substantial
Synthetic_03659,generated,dermatology,SMD,20,2010,7,77.94,0.2339,83.46,-0.358,0.46,199,Generated based on literature patterns,2.857142857142857,9.95,5.293304824724492,4.47213595499958,high
Synthetic_03660,generated,nephrology,MD,12,2011,5,38.78,1.4399,15.63,-1.651,0.149,2236,Generated based on literature patterns,2.4,186.33333333333334,7.71244383427499,3.4641016151377544,moderate
Synthetic_03661,generated,pulmonology,MD,27,2012,3,57.78,0.4726,75.83,-3.771,0.324,706,Generated based on literature patterns,9.0,26.14814814814815,6.559615237493242,5.196152422706632,substantial
Synthetic_03662,generated,endocrinology,SMD,11,2018,9,4.3,0.0437,17.47,-0.576,0.059,5389,Generated based on literature patterns,1.2222222222222223,489.90909090909093,8.592115117933497,3.3166247903554,low
Synthetic_03663,generated,oncology,MD,15,2005,13,76.64,1.0905,48.12,2.527,0.194,1223,Generated based on literature patterns,1.1538461538461537,81.53333333333333,7.109062135687172,3.872983346207417,high
Synthetic_03664,generated,psychiatry,HR,10,2018,17,2.65,0.0132,10.76,0.776,0.061,4243,Generated based on literature patterns,0.5882352941176471,424.3,8.353025845202325,3.1622776601683795,low
Synthetic_03665,generated,dermatology,HR,14,2013,6,63.31,0.2915,48.09,0.854,0.306,1326,Generated based on literature patterns,2.3333333333333335,94.71428571428571,7.189922170745808,3.7416573867739413,substantial
Synthetic_03666,generated,cardiology,COR,21,2005,4,80.68,1.0156,118.2,-0.409,0.156,3375,Generated based on literature patterns,5.25,160.71428571428572,8.12415060330663,4.58257569495584,high
Synthetic_03667,generated,pulmonology,HR,11,2012,14,63.79,0.2873,28.41,0.578,0.138,4015,Generated based on literature patterns,0.7857142857142857,365.0,8.297792626380861,3.3166247903554,substantial
Synthetic_03668,generated,ophthalmology,HR,15,2012,6,33.3,0.0373,28.52,0.794,0.032,25721,Generated based on literature patterns,2.5,1714.7333333333333,10.155063057844572,3.872983346207417,moderate
Synthetic_03669,generated,nephrology,HR,7,2004,7,8.79,0.0497,9.18,0.753,0.045,4343,Generated based on literature patterns,1.0,620.4285714285714,8.376320632534823,2.6457513110645907,low
Synthetic_03670,generated,nephrology,MD,18,2020,7,84.12,2.5566,108.54,-1.721,0.288,1293,Generated based on literature patterns,2.5714285714285716,71.83333333333333,7.164720378771857,4.242640687119285,high
Synthetic_03671,generated,dermatology,OR,19,2019,26,38.06,0.0937,26.64,0.834,0.083,3768,Generated based on literature patterns,0.7307692307692307,198.31578947368422,8.234299635696253,4.358898943540674,moderate
Synthetic_03672,generated,rheumatology,OR,14,2014,3,30.93,0.0712,30.25,0.807,0.039,8257,Generated based on literature patterns,4.666666666666667,589.7857142857143,9.01881660441743,3.7416573867739413,moderate
Synthetic_03673,generated,nephrology,OR,15,2007,11,76.51,0.1507,75.84,1.632,1.0,103,Generated based on literature patterns,1.3636363636363635,6.866666666666666,4.634728988229636,3.872983346207417,high
Synthetic_03674,generated,endocrinology,RR,5,2018,24,78.81,0.0636,24.21,0.886,0.226,1998,Generated based on literature patterns,0.20833333333333334,399.6,7.599901959208498,2.23606797749979,high
Synthetic_03675,generated,gastroenterology,OR,12,2013,4,35.6,0.1275,8.19,0.687,0.162,1605,Generated based on literature patterns,3.0,133.75,7.380879035564116,3.4641016151377544,moderate
Synthetic_03676,generated,gastroenterology,MD,45,2007,5,57.87,1.7213,113.87,0.838,0.147,5120,Generated based on literature patterns,9.0,113.77777777777777,8.540909718033554,6.708203932499369,substantial
Synthetic_03677,generated,rheumatology,MD,19,2020,3,88.31,1.6055,146.07,-1.601,0.161,4723,Generated based on literature patterns,6.333333333333333,248.57894736842104,8.460199469896118,4.358898943540674,high
Synthetic_03678,generated,psychiatry,RR,25,2018,8,3.84,0.0152,36.33,1.014,0.241,1075,Generated based on literature patterns,3.125,43.0,6.980075940561763,5.0,low
Synthetic_03679,generated,endocrinology,SMD,8,2017,3,85.85,0.3852,52.73,-0.295,0.27,2235,Generated based on literature patterns,2.6666666666666665,279.375,7.711996507047669,2.8284271247461903,high
Synthetic_03680,generated,infectious_disease,RR,10,2002,9,64.93,0.0683,25.28,0.722,0.22,859,Generated based on literature patterns,1.1111111111111112,85.9,6.755768921984255,3.1622776601683795,substantial
Synthetic_03681,generated,urology,OR,8,2012,14,35.86,0.1279,13.12,0.843,0.121,2445,Generated based on literature patterns,0.5714285714285714,305.625,7.801800401908973,2.8284271247461903,moderate
Synthetic_03682,generated,endocrinology,COR,21,2013,8,77.16,0.5371,81.51,0.865,0.187,2773,Generated based on literature patterns,2.625,132.04761904761904,7.927685045615778,4.58257569495584,high
Synthetic_03683,generated,infectious_disease,HR,7,2024,9,33.04,0.0439,11.8,0.771,0.839,125,Generated based on literature patterns,0.7777777777777778,17.857142857142858,4.8283137373023015,2.6457513110645907,moderate
Synthetic_03684,generated,urology,COR,7,2022,3,82.55,1.4863,50.51,0.192,0.141,841,Generated based on literature patterns,2.3333333333333335,120.14285714285714,6.734591659972948,2.6457513110645907,high
Synthetic_03685,generated,endocrinology,OR,6,2008,6,42.33,0.0995,6.83,1.146,0.178,1621,Generated based on literature patterns,1.0,270.1666666666667,7.390798521735676,2.449489742783178,moderate
Synthetic_03686,generated,immunology,RR,14,2003,3,78.08,0.2023,58.01,0.992,0.406,930,Generated based on literature patterns,4.666666666666667,66.42857142857143,6.835184586147301,3.7416573867739413,high
Synthetic_03687,generated,endocrinology,MD,6,2014,3,57.97,0.8215,18.73,-1.234,0.137,2741,Generated based on literature patterns,2.0,456.8333333333333,7.916078096302786,2.449489742783178,substantial
Synthetic_03688,generated,oncology,COR,14,2012,5,65.34,0.5183,46.0,0.401,0.407,825,Generated based on literature patterns,2.8,58.92857142857143,6.715383386334681,3.7416573867739413,substantial
Synthetic_03689,generated,rheumatology,COR,5,2001,3,8.11,0.1184,8.44,0.743,0.209,175,Generated based on literature patterns,1.6666666666666667,35.0,5.1647859739235145,2.23606797749979,low
Synthetic_03690,generated,rheumatology,MD,5,2015,28,40.2,0.4259,9.02,2.06,0.145,1900,Generated based on literature patterns,0.17857142857142858,380.0,7.549609165154532,2.23606797749979,moderate
Synthetic_03691,generated,psychiatry,COR,8,2007,22,32.03,0.5894,15.15,0.27,0.798,100,Generated based on literature patterns,0.36363636363636365,12.5,4.605170185988092,2.8284271247461903,moderate
Synthetic_03692,generated,oncology,MD,15,2020,8,76.23,2.4101,74.22,2.355,0.337,344,Generated based on literature patterns,1.875,22.933333333333334,5.840641657373398,3.872983346207417,high
Synthetic_03693,generated,pulmonology,OR,5,1997,4,62.52,0.2246,5.28,0.518,0.119,4252,Generated based on literature patterns,1.25,850.4,8.355144739461839,2.23606797749979,substantial
Synthetic_03694,generated,ophthalmology,COR,6,2017,8,8.39,0.2039,4.0,0.44,0.05,13309,Generated based on literature patterns,0.75,2218.1666666666665,9.496195777086555,2.449489742783178,low
Synthetic_03695,generated,rheumatology,COR,9,2012,3,86.24,2.0992,71.82,-0.506,0.111,3762,Generated based on literature patterns,3.0,418.0,8.232706009860976,3.0,high
Synthetic_03696,generated,nephrology,MD,6,2013,5,6.24,0.1082,6.19,-1.412,0.13,3310,Generated based on literature patterns,1.2,551.6666666666666,8.104703468371108,2.449489742783178,low
Synthetic_03697,generated,infectious_disease,RR,9,2007,7,52.39,0.1457,14.52,1.127,0.116,2908,Generated based on literature patterns,1.2857142857142858,323.1111111111111,7.97522083865341,3.0,substantial
Synthetic_03698,generated,nephrology,MD,25,2007,3,39.41,0.411,39.19,-1.791,0.086,7798,Generated based on literature patterns,8.333333333333334,311.92,8.961622569542543,5.0,moderate
Synthetic_03699,generated,pulmonology,SMD,10,2010,3,54.56,0.2041,21.02,-0.26,0.378,473,Generated based on literature patterns,3.3333333333333335,47.3,6.159095388491933,3.1622776601683795,substantial
Synthetic_03700,generated,pulmonology,COR,11,2019,4,1.85,0.2019,4.75,-0.213,0.043,7595,Generated based on literature patterns,2.75,690.4545454545455,8.935245415029874,3.3166247903554,low
Synthetic_03701,generated,infectious_disease,SMD,13,2022,4,3.71,0.0466,10.92,-0.414,0.108,1177,Generated based on literature patterns,3.25,90.53846153846153,7.0707241072602764,3.605551275463989,low
Synthetic_03702,generated,endocrinology,OR,5,2011,16,3.3,0.0171,15.58,0.66,0.098,3148,Generated based on literature patterns,0.3125,629.6,8.054522609537294,2.23606797749979,low
Synthetic_03703,generated,pulmonology,RR,23,2020,4,4.58,0.0108,23.84,0.686,0.2,1936,Generated based on literature patterns,5.75,84.17391304347827,7.568379267836522,4.795831523312719,low
Synthetic_03704,generated,pulmonology,OR,22,2006,21,32.34,0.1382,36.34,2.152,0.056,16365,Generated based on literature patterns,1.0476190476190477,743.8636363636364,9.702900186935281,4.69041575982343,moderate
Synthetic_03705,generated,urology,OR,16,1997,20,77.34,0.0951,56.51,0.723,0.968,252,Generated based on literature patterns,0.8,15.75,5.529429087511423,4.0,high
Synthetic_03706,generated,infectious_disease,OR,7,2010,8,2.02,0.0383,4.1,0.767,0.323,146,Generated based on literature patterns,0.875,20.857142857142858,4.983606621708336,2.6457513110645907,low
Synthetic_03707,generated,pulmonology,RR,19,2012,8,60.75,0.2448,48.82,1.313,0.183,5010,Generated based on literature patterns,2.375,263.6842105263158,8.51919119407891,4.358898943540674,substantial
Synthetic_03708,generated,psychiatry,RR,6,2004,3,5.21,0.0257,7.97,1.006,0.06,3159,Generated based on literature patterns,2.0,526.5,8.058010800802085,2.449489742783178,low
Synthetic_03709,generated,cardiology,SMD,9,2013,4,48.62,0.2692,10.93,0.395,0.251,772,Generated based on literature patterns,2.25,85.77777777777777,6.648984550024776,3.0,moderate
Synthetic_03710,generated,immunology,RR,17,2012,25,31.76,0.0571,20.4,0.964,0.15,2928,Generated based on literature patterns,0.68,172.23529411764707,7.982074875081202,4.123105625617661,moderate
Synthetic_03711,generated,urology,COR,6,2015,5,34.25,1.8695,5.2,-0.346,0.4,136,Generated based on literature patterns,1.2,22.666666666666668,4.912654885736052,2.449489742783178,moderate
Synthetic_03712,generated,psychiatry,COR,7,2024,7,61.11,0.7232,13.04,0.236,0.192,2616,Generated based on literature patterns,1.0,373.7142857142857,7.86940171257709,2.6457513110645907,substantial
Synthetic_03713,generated,rheumatology,COR,27,2017,10,3.66,0.1129,21.45,-0.548,0.061,5838,Generated based on literature patterns,2.7,216.22222222222223,8.67214355141406,5.196152422706632,low
Synthetic_03714,generated,gastroenterology,HR,31,2011,3,36.13,0.131,41.8,0.934,0.08,13570,Generated based on literature patterns,10.333333333333334,437.741935483871,9.515616752828915,5.5677643628300215,moderate
Synthetic_03715,generated,cardiology,RR,5,2010,9,67.01,0.0825,7.57,0.403,0.256,1952,Generated based on literature patterns,0.5555555555555556,390.4,7.5766097669730375,2.23606797749979,substantial
Synthetic_03716,generated,dermatology,SMD,14,2012,6,67.05,0.3535,35.55,-0.072,0.103,3252,Generated based on literature patterns,2.3333333333333335,232.28571428571428,8.087025470667701,3.7416573867739413,substantial
Synthetic_03717,generated,nephrology,RR,24,2009,30,10.12,0.025,31.02,1.563,0.034,16468,Generated based on literature patterns,0.8,686.1666666666666,9.709174382889795,4.898979485566356,low
Synthetic_03718,generated,pulmonology,OR,19,2004,5,43.31,0.0817,29.74,1.44,0.113,6887,Generated based on literature patterns,3.8,362.4736842105263,8.837390855544697,4.358898943540674,moderate
Synthetic_03719,generated,dermatology,OR,18,2018,15,76.37,0.7269,72.17,1.226,0.498,293,Generated based on literature patterns,1.2,16.27777777777778,5.680172609017068,4.242640687119285,high
Synthetic_03720,generated,urology,HR,66,2013,6,5.16,0.0126,69.84,1.064,0.095,3412,Generated based on literature patterns,11.0,51.696969696969695,8.13505390861157,8.12403840463596,low
Synthetic_03721,generated,neurology,HR,13,2019,30,84.25,0.1759,85.9,0.821,0.069,24720,Generated based on literature patterns,0.43333333333333335,1901.5384615384614,10.115367911571628,3.605551275463989,high
Synthetic_03722,generated,ophthalmology,RR,29,2016,3,81.09,0.3685,144.98,0.298,0.881,100,Generated based on literature patterns,9.666666666666666,3.4482758620689653,4.605170185988092,5.385164807134504,high
Synthetic_03723,generated,infectious_disease,HR,23,2006,12,1.56,0.0151,21.54,1.209,0.106,1253,Generated based on literature patterns,1.9166666666666667,54.47826086956522,7.133295954896068,4.795831523312719,low
Synthetic_03724,generated,infectious_disease,HR,11,2004,13,79.12,0.1523,47.1,1.132,0.166,1231,Generated based on literature patterns,0.8461538461538461,111.9090909090909,7.115582126184454,3.3166247903554,high
Synthetic_03725,generated,infectious_disease,HR,24,2011,3,83.92,0.1965,154.59,0.807,0.11,1776,Generated based on literature patterns,8.0,74.0,7.4821189235521155,4.898979485566356,high
Synthetic_03726,generated,infectious_disease,OR,10,2005,7,28.87,0.1181,16.6,0.729,0.124,4491,Generated based on literature patterns,1.4285714285714286,449.1,8.409830673087738,3.1622776601683795,moderate
Synthetic_03727,generated,nephrology,OR,8,2008,3,8.97,0.0372,5.99,0.831,0.026,69163,Generated based on literature patterns,2.6666666666666665,8645.375,11.1442213165314,2.8284271247461903,low
Synthetic_03728,generated,endocrinology,SMD,71,2014,5,1.35,0.0171,87.17,-0.568,0.06,2628,Generated based on literature patterns,14.2,37.014084507042256,7.873978379604501,8.426149773176359,low
Synthetic_03729,generated,nephrology,RR,6,2016,14,69.29,0.1141,21.25,1.203,0.187,2132,Generated based on literature patterns,0.42857142857142855,355.3333333333333,7.664815785285735,2.449489742783178,substantial
Synthetic_03730,generated,nephrology,MD,10,2016,3,34.89,1.0804,6.89,2.147,0.085,7769,Generated based on literature patterns,3.3333333333333335,776.9,8.95789673495042,3.1622776601683795,moderate
Synthetic_03731,generated,pulmonology,SMD,5,2009,4,2.73,0.0536,5.24,0.556,0.012,64959,Generated based on literature patterns,1.25,12991.8,11.0815115806284,2.23606797749979,low
Synthetic_03732,generated,gastroenterology,MD,26,2018,4,55.33,0.7285,44.32,-0.799,0.044,29123,Generated based on literature patterns,6.5,1120.1153846153845,10.279283518982245,5.0990195135927845,substantial
Synthetic_03733,generated,urology,MD,17,2014,5,81.2,1.7988,84.2,2.348,0.063,15958,Generated based on literature patterns,3.4,938.7058823529412,9.677715549868227,4.123105625617661,high
Synthetic_03734,generated,immunology,COR,24,2010,5,62.92,0.4219,64.8,0.439,0.269,2347,Generated based on literature patterns,4.8,97.79166666666667,7.760893195851024,4.898979485566356,substantial
Synthetic_03735,generated,cardiology,SMD,24,2024,13,31.5,0.2273,37.32,0.258,0.126,1221,Generated based on literature patterns,1.8461538461538463,50.875,7.107425474110705,4.898979485566356,moderate
Synthetic_03736,generated,immunology,OR,14,2003,10,43.73,0.1084,25.59,0.647,0.174,3999,Generated based on literature patterns,1.4,285.64285714285717,8.293799608846818,3.7416573867739413,moderate
Synthetic_03737,generated,infectious_disease,HR,7,2016,8,76.44,0.1989,32.85,0.629,0.119,8442,Generated based on literature patterns,0.875,1206.0,9.040974526342444,2.6457513110645907,high
Synthetic_03738,generated,oncology,SMD,28,2018,9,43.49,0.195,62.97,-0.638,0.195,1570,Generated based on literature patterns,3.111111111111111,56.07142857142857,7.358830898342354,5.291502622129181,moderate
Synthetic_03739,generated,rheumatology,SMD,34,1992,3,86.83,0.4571,239.86,-0.381,0.469,575,Generated based on literature patterns,11.333333333333334,16.91176470588235,6.354370040797351,5.830951894845301,high
Synthetic_03740,generated,neurology,OR,25,2016,4,54.36,0.2886,49.07,1.068,0.197,1479,Generated based on literature patterns,6.25,59.16,7.2991214627108,5.0,substantial
Synthetic_03741,generated,rheumatology,HR,9,2009,4,59.48,0.1473,18.6,1.044,0.525,100,Generated based on literature patterns,2.25,11.11111111111111,4.605170185988092,3.0,substantial
Synthetic_03742,generated,urology,MD,14,2013,6,84.54,0.796,82.4,0.854,0.238,689,Generated based on literature patterns,2.3333333333333335,49.214285714285715,6.535241271013659,3.7416573867739413,high
Synthetic_03743,generated,infectious_disease,OR,5,2016,8,60.2,0.1834,30.42,1.803,0.157,1605,Generated based on literature patterns,0.625,321.0,7.380879035564116,2.23606797749979,substantial
Synthetic_03744,generated,urology,RR,10,2006,7,2.14,0.0267,11.39,0.485,0.127,1019,Generated based on literature patterns,1.4285714285714286,101.9,6.926577033222725,3.1622776601683795,low
Synthetic_03745,generated,neurology,HR,21,2009,25,1.14,0.0093,24.79,0.721,0.049,5589,Generated based on literature patterns,0.84,266.14285714285717,8.628555659269699,4.58257569495584,low
Synthetic_03746,generated,psychiatry,HR,11,2008,6,39.9,0.1532,23.87,1.024,0.068,27159,Generated based on literature patterns,1.8333333333333333,2469.0,10.20946376214355,3.3166247903554,moderate
Synthetic_03747,generated,urology,RR,9,2016,7,3.87,0.0394,5.03,0.633,0.028,21620,Generated based on literature patterns,1.2857142857142858,2402.222222222222,9.9813740911932,3.0,low
Synthetic_03748,generated,urology,SMD,15,2014,3,36.91,0.2405,23.74,0.076,0.157,2582,Generated based on literature patterns,5.0,172.13333333333333,7.856319571406588,3.872983346207417,moderate
Synthetic_03749,generated,oncology,RR,6,2022,8,6.37,0.0387,6.38,0.536,0.098,2866,Generated based on literature patterns,0.75,477.6666666666667,7.960672608388117,2.449489742783178,low
Synthetic_03750,generated,immunology,MD,8,2014,8,69.1,1.8271,31.23,-0.798,0.259,2762,Generated based on literature patterns,1.0,345.25,7.923710333969238,2.8284271247461903,substantial
Synthetic_03751,generated,oncology,COR,18,2019,23,77.91,2.4369,79.91,0.064,0.08,10007,Generated based on literature patterns,0.782608695652174,555.9444444444445,9.211040127090456,4.242640687119285,high
Synthetic_03752,generated,endocrinology,RR,10,2024,3,42.82,0.1699,17.07,0.846,0.252,1103,Generated based on literature patterns,3.3333333333333335,110.3,7.005789019253503,3.1622776601683795,moderate
Synthetic_03753,generated,pulmonology,COR,12,2009,8,1.8,0.0378,6.56,0.426,0.414,221,Generated based on literature patterns,1.5,18.416666666666668,5.3981627015177525,3.4641016151377544,low
Synthetic_03754,generated,endocrinology,COR,8,2011,10,77.07,0.8991,29.5,-0.046,0.075,9778,Generated based on literature patterns,0.8,1222.25,9.187890243138591,2.8284271247461903,high
Synthetic_03755,generated,pulmonology,SMD,28,2018,10,5.03,0.0316,39.86,0.33,0.221,775,Generated based on literature patterns,2.8,27.678571428571427,6.652863029353347,5.291502622129181,low
Synthetic_03756,generated,gastroenterology,RR,12,2008,20,43.22,0.1036,22.6,0.858,0.136,2325,Generated based on literature patterns,0.6,193.75,7.751475318021456,3.4641016151377544,moderate
Synthetic_03757,generated,rheumatology,OR,19,2004,11,35.38,0.1144,40.88,0.735,0.289,319,Generated based on literature patterns,1.7272727272727273,16.789473684210527,5.765191102784844,4.358898943540674,moderate
Synthetic_03758,generated,ophthalmology,COR,13,2010,15,37.3,0.4878,22.74,-0.565,0.095,4215,Generated based on literature patterns,0.8666666666666667,324.2307692307692,8.346404870435956,3.605551275463989,moderate
Synthetic_03759,generated,nephrology,COR,11,2015,3,68.58,1.273,28.63,0.29,0.157,2897,Generated based on literature patterns,3.6666666666666665,263.3636363636364,7.9714309977693505,3.3166247903554,substantial
Synthetic_03760,generated,neurology,OR,25,2017,8,82.4,0.2916,148.68,0.725,0.169,3052,Generated based on literature patterns,3.125,122.08,8.023552392404348,5.0,high
Synthetic_03761,generated,urology,COR,16,2009,10,79.31,1.1734,80.34,-0.237,0.163,3591,Generated based on literature patterns,1.6,224.4375,8.186185994226083,4.0,high
Synthetic_03762,generated,cardiology,HR,5,2012,11,7.38,0.0514,3.46,0.52,0.027,25922,Generated based on literature patterns,0.45454545454545453,5184.4,10.16284730798332,2.23606797749979,low
Synthetic_03763,generated,dermatology,SMD,14,2017,9,58.28,0.2107,17.45,0.517,0.117,2784,Generated based on literature patterns,1.5555555555555556,198.85714285714286,7.931644021454311,3.7416573867739413,substantial
Synthetic_03764,generated,ophthalmology,SMD,14,2000,3,6.17,0.0311,20.86,0.088,0.382,127,Generated based on literature patterns,4.666666666666667,9.071428571428571,4.844187086458591,3.7416573867739413,low
Synthetic_03765,generated,psychiatry,OR,23,2015,3,36.28,0.1077,48.25,0.618,0.265,609,Generated based on literature patterns,7.666666666666667,26.47826086956522,6.411818267709897,4.795831523312719,moderate
Synthetic_03766,generated,pulmonology,HR,17,2022,10,37.45,0.1879,54.69,0.627,0.198,439,Generated based on literature patterns,1.7,25.823529411764707,6.0844994130751715,4.123105625617661,moderate
Synthetic_03767,generated,pulmonology,RR,28,2006,28,77.52,0.065,134.5,0.989,0.067,38875,Generated based on literature patterns,1.0,1388.392857142857,10.568106649481535,5.291502622129181,high
Synthetic_03768,generated,neurology,HR,12,2018,8,29.26,0.0517,17.52,1.541,0.039,20073,Generated based on literature patterns,1.5,1672.75,9.907130907450927,3.4641016151377544,moderate
Synthetic_03769,generated,pulmonology,RR,15,1998,12,84.28,0.1109,93.5,2.34,0.453,371,Generated based on literature patterns,1.25,24.733333333333334,5.916202062607435,3.872983346207417,high
Synthetic_03770,generated,gastroenterology,OR,5,2008,3,4.72,0.0057,12.35,0.699,0.195,239,Generated based on literature patterns,1.6666666666666667,47.8,5.476463551931511,2.23606797749979,low
Synthetic_03771,generated,nephrology,MD,17,2017,3,3.55,0.1796,14.01,0.559,0.044,9379,Generated based on literature patterns,5.666666666666667,551.7058823529412,9.146228426508939,4.123105625617661,low
Synthetic_03772,generated,endocrinology,OR,7,2002,3,0.34,0.0063,3.01,0.937,0.096,4504,Generated based on literature patterns,2.3333333333333335,643.4285714285714,8.412721169819527,2.6457513110645907,low
Synthetic_03773,generated,cardiology,OR,37,2010,7,0.58,0.0097,39.04,0.86,0.189,546,Generated based on literature patterns,5.285714285714286,14.756756756756756,6.302618975744905,6.082762530298219,low
Synthetic_03774,generated,immunology,MD,8,2019,16,29.01,0.1749,23.76,1.228,0.276,359,Generated based on literature patterns,0.5,44.875,5.883322388488279,2.8284271247461903,moderate
Synthetic_03775,generated,psychiatry,RR,14,2002,4,39.68,0.0672,28.26,0.998,0.019,99435,Generated based on literature patterns,3.5,7102.5,11.507259443343601,3.7416573867739413,moderate
Synthetic_03776,generated,psychiatry,RR,5,2008,3,40.38,0.0638,8.7,0.781,0.295,1162,Generated based on literature patterns,1.6666666666666667,232.4,7.057897937411856,2.23606797749979,moderate
Synthetic_03777,generated,immunology,HR,15,2002,23,54.37,0.0954,25.74,0.396,0.145,2541,Generated based on literature patterns,0.6521739130434783,169.4,7.840312983320164,3.872983346207417,substantial
Synthetic_03778,generated,gastroenterology,MD,5,2019,13,38.63,0.4873,8.34,2.252,0.185,756,Generated based on literature patterns,0.38461538461538464,151.2,6.628041376179533,2.23606797749979,moderate
Synthetic_03779,generated,infectious_disease,HR,13,2001,3,28.86,0.0999,14.88,0.583,0.061,6352,Generated based on literature patterns,4.333333333333333,488.61538461538464,8.756525002926972,3.605551275463989,moderate
Synthetic_03780,generated,pulmonology,OR,11,2014,3,38.76,0.3263,12.98,0.935,0.099,1463,Generated based on literature patterns,3.6666666666666665,133.0,7.288244401020124,3.3166247903554,moderate
Synthetic_03781,generated,cardiology,HR,24,2007,6,64.57,0.1785,52.83,0.962,0.11,3541,Generated based on literature patterns,4.0,147.54166666666666,8.172164452111904,4.898979485566356,substantial
Synthetic_03782,generated,oncology,RR,23,1991,4,62.43,0.2722,70.79,0.697,0.089,4412,Generated based on literature patterns,5.75,191.82608695652175,8.392083380373393,4.795831523312719,substantial
Synthetic_03783,generated,ophthalmology,SMD,8,2015,3,42.23,0.1977,14.59,0.572,0.181,1828,Generated based on literature patterns,2.6666666666666665,228.5,7.510977752014095,2.8284271247461903,moderate
Synthetic_03784,generated,oncology,OR,13,2019,15,63.98,0.1341,32.06,1.248,0.211,946,Generated based on literature patterns,0.8666666666666667,72.76923076923077,6.852242569051878,3.605551275463989,substantial
Synthetic_03785,generated,dermatology,MD,12,2008,8,4.66,0.3047,11.85,3.068,0.292,306,Generated based on literature patterns,1.5,25.5,5.723585101952381,3.4641016151377544,low
Synthetic_03786,generated,oncology,RR,6,2008,3,3.97,0.0291,3.18,3.284,0.08,4232,Generated based on literature patterns,2.0,705.3333333333334,8.350429973538136,2.449489742783178,low
Synthetic_03787,generated,neurology,RR,18,2015,11,41.8,0.0665,22.71,0.454,0.743,131,Generated based on literature patterns,1.6363636363636365,7.277777777777778,4.875197323201151,4.242640687119285,moderate
Synthetic_03788,generated,pulmonology,OR,15,2009,3,74.0,0.2248,52.31,0.493,0.407,174,Generated based on literature patterns,5.0,11.6,5.159055299214529,3.872983346207417,substantial
Synthetic_03789,generated,nephrology,OR,8,2010,10,80.46,0.6243,34.01,0.993,0.23,1248,Generated based on literature patterns,0.8,156.0,7.129297548929373,2.8284271247461903,high
Synthetic_03790,generated,psychiatry,SMD,15,2015,5,28.18,0.1059,29.2,0.218,0.048,9195,Generated based on literature patterns,3.0,613.0,9.126415137038421,3.872983346207417,moderate
Synthetic_03791,generated,endocrinology,HR,17,2004,7,66.52,0.1896,50.39,0.819,0.095,7648,Generated based on literature patterns,2.4285714285714284,449.88235294117646,8.942199454731238,4.123105625617661,substantial
Synthetic_03792,generated,psychiatry,SMD,15,2019,3,30.18,0.056,29.93,0.128,0.132,5377,Generated based on literature patterns,5.0,358.46666666666664,8.589885876809678,3.872983346207417,moderate
Synthetic_03793,generated,urology,HR,7,2020,6,65.82,0.1161,11.74,0.636,0.212,1381,Generated based on literature patterns,1.1666666666666667,197.28571428571428,7.2305631534092925,2.6457513110645907,substantial
Synthetic_03794,generated,ophthalmology,HR,13,2010,8,39.19,0.0854,13.15,1.636,0.157,2830,Generated based on literature patterns,1.625,217.69230769230768,7.948031990637284,3.605551275463989,moderate
Synthetic_03795,generated,nephrology,MD,13,2018,3,7.67,0.1791,17.6,-2.333,0.026,24328,Generated based on literature patterns,4.333333333333333,1871.3846153846155,10.099383229357201,3.605551275463989,low
Synthetic_03796,generated,psychiatry,SMD,28,2011,8,66.93,0.1316,110.64,0.328,0.575,259,Generated based on literature patterns,3.5,9.25,5.556828061699537,5.291502622129181,substantial
Synthetic_03797,generated,immunology,HR,16,2020,11,5.94,0.012,22.88,1.177,0.077,14071,Generated based on literature patterns,1.4545454545454546,879.4375,9.551871220788255,4.0,low
Synthetic_03798,generated,cardiology,COR,5,2012,9,1.95,0.1157,2.84,0.333,0.086,2512,Generated based on literature patterns,0.5555555555555556,502.4,7.828834527588089,2.23606797749979,low
Synthetic_03799,generated,endocrinology,COR,5,2016,5,46.51,1.7428,15.03,0.301,0.104,1857,Generated based on literature patterns,1.0,371.4,7.526717561352706,2.23606797749979,moderate
Synthetic_03800,generated,nephrology,COR,25,2006,16,63.23,1.1068,61.51,-0.027,0.468,117,Generated based on literature patterns,1.5625,4.68,4.762173934797756,5.0,substantial
Synthetic_03801,generated,dermatology,MD,29,2020,12,57.93,1.0044,72.54,0.366,0.245,554,Generated based on literature patterns,2.4166666666666665,19.103448275862068,6.317164686747284,5.385164807134504,substantial
Synthetic_03802,generated,immunology,COR,7,2013,3,61.21,0.5744,17.69,-0.014,0.102,3552,Generated based on literature patterns,2.3333333333333335,507.42857142857144,8.17526610411206,2.6457513110645907,substantial
Synthetic_03803,generated,gastroenterology,RR,18,2013,4,1.24,0.019,14.63,1.515,0.188,843,Generated based on literature patterns,4.5,46.833333333333336,6.736966958001855,4.242640687119285,low
Synthetic_03804,generated,nephrology,OR,5,2008,3,46.84,0.0741,20.14,0.815,0.998,100,Generated based on literature patterns,1.6666666666666667,20.0,4.605170185988092,2.23606797749979,moderate
Synthetic_03805,generated,urology,MD,36,2013,9,40.67,0.566,35.56,2.649,0.552,259,Generated based on literature patterns,4.0,7.194444444444445,5.556828061699537,6.0,moderate
Synthetic_03806,generated,immunology,OR,5,2020,7,78.05,0.3335,12.6,0.364,0.075,3990,Generated based on literature patterns,0.7142857142857143,798.0,8.29154650988391,2.23606797749979,high
Synthetic_03807,generated,urology,COR,14,2017,5,32.08,0.5117,37.96,-0.052,0.432,187,Generated based on literature patterns,2.8,13.357142857142858,5.231108616854587,3.7416573867739413,moderate
Synthetic_03808,generated,rheumatology,COR,12,2014,23,3.82,0.1505,3.65,0.225,0.057,5022,Generated based on literature patterns,0.5217391304347826,418.5,8.52158353971753,3.4641016151377544,low
Synthetic_03809,generated,gastroenterology,MD,26,2012,4,89.97,1.3873,290.18,-5.051,0.216,3962,Generated based on literature patterns,6.5,152.3846153846154,8.284504227258497,5.0990195135927845,high
Synthetic_03810,generated,nephrology,OR,5,2016,3,89.25,0.2073,44.94,0.742,0.509,369,Generated based on literature patterns,1.6666666666666667,73.8,5.910796644040527,2.23606797749979,high
Synthetic_03811,generated,psychiatry,COR,8,2018,4,9.9,0.3253,13.24,-0.003,0.173,1011,Generated based on literature patterns,2.0,126.375,6.918695219020472,2.8284271247461903,low
Synthetic_03812,generated,gastroenterology,RR,10,2006,10,67.99,0.1619,37.68,0.699,0.114,9117,Generated based on literature patterns,1.0,911.7,9.117896081584902,3.1622776601683795,substantial
Synthetic_03813,generated,nephrology,HR,14,2023,14,7.61,0.0182,16.74,0.939,0.036,22352,Generated based on literature patterns,1.0,1596.5714285714287,10.014671081496743,3.7416573867739413,low
Synthetic_03814,generated,infectious_disease,COR,18,2001,9,37.51,0.397,28.71,0.263,0.124,1193,Generated based on literature patterns,2.0,66.27777777777777,7.084226422097916,4.242640687119285,moderate
Synthetic_03815,generated,gastroenterology,COR,15,2006,12,33.73,0.8561,19.42,0.204,0.081,6488,Generated based on literature patterns,1.25,432.53333333333336,8.77770959579525,3.872983346207417,moderate
Synthetic_03816,generated,endocrinology,OR,11,1999,9,66.51,0.157,27.42,0.442,0.158,1442,Generated based on literature patterns,1.2222222222222223,131.0909090909091,7.273786317844895,3.3166247903554,substantial
Synthetic_03817,generated,rheumatology,MD,7,2021,15,43.93,1.2575,19.19,0.503,0.054,31962,Generated based on literature patterns,0.4666666666666667,4566.0,10.372302976145054,2.6457513110645907,moderate
Synthetic_03818,generated,immunology,MD,7,2019,5,3.81,0.125,15.78,2.34,0.122,2804,Generated based on literature patterns,1.4,400.57142857142856,7.938802248154481,2.6457513110645907,low
Synthetic_03819,generated,oncology,COR,7,2015,17,79.2,1.1904,30.85,0.018,0.094,3216,Generated based on literature patterns,0.4117647058823529,459.42857142857144,8.075893630298857,2.6457513110645907,high
Synthetic_03820,generated,endocrinology,OR,14,2002,5,3.36,0.0216,25.83,0.632,0.307,221,Generated based on literature patterns,2.8,15.785714285714286,5.3981627015177525,3.7416573867739413,low
Synthetic_03821,generated,immunology,HR,22,2014,6,36.65,0.1179,43.46,1.319,0.169,653,Generated based on literature patterns,3.6666666666666665,29.681818181818183,6.481577129276431,4.69041575982343,moderate
Synthetic_03822,generated,rheumatology,HR,10,2014,9,68.72,0.6245,22.07,3.138,0.305,380,Generated based on literature patterns,1.1111111111111112,38.0,5.940171252720432,3.1622776601683795,substantial
Synthetic_03823,generated,neurology,HR,17,2011,12,5.83,0.0307,17.12,2.211,0.206,438,Generated based on literature patterns,1.4166666666666667,25.764705882352942,6.082218910376446,4.123105625617661,low
Synthetic_03824,generated,gastroenterology,SMD,22,2004,12,72.71,0.2028,79.3,-0.453,0.301,798,Generated based on literature patterns,1.8333333333333333,36.27272727272727,6.682108597449809,4.69041575982343,substantial
Synthetic_03825,generated,nephrology,RR,16,2015,10,46.97,0.1467,24.17,0.797,0.044,16466,Generated based on literature patterns,1.6,1029.125,9.709052927858371,4.0,moderate
Synthetic_03826,generated,endocrinology,MD,14,2023,3,7.36,0.163,9.06,3.745,0.044,4501,Generated based on literature patterns,4.666666666666667,321.5,8.412054873292933,3.7416573867739413,low
Synthetic_03827,generated,nephrology,OR,14,2013,4,32.55,0.1951,16.67,0.938,0.046,22648,Generated based on literature patterns,3.5,1617.7142857142858,10.027826826791735,3.7416573867739413,moderate
Synthetic_03828,generated,urology,MD,18,2008,12,80.49,1.2865,120.43,-0.493,0.198,790,Generated based on literature patterns,1.5,43.888888888888886,6.672032945461067,4.242640687119285,high
Synthetic_03829,generated,endocrinology,COR,8,2012,8,55.2,0.6168,21.82,-0.216,0.116,3141,Generated based on literature patterns,1.0,392.625,8.052296499538647,2.8284271247461903,substantial
Synthetic_03830,generated,cardiology,OR,11,2014,3,8.62,0.017,15.21,1.368,0.033,21328,Generated based on literature patterns,3.6666666666666665,1938.909090909091,9.96777604241849,3.3166247903554,low
Synthetic_03831,generated,psychiatry,SMD,5,2009,4,38.98,0.0436,9.66,-0.17,0.13,1421,Generated based on literature patterns,1.25,284.2,7.259116128097101,2.23606797749979,moderate
Synthetic_03832,generated,infectious_disease,HR,5,2011,5,81.11,0.1248,33.27,1.84,0.249,1163,Generated based on literature patterns,1.0,232.6,7.0587581525186645,2.23606797749979,high
Synthetic_03833,generated,immunology,OR,7,2014,5,26.57,0.0793,15.04,0.894,0.144,1862,Generated based on literature patterns,1.4,266.0,7.529406457837013,2.6457513110645907,moderate
Synthetic_03834,generated,pulmonology,SMD,10,2012,19,33.61,0.1741,9.77,-0.38,0.079,3317,Generated based on literature patterns,0.5263157894736842,331.7,8.106816038947052,3.1622776601683795,moderate
Synthetic_03835,generated,dermatology,MD,19,2009,18,45.79,0.6766,35.18,-2.709,0.529,225,Generated based on literature patterns,1.0555555555555556,11.842105263157896,5.41610040220442,4.358898943540674,moderate
Synthetic_03836,generated,psychiatry,COR,8,2006,6,61.7,0.9628,9.87,-0.156,0.156,2643,Generated based on literature patterns,1.3333333333333333,330.375,7.879669914604289,2.8284271247461903,substantial
Synthetic_03837,generated,endocrinology,MD,21,2006,3,34.42,0.6119,44.57,3.99,0.323,250,Generated based on literature patterns,7.0,11.904761904761905,5.521460917862246,4.58257569495584,moderate
Synthetic_03838,generated,ophthalmology,HR,14,2019,5,53.23,0.3421,23.81,1.06,0.058,19819,Generated based on literature patterns,2.8,1415.642857142857,9.894396352524348,3.7416573867739413,substantial
Synthetic_03839,generated,infectious_disease,MD,41,2010,14,78.39,1.3864,175.89,-0.351,0.141,2201,Generated based on literature patterns,2.9285714285714284,53.68292682926829,7.696667081526462,6.4031242374328485,high
Synthetic_03840,generated,rheumatology,MD,10,2017,12,6.92,0.4682,9.37,2.645,0.07,2491,Generated based on literature patterns,0.8333333333333334,249.1,7.820439515262181,3.1622776601683795,low
Synthetic_03841,generated,dermatology,SMD,25,2008,18,28.06,0.2245,52.03,0.851,0.009,158776,Generated based on literature patterns,1.3888888888888888,6351.04,11.975249682872095,5.0,moderate
Synthetic_03842,generated,rheumatology,MD,11,2006,6,56.78,1.1534,19.5,2.006,0.128,1685,Generated based on literature patterns,1.8333333333333333,153.1818181818182,7.429520842786462,3.3166247903554,substantial
Synthetic_03843,generated,neurology,COR,21,2011,3,10.0,0.174,18.65,-0.159,0.076,3688,Generated based on literature patterns,7.0,175.61904761904762,8.212839584676484,4.58257569495584,low
Synthetic_03844,generated,neurology,HR,6,2010,7,25.99,0.0487,7.07,1.747,0.02,51182,Generated based on literature patterns,0.8571428571428571,8530.333333333334,10.843143186715016,2.449489742783178,moderate
Synthetic_03845,generated,rheumatology,RR,18,2007,6,35.96,0.0442,28.21,0.508,0.089,5425,Generated based on literature patterns,3.0,301.3888888888889,8.59877317840866,4.242640687119285,moderate
Synthetic_03846,generated,neurology,COR,9,2006,6,34.28,0.4698,8.36,-0.026,0.361,315,Generated based on literature patterns,1.5,35.0,5.752572638825633,3.0,moderate
Synthetic_03847,generated,immunology,SMD,27,2011,3,34.29,0.1544,36.44,0.078,0.189,496,Generated based on literature patterns,9.0,18.37037037037037,6.206575926724928,5.196152422706632,moderate
Synthetic_03848,generated,oncology,HR,5,2010,7,6.17,0.0288,6.65,0.677,0.051,12099,Generated based on literature patterns,0.7142857142857143,2419.8,9.400878083541478,2.23606797749979,low
Synthetic_03849,generated,rheumatology,SMD,8,2011,3,86.02,0.4696,48.19,0.969,0.05,53911,Generated based on literature patterns,2.6666666666666665,6738.875,10.895089817707918,2.8284271247461903,high
Synthetic_03850,generated,gastroenterology,OR,9,2017,4,7.99,0.0728,9.05,0.642,0.129,1114,Generated based on literature patterns,2.25,123.77777777777777,7.01571242048723,3.0,low
Synthetic_03851,generated,infectious_disease,OR,19,2010,15,56.39,0.1207,59.89,0.792,0.215,1392,Generated based on literature patterns,1.2666666666666666,73.26315789473684,7.238496840894365,4.358898943540674,substantial
Synthetic_03852,generated,oncology,SMD,12,2016,10,85.56,0.169,78.74,0.34,0.108,4374,Generated based on literature patterns,1.2,364.5,8.383433201236713,3.4641016151377544,high
Synthetic_03853,generated,neurology,COR,24,1997,23,63.89,0.7917,72.41,0.611,0.084,2326,Generated based on literature patterns,1.0434782608695652,96.91666666666667,7.75190533307861,4.898979485566356,substantial
Synthetic_03854,generated,immunology,RR,6,2013,3,84.0,0.2989,30.32,1.17,0.231,1664,Generated based on literature patterns,2.0,277.3333333333333,7.416979621381154,2.449489742783178,high
Synthetic_03855,generated,ophthalmology,COR,6,2009,3,81.59,1.5075,28.03,0.438,0.085,12999,Generated based on literature patterns,2.0,2166.5,9.47262771040802,2.449489742783178,high
Synthetic_03856,generated,neurology,COR,8,2023,12,83.45,1.755,41.61,-0.258,0.114,5579,Generated based on literature patterns,0.6666666666666666,697.375,8.626764827845529,2.8284271247461903,high
Synthetic_03857,generated,nephrology,OR,6,2009,20,79.5,0.1141,29.95,0.635,0.072,21953,Generated based on literature patterns,0.3,3658.8333333333335,9.996659083423923,2.449489742783178,high
Synthetic_03858,generated,rheumatology,OR,28,2013,26,38.5,0.1042,41.54,1.062,0.199,1219,Generated based on literature patterns,1.0769230769230769,43.535714285714285,7.105786129481271,5.291502622129181,moderate
Synthetic_03859,generated,neurology,SMD,6,2019,3,51.91,0.1301,19.66,-0.459,0.343,292,Generated based on literature patterns,2.0,48.666666666666664,5.676753802268282,2.449489742783178,substantial
Synthetic_03860,generated,ophthalmology,RR,9,2005,3,87.2,0.0971,62.41,0.805,0.207,830,Generated based on literature patterns,3.0,92.22222222222223,6.721425700790643,3.0,high
Synthetic_03861,generated,nephrology,SMD,23,2019,7,86.58,0.2938,156.66,-0.417,0.444,994,Generated based on literature patterns,3.2857142857142856,43.21739130434783,6.901737206656574,4.795831523312719,high
Synthetic_03862,generated,urology,RR,26,2009,8,35.15,0.1301,42.34,0.616,0.08,21043,Generated based on literature patterns,3.25,809.3461538461538,9.954323242238624,5.0990195135927845,moderate
Synthetic_03863,generated,ophthalmology,MD,26,2008,3,25.62,0.158,30.63,0.729,0.111,6077,Generated based on literature patterns,8.666666666666666,233.73076923076923,8.712266432135355,5.0990195135927845,moderate
Synthetic_03864,generated,immunology,SMD,7,2018,13,62.98,0.1586,21.7,0.344,0.098,6383,Generated based on literature patterns,0.5384615384615384,911.8571428571429,8.761393485256058,2.6457513110645907,substantial
Synthetic_03865,generated,endocrinology,OR,21,2012,9,3.69,0.0126,28.32,0.591,0.062,7891,Generated based on literature patterns,2.3333333333333335,375.76190476190476,8.973478148521036,4.58257569495584,low
Synthetic_03866,generated,oncology,OR,10,2020,11,83.94,0.2382,56.41,1.149,0.15,4802,Generated based on literature patterns,0.9090909090909091,480.2,8.4767877767812,3.1622776601683795,high
Synthetic_03867,generated,infectious_disease,COR,24,2001,18,5.0,0.1421,12.05,0.01,0.09,3089,Generated based on literature patterns,1.3333333333333333,128.70833333333334,8.035602692918582,4.898979485566356,low
Synthetic_03868,generated,dermatology,OR,15,2012,6,56.04,0.1642,29.56,1.267,0.096,2720,Generated based on literature patterns,2.5,181.33333333333334,7.908387159290043,3.872983346207417,substantial
Synthetic_03869,generated,nephrology,RR,9,1996,18,69.68,0.1802,28.14,1.394,0.03,101377,Generated based on literature patterns,0.5,11264.111111111111,11.526601519953068,3.0,substantial
Synthetic_03870,generated,ophthalmology,RR,11,2002,8,52.84,0.2382,44.29,0.481,0.148,3463,Generated based on literature patterns,1.375,314.8181818181818,8.149890544402423,3.3166247903554,substantial
Synthetic_03871,generated,rheumatology,COR,6,2017,5,2.3,0.0641,1.81,0.29,0.077,1262,Generated based on literature patterns,1.2,210.33333333333334,7.140453043101158,2.449489742783178,low
Synthetic_03872,generated,psychiatry,OR,5,2018,7,33.92,0.084,10.83,1.016,0.199,680,Generated based on literature patterns,0.7142857142857143,136.0,6.522092798170152,2.23606797749979,moderate
Synthetic_03873,generated,pulmonology,HR,5,2006,6,9.7,0.0439,5.17,0.865,0.152,1521,Generated based on literature patterns,0.8333333333333334,304.2,7.327123292259293,2.23606797749979,low
Synthetic_03874,generated,gastroenterology,OR,9,1993,8,37.1,0.1119,26.52,0.861,0.15,1727,Generated based on literature patterns,1.125,191.88888888888889,7.454141078146678,3.0,moderate
Synthetic_03875,generated,pulmonology,HR,6,2012,17,79.63,0.1725,35.28,1.211,0.079,7050,Generated based on literature patterns,0.35294117647058826,1175.0,8.860782895806315,2.449489742783178,high
Synthetic_03876,generated,cardiology,SMD,5,2004,4,44.03,0.1289,4.91,0.345,0.125,4120,Generated based on literature patterns,1.25,824.0,8.323608442343572,2.23606797749979,moderate
Synthetic_03877,generated,immunology,MD,16,2025,3,33.59,0.341,18.5,-1.867,0.044,11811,Generated based on literature patterns,5.333333333333333,738.1875,9.376786579611847,4.0,moderate
Synthetic_03878,generated,psychiatry,SMD,27,2001,4,70.79,0.3023,86.64,-0.245,0.039,44566,Generated based on literature patterns,6.75,1650.5925925925926,10.704726515446913,5.196152422706632,substantial
Synthetic_03879,generated,endocrinology,HR,6,2012,3,38.05,0.0539,13.66,1.44,0.163,1934,Generated based on literature patterns,2.0,322.3333333333333,7.56734567601324,2.449489742783178,moderate
Synthetic_03880,generated,dermatology,COR,13,2021,6,41.85,0.8682,23.13,-0.125,0.082,23348,Generated based on literature patterns,2.1666666666666665,1796.0,10.058266606323683,3.605551275463989,moderate
Synthetic_03881,generated,neurology,HR,14,2010,9,0.42,0.0134,16.1,2.371,0.104,840,Generated based on literature patterns,1.5555555555555556,60.0,6.733401891837359,3.7416573867739413,low
Synthetic_03882,generated,cardiology,HR,7,2020,13,7.96,0.037,8.09,1.065,0.748,126,Generated based on literature patterns,0.5384615384615384,18.0,4.836281906951478,2.6457513110645907,low
Synthetic_03883,generated,rheumatology,OR,17,2005,7,46.8,0.0981,21.16,0.654,0.274,598,Generated based on literature patterns,2.4285714285714284,35.1764705882353,6.393590753950631,4.123105625617661,moderate
Synthetic_03884,generated,oncology,HR,10,2011,3,2.16,0.0145,10.0,0.474,0.04,15574,Generated based on literature patterns,3.3333333333333335,1557.4,9.653358136136932,3.1622776601683795,low
Synthetic_03885,generated,immunology,OR,10,2009,10,5.1,0.0168,7.97,1.03,0.06,5393,Generated based on literature patterns,1.0,539.3,8.592857095337227,3.1622776601683795,low
Synthetic_03886,generated,endocrinology,HR,10,2015,9,11.9,0.027,5.04,1.002,0.078,3756,Generated based on literature patterns,1.1111111111111112,375.6,8.231109840328154,3.1622776601683795,low
Synthetic_03887,generated,rheumatology,COR,9,2022,15,77.12,0.9304,48.32,-0.248,0.107,13394,Generated based on literature patterns,0.6,1488.2222222222222,9.502562124469996,3.0,high
Synthetic_03888,generated,pulmonology,OR,25,2006,6,85.21,0.4774,147.82,0.75,0.175,435,Generated based on literature patterns,4.166666666666667,17.4,6.075346031088684,5.0,high
Synthetic_03889,generated,cardiology,RR,15,2014,25,83.35,0.2019,71.55,0.688,0.721,415,Generated based on literature patterns,0.6,27.666666666666668,6.028278520230698,3.872983346207417,high
Synthetic_03890,generated,infectious_disease,HR,12,2009,7,34.88,0.0818,9.08,0.896,0.569,234,Generated based on literature patterns,1.7142857142857142,19.5,5.455321115357702,3.4641016151377544,moderate
Synthetic_03891,generated,ophthalmology,SMD,10,1999,5,49.27,0.1629,23.41,0.165,0.639,128,Generated based on literature patterns,2.0,12.8,4.852030263919617,3.1622776601683795,moderate
Synthetic_03892,generated,dermatology,MD,18,2022,3,6.03,0.131,7.8,2.666,0.076,2640,Generated based on literature patterns,6.0,146.66666666666666,7.878534196140362,4.242640687119285,low
Synthetic_03893,generated,ophthalmology,MD,16,1996,4,2.52,0.3582,17.2,0.901,0.291,1024,Generated based on literature patterns,4.0,64.0,6.931471805599453,4.0,low
Synthetic_03894,generated,dermatology,SMD,5,2024,7,84.21,0.12,26.81,-0.444,0.337,567,Generated based on literature patterns,0.7142857142857143,113.4,6.340359303727752,2.23606797749979,high
Synthetic_03895,generated,oncology,OR,9,2013,30,56.3,0.3026,18.53,0.907,0.935,123,Generated based on literature patterns,0.3,13.666666666666666,4.812184355372417,3.0,substantial
Synthetic_03896,generated,immunology,HR,11,2011,5,2.46,0.0201,4.73,1.053,0.108,2055,Generated based on literature patterns,2.2,186.8181818181818,7.628031126930335,3.3166247903554,low
Synthetic_03897,generated,urology,RR,27,2014,30,33.38,0.1408,53.28,0.959,0.169,2313,Generated based on literature patterns,0.9,85.66666666666667,7.746300662231439,5.196152422706632,moderate
Synthetic_03898,generated,immunology,SMD,7,2012,11,4.13,0.061,13.56,0.578,0.038,12156,Generated based on literature patterns,0.6363636363636364,1736.5714285714287,9.405578154036684,2.6457513110645907,low
Synthetic_03899,generated,neurology,SMD,14,2017,4,5.65,0.0311,16.44,-1.048,0.262,1015,Generated based on literature patterns,3.5,72.5,6.922643891475888,3.7416573867739413,low
Synthetic_03900,generated,ophthalmology,MD,16,2016,5,9.69,0.3157,22.15,-1.011,0.096,6188,Generated based on literature patterns,3.2,386.75,8.730367211692958,4.0,low
Synthetic_03901,generated,urology,OR,16,2011,11,7.21,0.013,14.37,0.605,0.033,17627,Generated based on literature patterns,1.4545454545454546,1101.6875,9.777187096419954,4.0,low
Synthetic_03902,generated,psychiatry,MD,20,2020,4,35.84,1.1222,41.59,4.101,0.289,1027,Generated based on literature patterns,5.0,51.35,6.934397209928558,4.47213595499958,moderate
Synthetic_03903,generated,psychiatry,SMD,12,2006,18,42.03,0.1245,22.1,0.209,0.12,2426,Generated based on literature patterns,0.6666666666666666,202.16666666666666,7.793999089503996,3.4641016151377544,moderate
Synthetic_03904,generated,infectious_disease,SMD,15,2008,5,0.53,0.0083,15.76,0.009,0.063,2731,Generated based on literature patterns,3.0,182.06666666666666,7.912423121473705,3.872983346207417,low
Synthetic_03905,generated,endocrinology,HR,13,2011,14,78.42,0.177,54.15,0.458,0.178,854,Generated based on literature patterns,0.9285714285714286,65.6923076923077,6.74993119378857,3.605551275463989,high
Synthetic_03906,generated,dermatology,SMD,6,2007,30,27.7,0.293,7.73,0.534,0.031,47472,Generated based on literature patterns,0.2,7912.0,10.767895342530602,2.449489742783178,moderate
Synthetic_03907,generated,oncology,OR,14,2014,4,35.1,0.1111,11.36,0.708,0.261,875,Generated based on literature patterns,3.5,62.5,6.774223886357614,3.7416573867739413,moderate
Synthetic_03908,generated,nephrology,COR,9,2005,6,41.05,0.6462,12.08,0.304,0.142,1121,Generated based on literature patterns,1.5,124.55555555555556,7.02197642307216,3.0,moderate
Synthetic_03909,generated,urology,SMD,9,2012,9,2.81,0.0336,8.86,0.607,0.267,419,Generated based on literature patterns,1.0,46.55555555555556,6.037870919922137,3.0,low
Synthetic_03910,generated,neurology,SMD,5,2010,6,62.58,0.4949,13.01,0.587,0.215,2418,Generated based on literature patterns,0.8333333333333334,483.6,7.790696031174738,2.23606797749979,substantial
Synthetic_03911,generated,gastroenterology,RR,7,2028,18,26.83,0.1701,9.34,0.644,0.093,7521,Generated based on literature patterns,0.3888888888888889,1074.4285714285713,8.925454386826402,2.6457513110645907,moderate
Synthetic_03912,generated,psychiatry,HR,26,2028,19,41.17,0.1287,35.66,1.291,0.051,3811,Generated based on literature patterns,1.368421052631579,146.57692307692307,8.24564690087386,5.0990195135927845,moderate
Synthetic_03913,generated,gastroenterology,MD,17,2007,9,4.09,0.0919,11.82,3.515,0.139,1186,Generated based on literature patterns,1.8888888888888888,69.76470588235294,7.078341579557671,4.123105625617661,low
Synthetic_03914,generated,neurology,MD,15,2012,19,4.47,0.147,26.06,3.401,0.02,29878,Generated based on literature patterns,0.7894736842105263,1991.8666666666666,10.304877702602262,3.872983346207417,low
Synthetic_03915,generated,ophthalmology,MD,12,2012,14,42.44,1.5421,16.1,-0.017,0.275,842,Generated based on literature patterns,0.8571428571428571,70.16666666666667,6.7357800142423265,3.4641016151377544,moderate
Synthetic_03916,generated,rheumatology,OR,19,2018,5,59.78,0.1238,40.61,0.545,0.328,1571,Generated based on literature patterns,3.8,82.6842105263158,7.359467638255621,4.358898943540674,substantial
Synthetic_03917,generated,endocrinology,COR,16,2018,7,86.56,1.1848,134.98,-0.211,0.227,2432,Generated based on literature patterns,2.2857142857142856,152.0,7.796469243086058,4.0,high
Synthetic_03918,generated,gastroenterology,RR,15,2012,4,78.22,0.185,71.02,0.625,0.109,4315,Generated based on literature patterns,3.75,287.6666666666667,8.36985260351753,3.872983346207417,high
Synthetic_03919,generated,immunology,SMD,9,2024,8,3.15,0.0267,14.7,0.436,0.042,11428,Generated based on literature patterns,1.125,1269.7777777777778,9.343821763350663,3.0,low
Synthetic_03920,generated,pulmonology,SMD,8,2022,6,2.11,0.0346,2.9,-0.897,0.138,1184,Generated based on literature patterns,1.3333333333333333,148.0,7.076653815443951,2.8284271247461903,low
Synthetic_03921,generated,ophthalmology,HR,5,2006,3,4.45,0.024,6.38,0.679,0.129,747,Generated based on literature patterns,1.6666666666666667,149.4,6.616065185132817,2.23606797749979,low
Synthetic_03922,generated,rheumatology,RR,17,2008,3,4.6,0.0269,15.83,0.958,0.518,116,Generated based on literature patterns,5.666666666666667,6.823529411764706,4.7535901911063645,4.123105625617661,low
Synthetic_03923,generated,psychiatry,MD,34,2010,6,88.79,1.4534,277.38,-2.641,0.148,2432,Generated based on literature patterns,5.666666666666667,71.52941176470588,7.796469243086058,5.830951894845301,high
Synthetic_03924,generated,rheumatology,OR,35,2011,3,1.37,0.0211,51.81,0.945,0.157,889,Generated based on literature patterns,11.666666666666666,25.4,6.790097235513905,5.916079783099616,low
Synthetic_03925,generated,infectious_disease,RR,10,2017,8,89.57,0.4973,95.33,0.7,0.31,527,Generated based on literature patterns,1.25,52.7,6.267200548541362,3.1622776601683795,high
Synthetic_03926,generated,infectious_disease,MD,5,2011,3,78.77,3.2783,9.21,-0.143,0.486,639,Generated based on literature patterns,1.6666666666666667,127.8,6.459904454377535,2.23606797749979,high
Synthetic_03927,generated,dermatology,HR,5,2007,7,37.28,0.0542,12.85,1.189,0.069,6682,Generated based on literature patterns,0.7142857142857143,1336.4,8.807172622916703,2.23606797749979,moderate
Synthetic_03928,generated,immunology,SMD,5,2012,4,33.89,0.2646,5.44,0.371,0.064,13106,Generated based on literature patterns,1.25,2621.2,9.480825419599443,2.23606797749979,moderate
Synthetic_03929,generated,endocrinology,COR,22,2017,4,8.93,0.1735,18.82,-0.168,0.259,678,Generated based on literature patterns,5.5,30.818181818181817,6.519147287940395,4.69041575982343,low
Synthetic_03930,generated,immunology,SMD,7,2015,8,56.37,0.1964,18.72,-0.354,0.37,421,Generated based on literature patterns,0.875,60.142857142857146,6.042632833682381,2.6457513110645907,substantial
Synthetic_03931,generated,dermatology,RR,17,2012,5,2.04,0.0128,33.22,1.203,0.217,759,Generated based on literature patterns,3.4,44.64705882352941,6.63200177739563,4.123105625617661,low
Synthetic_03932,generated,immunology,MD,9,2013,8,63.79,0.6898,11.03,-0.132,0.14,1788,Generated based on literature patterns,1.125,198.66666666666666,7.488852955733459,3.0,substantial
Synthetic_03933,generated,dermatology,MD,79,2012,7,7.08,0.1054,81.73,0.767,0.17,650,Generated based on literature patterns,11.285714285714286,8.227848101265822,6.476972362889683,8.888194417315589,low
Synthetic_03934,generated,nephrology,RR,8,2008,13,37.49,0.0787,18.51,0.991,0.129,1014,Generated based on literature patterns,0.6153846153846154,126.75,6.921658184151129,2.8284271247461903,moderate
Synthetic_03935,generated,pulmonology,SMD,5,2013,5,31.88,0.1738,5.97,-0.34,0.145,1800,Generated based on literature patterns,1.0,360.0,7.495541943884256,2.23606797749979,moderate
Synthetic_03936,generated,dermatology,HR,8,2016,6,66.34,0.127,23.0,1.071,0.224,1319,Generated based on literature patterns,1.3333333333333333,164.875,7.1846291527173145,2.8284271247461903,substantial
Synthetic_03937,generated,immunology,SMD,27,2019,7,2.9,0.0829,21.2,-0.653,0.116,2109,Generated based on literature patterns,3.857142857142857,78.11111111111111,7.653969180478774,5.196152422706632,low
Synthetic_03938,generated,ophthalmology,MD,9,2003,7,60.53,0.5626,15.9,-1.501,0.192,435,Generated based on literature patterns,1.2857142857142858,48.333333333333336,6.075346031088684,3.0,substantial
Synthetic_03939,generated,neurology,COR,14,2013,4,46.94,1.27,21.12,-0.052,0.388,267,Generated based on literature patterns,3.5,19.071428571428573,5.58724865840025,3.7416573867739413,moderate
Synthetic_03940,generated,nephrology,RR,8,2008,11,32.49,0.1005,7.73,1.248,0.026,16848,Generated based on literature patterns,0.7272727272727273,2106.0,9.731987234373756,2.8284271247461903,moderate
Synthetic_03941,generated,rheumatology,RR,9,2011,10,86.43,0.2371,39.29,0.797,0.494,516,Generated based on literature patterns,0.9,57.333333333333336,6.246106765481563,3.0,high
Synthetic_03942,generated,pulmonology,HR,6,2003,3,88.97,0.238,94.65,0.831,0.177,1449,Generated based on literature patterns,2.0,241.5,7.278628942320682,2.449489742783178,high
Synthetic_03943,generated,cardiology,RR,5,1998,3,38.48,0.072,5.39,0.889,0.079,8069,Generated based on literature patterns,1.6666666666666667,1613.8,8.995784837848506,2.23606797749979,moderate
Synthetic_03944,generated,ophthalmology,HR,18,2020,4,76.37,0.2161,85.63,1.248,0.124,5811,Generated based on literature patterns,4.5,322.8333333333333,8.667507952075105,4.242640687119285,high
Synthetic_03945,generated,immunology,RR,17,2016,3,58.91,0.1301,32.96,0.64,0.248,913,Generated based on literature patterns,5.666666666666667,53.705882352941174,6.816735880594968,4.123105625617661,substantial
Synthetic_03946,generated,pulmonology,OR,37,2013,11,87.01,0.2453,308.82,0.96,0.612,100,Generated based on literature patterns,3.3636363636363638,2.7027027027027026,4.605170185988092,6.082762530298219,high
Synthetic_03947,generated,immunology,SMD,11,2007,12,32.9,0.0975,7.87,-0.622,0.387,411,Generated based on literature patterns,0.9166666666666666,37.36363636363637,6.018593214496234,3.3166247903554,moderate
Synthetic_03948,generated,oncology,OR,18,2021,3,43.97,0.05,34.63,1.325,0.043,32542,Generated based on literature patterns,6.0,1807.888888888889,10.390286841699265,4.242640687119285,moderate
Synthetic_03949,generated,immunology,SMD,19,2007,6,6.51,0.0288,11.64,-0.322,0.055,6911,Generated based on literature patterns,3.1666666666666665,363.7368421052632,8.840869624091395,4.358898943540674,low
Synthetic_03950,generated,immunology,MD,8,2016,3,4.12,0.1171,3.93,1.146,0.407,165,Generated based on literature patterns,2.6666666666666665,20.625,5.10594547390058,2.8284271247461903,low
Synthetic_03951,generated,endocrinology,MD,21,2013,18,0.65,0.0354,22.07,2.589,0.238,1648,Generated based on literature patterns,1.1666666666666667,78.47619047619048,7.4073177104694174,4.58257569495584,low
Synthetic_03952,generated,endocrinology,HR,7,2014,16,38.77,0.0786,17.24,1.738,0.579,149,Generated based on literature patterns,0.4375,21.285714285714285,5.003946305945459,2.6457513110645907,moderate
Synthetic_03953,generated,cardiology,COR,5,2026,5,4.11,0.0585,3.44,-0.094,0.163,1096,Generated based on literature patterns,1.0,219.2,6.999422467507961,2.23606797749979,low
Synthetic_03954,generated,ophthalmology,COR,9,2014,16,53.93,1.4108,5.71,0.128,0.505,471,Generated based on literature patterns,0.5625,52.333333333333336,6.154858094016418,3.0,substantial
Synthetic_03955,generated,infectious_disease,COR,7,2007,11,65.9,0.6926,34.86,0.136,0.163,6989,Generated based on literature patterns,0.6363636363636364,998.4285714285714,8.85209276347713,2.6457513110645907,substantial
Synthetic_03956,generated,gastroenterology,COR,6,2007,3,66.09,1.1183,30.62,0.29,0.11,6212,Generated based on literature patterns,2.0,1035.3333333333333,8.734238184268579,2.449489742783178,substantial
Synthetic_03957,generated,infectious_disease,OR,15,2016,3,2.37,0.0129,23.93,2.025,0.109,1517,Generated based on literature patterns,5.0,101.13333333333334,7.324489979348532,3.872983346207417,low
Synthetic_03958,generated,infectious_disease,SMD,14,2003,13,3.03,0.0465,4.7,1.01,0.075,565,Generated based on literature patterns,1.0769230769230769,40.357142857142854,6.336825731146441,3.7416573867739413,low
Synthetic_03959,generated,ophthalmology,HR,25,1997,5,79.83,0.2094,106.86,1.096,0.202,3073,Generated based on literature patterns,5.0,122.92,8.030409562130485,5.0,high
Synthetic_03960,generated,oncology,HR,7,2020,4,78.48,0.2029,24.98,0.726,0.057,22455,Generated based on literature patterns,1.75,3207.8571428571427,10.01926858552184,2.6457513110645907,high
Synthetic_03961,generated,neurology,OR,21,2007,16,31.92,0.078,36.1,0.666,0.046,9724,Generated based on literature patterns,1.3125,463.04761904761904,9.182352335436015,4.58257569495584,moderate
Synthetic_03962,generated,urology,SMD,8,2010,24,41.66,0.1922,7.98,-0.235,0.015,163417,Generated based on literature patterns,0.3333333333333333,20427.125,12.004060495164028,2.8284271247461903,moderate
Synthetic_03963,generated,psychiatry,HR,15,2012,24,79.07,0.2821,75.44,1.601,0.254,1449,Generated based on literature patterns,0.625,96.6,7.278628942320682,3.872983346207417,high
Synthetic_03964,generated,ophthalmology,SMD,9,2015,26,56.45,0.6014,16.1,0.607,0.16,2407,Generated based on literature patterns,0.34615384615384615,267.44444444444446,7.786136437783072,3.0,substantial
Synthetic_03965,generated,ophthalmology,MD,11,2012,4,6.18,0.1814,13.91,-0.073,0.049,2871,Generated based on literature patterns,2.75,261.0,7.962415680121064,3.3166247903554,low
Synthetic_03966,generated,endocrinology,RR,11,2021,6,70.33,0.2071,33.33,1.187,0.183,1731,Generated based on literature patterns,1.8333333333333333,157.36363636363637,7.456454555176209,3.3166247903554,substantial
Synthetic_03967,generated,infectious_disease,MD,7,2008,3,61.46,0.4032,21.82,4.555,0.081,4410,Generated based on literature patterns,2.3333333333333335,630.0,8.391629968440892,2.6457513110645907,substantial
Synthetic_03968,generated,psychiatry,HR,11,2016,14,84.63,0.1864,64.9,0.726,0.049,9732,Generated based on literature patterns,0.7857142857142857,884.7272727272727,9.183174703903413,3.3166247903554,high
Synthetic_03969,generated,dermatology,HR,18,2010,6,84.96,0.3084,103.14,1.124,0.211,1777,Generated based on literature patterns,3.0,98.72222222222223,7.482681828154651,4.242640687119285,high
Synthetic_03970,generated,pulmonology,HR,7,2017,13,86.38,0.3116,59.21,0.99,0.128,8256,Generated based on literature patterns,0.5384615384615384,1179.4285714285713,9.018695487721343,2.6457513110645907,high
Synthetic_03971,generated,oncology,HR,8,2016,3,54.15,0.1825,17.34,0.73,0.144,5430,Generated based on literature patterns,2.6666666666666665,678.75,8.599694412927981,2.8284271247461903,substantial
Synthetic_03972,generated,ophthalmology,OR,7,2011,7,10.58,0.0305,2.97,2.261,0.142,1432,Generated based on literature patterns,1.0,204.57142857142858,7.266827347520591,2.6457513110645907,low
Synthetic_03973,generated,pulmonology,RR,14,2020,9,66.2,0.2212,41.79,0.661,0.202,1591,Generated based on literature patterns,1.5555555555555556,113.64285714285714,7.372118028337787,3.7416573867739413,substantial
Synthetic_03974,generated,nephrology,HR,16,2011,10,61.23,0.1893,40.16,1.379,0.186,1139,Generated based on literature patterns,1.6,71.1875,7.037905963447182,4.0,substantial
Synthetic_03975,generated,psychiatry,OR,5,2011,11,36.08,0.051,4.64,2.006,0.297,387,Generated based on literature patterns,0.45454545454545453,77.4,5.958424693029782,2.23606797749979,moderate
Synthetic_03976,generated,endocrinology,SMD,5,2004,30,31.02,0.1489,9.56,-0.263,0.195,640,Generated based on literature patterns,0.16666666666666666,128.0,6.461468176353717,2.23606797749979,moderate
Synthetic_03977,generated,cardiology,RR,16,2005,4,45.13,0.1068,25.1,0.489,0.13,5823,Generated based on literature patterns,4.0,363.9375,8.66957087183712,4.0,moderate
Synthetic_03978,generated,pulmonology,HR,5,2016,7,5.21,0.0167,4.01,1.361,0.877,182,Generated based on literature patterns,0.7142857142857143,36.4,5.204006687076795,2.23606797749979,low
Synthetic_03979,generated,neurology,MD,10,2023,3,81.64,1.3907,51.19,-3.326,0.142,3295,Generated based on literature patterns,3.3333333333333335,329.5,8.100161446936607,3.1622776601683795,high
Synthetic_03980,generated,pulmonology,SMD,11,2010,11,1.38,0.0286,13.96,0.645,0.256,417,Generated based on literature patterns,1.0,37.90909090909091,6.0330862217988015,3.3166247903554,low
Synthetic_03981,generated,gastroenterology,COR,14,2009,8,3.06,0.0539,7.15,-0.184,0.201,1920,Generated based on literature patterns,1.75,137.14285714285714,7.560080465021827,3.7416573867739413,low
Synthetic_03982,generated,immunology,RR,6,2016,4,37.7,0.0642,9.79,1.05,0.176,1383,Generated based on literature patterns,1.5,230.5,7.232010331664759,2.449489742783178,moderate
Synthetic_03983,generated,infectious_disease,MD,33,2005,10,58.26,1.173,104.82,-2.306,0.366,728,Generated based on literature patterns,3.3,22.060606060606062,6.590301048196686,5.744562646538029,substantial
Synthetic_03984,generated,ophthalmology,RR,6,2011,14,56.78,0.2074,12.25,0.743,0.168,953,Generated based on literature patterns,0.42857142857142855,158.83333333333334,6.859614903654202,2.449489742783178,substantial
Synthetic_03985,generated,gastroenterology,OR,13,1999,12,45.78,0.2247,24.28,0.655,0.087,5383,Generated based on literature patterns,1.0833333333333333,414.0769230769231,8.591001118560957,3.605551275463989,moderate
Synthetic_03986,generated,pulmonology,MD,10,2015,5,14.93,0.1418,7.75,2.115,0.175,1283,Generated based on literature patterns,2.0,128.3,7.1569563646156364,3.1622776601683795,low
Synthetic_03987,generated,nephrology,RR,10,2018,9,37.41,0.1128,9.79,0.741,0.052,13368,Generated based on literature patterns,1.1111111111111112,1336.8,9.50061907027523,3.1622776601683795,moderate
Synthetic_03988,generated,oncology,OR,18,2007,9,33.92,0.0697,31.07,0.83,0.113,2775,Generated based on literature patterns,2.0,154.16666666666666,7.928406026180535,4.242640687119285,moderate
Synthetic_03989,generated,cardiology,SMD,8,2017,3,39.37,0.1437,7.55,-0.72,0.043,37534,Generated based on literature patterns,2.6666666666666665,4691.75,10.533002467851217,2.8284271247461903,moderate
Synthetic_03990,generated,rheumatology,HR,10,2009,6,2.99,0.0298,9.82,0.645,0.079,6337,Generated based on literature patterns,1.6666666666666667,633.7,8.754160749323518,3.1622776601683795,low
Synthetic_03991,generated,ophthalmology,RR,7,2021,12,60.05,0.2305,16.17,0.623,0.301,1045,Generated based on literature patterns,0.5833333333333334,149.28571428571428,6.951772164398911,2.6457513110645907,substantial
Synthetic_03992,generated,psychiatry,MD,5,2013,3,44.99,0.3006,9.44,0.059,0.328,1262,Generated based on literature patterns,1.6666666666666667,252.4,7.140453043101158,2.23606797749979,moderate
Synthetic_03993,generated,immunology,OR,7,2010,11,32.58,0.21,16.14,0.699,0.344,561,Generated based on literature patterns,0.6363636363636364,80.14285714285714,6.329720905522696,2.6457513110645907,moderate
Synthetic_03994,generated,dermatology,SMD,5,2009,4,78.75,0.2826,17.7,0.183,0.644,194,Generated based on literature patterns,1.25,38.8,5.267858159063328,2.23606797749979,high
Synthetic_03995,generated,oncology,OR,14,2009,6,64.3,0.2375,35.77,0.733,0.202,3896,Generated based on literature patterns,2.3333333333333335,278.2857142857143,8.267705664762426,3.7416573867739413,substantial
Synthetic_03996,generated,psychiatry,OR,14,2023,16,66.7,0.1419,49.56,0.852,0.073,16032,Generated based on literature patterns,0.875,1145.142857142857,9.68234200388459,3.7416573867739413,substantial
Synthetic_03997,generated,dermatology,HR,7,2017,4,79.62,0.1582,33.27,0.645,0.143,3339,Generated based on literature patterns,1.75,477.0,8.113426639943654,2.6457513110645907,high
Synthetic_03998,generated,immunology,HR,5,1999,8,33.11,0.0712,9.12,1.155,0.044,67345,Generated based on literature patterns,0.625,13469.0,11.117583940032915,2.23606797749979,moderate
Synthetic_03999,generated,neurology,HR,14,2011,3,41.36,0.2106,12.76,0.941,0.148,1705,Generated based on literature patterns,4.666666666666667,121.78571428571429,7.4413203897176174,3.7416573867739413,moderate
Synthetic_04000,generated,ophthalmology,COR,7,2012,3,30.76,0.3976,3.9,-0.089,0.239,580,Generated based on literature patterns,2.3333333333333335,82.85714285714286,6.363028103540465,2.6457513110645907,moderate
Synthetic_04001,generated,endocrinology,RR,21,2018,21,63.75,0.1443,32.03,0.838,0.119,1953,Generated based on literature patterns,1.0,93.0,7.577121930876679,4.58257569495584,substantial
Synthetic_04002,generated,oncology,RR,17,2004,7,71.14,0.1785,43.96,0.409,0.588,100,Generated based on literature patterns,2.4285714285714284,5.882352941176471,4.605170185988092,4.123105625617661,substantial
Synthetic_04003,generated,infectious_disease,SMD,9,2015,5,66.01,0.3804,22.03,0.157,0.11,3017,Generated based on literature patterns,1.8,335.22222222222223,8.012018239159062,3.0,substantial
Synthetic_04004,generated,urology,COR,12,2012,3,29.69,0.3965,11.74,-0.239,0.102,1664,Generated based on literature patterns,4.0,138.66666666666666,7.416979621381154,3.4641016151377544,moderate
Synthetic_04005,generated,oncology,HR,19,2003,3,3.16,0.014,16.37,0.567,0.078,2150,Generated based on literature patterns,6.333333333333333,113.15789473684211,7.673223121121708,4.358898943540674,low
Synthetic_04006,generated,gastroenterology,RR,12,2009,8,33.16,0.1155,16.42,0.902,0.308,681,Generated based on literature patterns,1.5,56.75,6.523562306149512,3.4641016151377544,moderate
Synthetic_04007,generated,infectious_disease,SMD,15,2026,5,4.71,0.0441,9.37,1.16,0.119,2058,Generated based on literature patterns,3.0,137.2,7.629489916393995,3.872983346207417,low
Synthetic_04008,generated,rheumatology,OR,5,2014,10,63.51,0.272,10.49,0.484,0.184,2430,Generated based on literature patterns,0.5,486.0,7.795646536334594,2.23606797749979,substantial
Synthetic_04009,generated,nephrology,HR,10,2012,5,3.77,0.0166,13.22,1.196,0.151,747,Generated based on literature patterns,2.0,74.7,6.616065185132817,3.1622776601683795,low
Synthetic_04010,generated,urology,MD,23,2016,5,63.88,1.5299,62.17,-1.915,0.069,6943,Generated based on literature patterns,4.6,301.8695652173913,8.845489236753274,4.795831523312719,substantial
Synthetic_04011,generated,nephrology,SMD,8,2011,14,30.64,0.1139,14.5,0.261,0.158,9951,Generated based on literature patterns,0.5714285714285714,1243.875,9.205428327615163,2.8284271247461903,moderate
Synthetic_04012,generated,oncology,RR,9,2013,26,84.97,0.2592,67.25,0.882,0.355,1068,Generated based on literature patterns,0.34615384615384615,118.66666666666667,6.97354301952014,3.0,high
Synthetic_04013,generated,cardiology,COR,22,2019,8,54.2,1.9295,58.09,-0.063,0.133,2963,Generated based on literature patterns,2.75,134.6818181818182,7.993957547573565,4.69041575982343,substantial
Synthetic_04014,generated,oncology,MD,37,2021,5,5.69,0.1616,41.68,2.719,0.062,9040,Generated based on literature patterns,7.4,244.32432432432432,9.109414453386222,6.082762530298219,low
Synthetic_04015,generated,urology,OR,25,2010,17,76.93,0.2382,132.85,1.721,0.922,102,Generated based on literature patterns,1.4705882352941178,4.08,4.624972813284271,5.0,high
Synthetic_04016,generated,rheumatology,COR,8,2010,5,37.58,0.4676,6.17,0.404,0.148,1709,Generated based on literature patterns,1.6,213.625,7.443663683115591,2.8284271247461903,moderate
Synthetic_04017,generated,ophthalmology,MD,10,2013,6,31.01,0.2346,13.91,-0.002,0.087,9671,Generated based on literature patterns,1.6666666666666667,967.1,9.176886995716963,3.1622776601683795,moderate
Synthetic_04018,generated,ophthalmology,OR,21,2004,3,0.49,0.0103,17.46,1.076,0.056,7615,Generated based on literature patterns,7.0,362.6190476190476,8.937875265329263,4.58257569495584,low
Synthetic_04019,generated,rheumatology,RR,12,2018,7,5.0,0.0178,6.73,0.783,0.084,2929,Generated based on literature patterns,1.7142857142857142,244.08333333333334,7.982416346827733,3.4641016151377544,low
Synthetic_04020,generated,urology,OR,11,2011,7,91.72,0.2764,116.26,0.729,0.118,7283,Generated based on literature patterns,1.5714285714285714,662.0909090909091,8.893298144217916,3.3166247903554,high
Synthetic_04021,generated,pulmonology,COR,6,2013,4,12.24,0.2194,9.04,0.055,0.271,285,Generated based on literature patterns,1.5,47.5,5.652489180268651,2.449489742783178,low
Synthetic_04022,generated,dermatology,HR,16,2005,9,63.91,0.5732,30.14,0.301,0.097,4168,Generated based on literature patterns,1.7777777777777777,260.5,8.335191583433202,4.0,substantial
Synthetic_04023,generated,urology,SMD,8,2019,10,44.12,0.2406,17.82,0.605,0.025,19740,Generated based on literature patterns,0.8,2467.5,9.890402312987472,2.8284271247461903,moderate
Synthetic_04024,generated,endocrinology,HR,32,2013,12,1.66,0.0138,32.58,0.557,0.029,17535,Generated based on literature patterns,2.6666666666666665,547.96875,9.771954162574279,5.656854249492381,low
Synthetic_04025,generated,pulmonology,HR,11,2019,14,65.32,0.3184,33.59,1.037,0.833,155,Generated based on literature patterns,0.7857142857142857,14.090909090909092,5.043425116919247,3.3166247903554,substantial
Synthetic_04026,generated,pulmonology,SMD,9,2008,5,80.93,0.6389,54.5,0.491,0.271,2155,Generated based on literature patterns,1.8,239.44444444444446,7.675546002537848,3.0,high
Synthetic_04027,generated,oncology,COR,10,2022,11,5.75,0.1601,11.93,-0.367,0.192,720,Generated based on literature patterns,0.9090909090909091,72.0,6.579251212010101,3.1622776601683795,low
Synthetic_04028,generated,urology,COR,33,2019,27,43.76,0.5426,62.55,-0.161,0.468,637,Generated based on literature patterns,1.2222222222222223,19.303030303030305,6.456769655572163,5.744562646538029,moderate
Synthetic_04029,generated,psychiatry,SMD,18,2006,14,89.63,0.5381,161.87,-0.752,0.12,3433,Generated based on literature patterns,1.2857142857142858,190.72222222222223,8.141189793457691,4.242640687119285,high
Synthetic_04030,generated,endocrinology,RR,6,1999,29,79.34,0.2031,28.94,0.965,0.593,233,Generated based on literature patterns,0.20689655172413793,38.833333333333336,5.4510384535657,2.449489742783178,high
Synthetic_04031,generated,gastroenterology,OR,12,2008,10,37.57,0.0904,15.81,0.734,0.17,512,Generated based on literature patterns,1.2,42.666666666666664,6.238324625039508,3.4641016151377544,moderate
Synthetic_04032,generated,urology,HR,13,2004,10,83.58,0.1888,93.12,0.919,0.501,223,Generated based on literature patterns,1.3,17.153846153846153,5.407171771460119,3.605551275463989,high
Synthetic_04033,generated,dermatology,HR,9,2010,13,39.76,0.0779,17.01,1.22,0.091,6522,Generated based on literature patterns,0.6923076923076923,724.6666666666666,8.782936356349264,3.0,moderate
Synthetic_04034,generated,gastroenterology,SMD,8,2005,12,5.95,0.0562,7.95,0.323,0.244,275,Generated based on literature patterns,0.6666666666666666,34.375,5.616771097666572,2.8284271247461903,low
Synthetic_04035,generated,pulmonology,HR,5,2014,15,41.92,0.0705,9.03,1.419,0.177,1015,Generated based on literature patterns,0.3333333333333333,203.0,6.922643891475888,2.23606797749979,moderate
Synthetic_04036,generated,infectious_disease,SMD,12,2005,5,78.35,0.2121,53.62,-0.829,0.041,24098,Generated based on literature patterns,2.4,2008.1666666666667,10.089884128483222,3.4641016151377544,high
Synthetic_04037,generated,psychiatry,RR,39,1999,15,33.26,0.0391,52.84,1.18,0.065,9051,Generated based on literature patterns,2.6,232.07692307692307,9.11063052782717,6.244997998398398,moderate
Synthetic_04038,generated,endocrinology,OR,11,2010,8,66.42,0.1865,34.36,0.593,0.646,190,Generated based on literature patterns,1.375,17.272727272727273,5.247024072160486,3.3166247903554,substantial
Synthetic_04039,generated,neurology,HR,5,1995,7,81.28,0.3005,30.65,1.201,0.06,13151,Generated based on literature patterns,0.7142857142857143,2630.2,9.484253080341965,2.23606797749979,high
Synthetic_04040,generated,cardiology,OR,14,2020,4,41.31,0.168,16.24,0.543,0.096,7781,Generated based on literature patterns,3.5,555.7857142857143,8.95944014361693,3.7416573867739413,moderate
Synthetic_04041,generated,cardiology,SMD,5,2001,9,80.52,0.255,30.54,-0.588,0.21,1093,Generated based on literature patterns,0.5555555555555556,218.6,6.996681488176539,2.23606797749979,high
Synthetic_04042,generated,psychiatry,HR,7,2018,30,2.81,0.01,5.99,1.86,0.083,2293,Generated based on literature patterns,0.23333333333333334,327.57142857142856,7.737616282857904,2.6457513110645907,low
Synthetic_04043,generated,immunology,SMD,15,2014,10,64.46,0.1984,31.44,0.085,0.214,983,Generated based on literature patterns,1.5,65.53333333333333,6.890609120147166,3.872983346207417,substantial
Synthetic_04044,generated,pulmonology,HR,7,2013,8,31.91,0.0797,6.03,1.354,0.497,100,Generated based on literature patterns,0.875,14.285714285714286,4.605170185988092,2.6457513110645907,moderate
Synthetic_04045,generated,pulmonology,RR,9,2009,16,42.41,0.2617,17.71,0.581,0.686,100,Generated based on literature patterns,0.5625,11.11111111111111,4.605170185988092,3.0,moderate
Synthetic_04046,generated,nephrology,SMD,36,2010,10,44.0,0.3013,70.97,-0.094,0.233,1177,Generated based on literature patterns,3.6,32.69444444444444,7.0707241072602764,6.0,moderate
Synthetic_04047,generated,rheumatology,OR,23,2006,3,57.77,0.2633,49.4,1.152,0.264,802,Generated based on literature patterns,7.666666666666667,34.869565217391305,6.687108607866515,4.795831523312719,substantial
Synthetic_04048,generated,immunology,MD,9,2009,5,88.86,2.238,65.24,1.43,0.199,1391,Generated based on literature patterns,1.8,154.55555555555554,7.237778191923443,3.0,high
Synthetic_04049,generated,neurology,COR,10,2016,15,64.11,1.909,19.89,-0.029,0.159,2466,Generated based on literature patterns,0.6666666666666666,246.6,7.81035268372429,3.1622776601683795,substantial
Synthetic_04050,generated,infectious_disease,SMD,5,2013,11,58.39,0.4728,9.34,0.321,0.107,3177,Generated based on literature patterns,0.45454545454545453,635.4,8.063692634269517,2.23606797749979,substantial
Synthetic_04051,generated,immunology,HR,9,2017,5,2.5,0.0108,12.09,1.174,0.055,3616,Generated based on literature patterns,1.8,401.77777777777777,8.193123721512068,3.0,low
Synthetic_04052,generated,psychiatry,COR,27,2010,7,82.22,0.8814,147.72,0.236,0.277,682,Generated based on literature patterns,3.857142857142857,25.25925925925926,6.525029657843462,5.196152422706632,high
Synthetic_04053,generated,endocrinology,COR,6,2013,3,60.31,0.5152,18.62,-0.093,0.314,1142,Generated based on literature patterns,2.0,190.33333333333334,7.040536390215956,2.449489742783178,substantial
Synthetic_04054,generated,dermatology,RR,5,2016,8,59.81,0.1074,15.13,1.309,0.545,194,Generated based on literature patterns,0.625,38.8,5.267858159063328,2.23606797749979,substantial
Synthetic_04055,generated,infectious_disease,SMD,5,2024,6,41.09,0.2227,10.46,-0.261,0.228,524,Generated based on literature patterns,0.8333333333333334,104.8,6.261491684321042,2.23606797749979,moderate
Synthetic_04056,generated,ophthalmology,COR,22,2013,3,2.86,0.0643,19.79,0.012,0.068,5068,Generated based on literature patterns,7.333333333333333,230.36363636363637,8.53070154144103,4.69041575982343,low
Synthetic_04057,generated,nephrology,OR,19,2014,3,1.62,0.0137,14.07,0.921,0.023,22428,Generated based on literature patterns,6.333333333333333,1180.421052631579,10.018065457243564,4.358898943540674,low
Synthetic_04058,generated,urology,HR,18,1998,30,85.09,0.2393,123.56,0.689,0.051,22072,Generated based on literature patterns,0.6,1226.2222222222222,10.002065115897121,4.242640687119285,high
Synthetic_04059,generated,oncology,SMD,19,2009,3,10.56,0.0938,24.62,0.867,0.066,4793,Generated based on literature patterns,6.333333333333333,252.26315789473685,8.474911799159631,4.358898943540674,low
Synthetic_04060,generated,nephrology,RR,5,2011,13,8.46,0.0342,15.44,1.086,0.042,10064,Generated based on literature patterns,0.38461538461538464,2012.8,9.216719978940223,2.23606797749979,low
Synthetic_04061,generated,psychiatry,HR,8,2009,4,56.58,0.0857,14.98,0.55,0.058,21394,Generated based on literature patterns,2.0,2674.25,9.970865787866076,2.8284271247461903,substantial
Synthetic_04062,generated,nephrology,COR,9,2008,3,41.3,1.0588,18.74,-0.181,0.256,1621,Generated based on literature patterns,3.0,180.11111111111111,7.390798521735676,3.0,moderate
Synthetic_04063,generated,psychiatry,RR,5,2006,5,5.52,0.03,2.56,1.075,0.034,9297,Generated based on literature patterns,1.0,1859.4,9.137447046455858,2.23606797749979,low
Synthetic_04064,generated,endocrinology,COR,18,2013,16,57.04,0.747,30.03,-0.222,0.15,2223,Generated based on literature patterns,1.125,123.5,7.706612913964197,4.242640687119285,substantial
Synthetic_04065,generated,cardiology,RR,30,2014,4,6.78,0.0384,30.14,0.59,0.128,2098,Generated based on literature patterns,7.5,69.93333333333334,7.6487397889562425,5.477225575051661,low
Synthetic_04066,generated,gastroenterology,HR,12,2012,14,32.4,0.0266,27.5,1.585,0.082,2793,Generated based on literature patterns,0.8571428571428571,232.75,7.934871565945177,3.4641016151377544,moderate
Synthetic_04067,generated,infectious_disease,OR,11,2011,30,71.36,0.1246,33.18,0.715,0.283,1253,Generated based on literature patterns,0.36666666666666664,113.9090909090909,7.133295954896068,3.3166247903554,substantial
Synthetic_04068,generated,pulmonology,MD,5,2004,22,3.62,0.1444,2.98,5.667,0.078,6875,Generated based on literature patterns,0.22727272727272727,1375.0,8.835646922534773,2.23606797749979,low
Synthetic_04069,generated,cardiology,OR,25,2014,5,66.32,0.3546,103.24,0.79,0.075,21418,Generated based on literature patterns,5.0,856.72,9.97198696896082,5.0,substantial
Synthetic_04070,generated,ophthalmology,OR,11,2005,4,8.33,0.0359,9.44,1.017,0.084,1336,Generated based on literature patterns,2.75,121.45454545454545,7.197435354096591,3.3166247903554,low
Synthetic_04071,generated,oncology,HR,34,2011,3,2.4,0.0165,33.98,1.009,0.384,100,Generated based on literature patterns,11.333333333333334,2.9411764705882355,4.605170185988092,5.830951894845301,low
Synthetic_04072,generated,cardiology,COR,15,2020,18,9.65,0.2311,14.21,-0.012,0.124,2175,Generated based on literature patterns,0.8333333333333334,145.0,7.684783943522785,3.872983346207417,low
Synthetic_04073,generated,infectious_disease,HR,7,2008,16,9.33,0.0253,5.76,0.959,0.147,1717,Generated based on literature patterns,0.4375,245.28571428571428,7.448333860897476,2.6457513110645907,low
Synthetic_04074,generated,infectious_disease,HR,23,2012,12,59.91,0.1758,55.24,1.708,0.024,29252,Generated based on literature patterns,1.9166666666666667,1271.8260869565217,10.283703226390841,4.795831523312719,substantial
Synthetic_04075,generated,endocrinology,HR,10,2006,17,40.8,0.0536,19.75,1.675,0.045,12441,Generated based on literature patterns,0.5882352941176471,1244.1,9.42875274891449,3.1622776601683795,moderate
Synthetic_04076,generated,psychiatry,MD,5,2011,14,62.89,0.5635,15.57,-2.998,0.14,2447,Generated based on literature patterns,0.35714285714285715,489.4,7.802618063442671,2.23606797749979,substantial
Synthetic_04077,generated,nephrology,COR,9,2014,4,5.34,0.14,13.03,-0.048,0.709,129,Generated based on literature patterns,2.25,14.333333333333334,4.859812404361672,3.0,low
Synthetic_04078,generated,psychiatry,OR,48,2016,14,37.04,0.2729,73.76,0.88,0.08,3039,Generated based on literature patterns,3.4285714285714284,63.3125,8.019283792916793,6.928203230275509,moderate
Synthetic_04079,generated,infectious_disease,OR,7,2004,8,79.21,0.1242,34.25,0.913,1.298,100,Generated based on literature patterns,0.875,14.285714285714286,4.605170185988092,2.6457513110645907,high
Synthetic_04080,generated,oncology,COR,12,2012,11,63.64,1.4962,40.56,-0.22,0.096,2140,Generated based on literature patterns,1.0909090909090908,178.33333333333334,7.668561108015897,3.4641016151377544,substantial
Synthetic_04081,generated,cardiology,COR,7,2010,4,36.01,0.9549,6.44,-0.366,0.374,312,Generated based on literature patterns,1.75,44.57142857142857,5.7430031878094825,2.6457513110645907,moderate
Synthetic_04082,generated,nephrology,OR,10,2019,3,0.64,0.0248,5.66,0.578,0.106,2395,Generated based on literature patterns,3.3333333333333335,239.5,7.781138509845015,3.1622776601683795,low
Synthetic_04083,generated,immunology,RR,10,2003,3,81.09,0.1626,63.07,0.778,0.405,938,Generated based on literature patterns,3.3333333333333335,93.8,6.843749949006225,3.1622776601683795,high
Synthetic_04084,generated,rheumatology,MD,8,2012,6,64.84,0.9123,23.1,1.004,0.215,4444,Generated based on literature patterns,1.3333333333333333,555.5,8.39931015075952,2.8284271247461903,substantial
Synthetic_04085,generated,endocrinology,HR,10,2012,16,2.44,0.0291,13.66,1.474,0.112,1687,Generated based on literature patterns,0.625,168.7,7.430707082545968,3.1622776601683795,low
Synthetic_04086,generated,dermatology,SMD,11,2012,17,9.17,0.0433,26.76,0.254,0.028,21172,Generated based on literature patterns,0.6470588235294118,1924.7272727272727,9.960434832977878,3.3166247903554,low
Synthetic_04087,generated,infectious_disease,HR,17,2009,14,43.88,0.1768,33.1,1.062,0.191,547,Generated based on literature patterns,1.2142857142857142,32.1764705882353,6.304448802421981,4.123105625617661,moderate
Synthetic_04088,generated,endocrinology,RR,35,2019,10,29.8,0.0789,54.99,0.772,0.332,858,Generated based on literature patterns,3.5,24.514285714285716,6.754604099487962,5.916079783099616,moderate
Synthetic_04089,generated,nephrology,OR,6,2006,16,81.29,0.3198,46.53,0.68,0.338,704,Generated based on literature patterns,0.375,117.33333333333333,6.556778356158042,2.449489742783178,high
Synthetic_04090,generated,cardiology,COR,6,2006,3,34.86,1.1355,9.87,-0.168,0.08,4597,Generated based on literature patterns,2.0,766.1666666666666,8.433159195806228,2.449489742783178,moderate
Synthetic_04091,generated,nephrology,OR,5,2011,12,80.82,0.2162,26.58,1.517,0.13,4007,Generated based on literature patterns,0.4166666666666667,801.4,8.295798110636145,2.23606797749979,high
Synthetic_04092,generated,rheumatology,SMD,13,2004,4,31.05,0.2115,13.41,-0.069,0.122,4271,Generated based on literature patterns,3.25,328.53846153846155,8.359603270841466,3.605551275463989,moderate
Synthetic_04093,generated,urology,SMD,17,2010,3,2.83,0.0527,23.17,1.447,0.075,5082,Generated based on literature patterns,5.666666666666667,298.94117647058823,8.53346016388011,4.123105625617661,low
Synthetic_04094,generated,neurology,OR,15,2011,3,43.23,0.1388,17.87,0.586,0.15,3551,Generated based on literature patterns,5.0,236.73333333333332,8.174984532943087,3.872983346207417,moderate
Synthetic_04095,generated,urology,MD,5,2006,3,4.15,0.1305,5.83,1.804,0.174,1704,Generated based on literature patterns,1.6666666666666667,340.8,7.440733707389261,2.23606797749979,low
Synthetic_04096,generated,immunology,COR,13,2008,6,48.7,0.5709,23.29,0.357,0.09,12284,Generated based on literature patterns,2.1666666666666665,944.9230769230769,9.416052881560713,3.605551275463989,moderate
Synthetic_04097,generated,dermatology,OR,17,2011,17,83.94,0.2898,91.54,1.045,0.34,596,Generated based on literature patterns,1.0,35.05882352941177,6.39024066706535,4.123105625617661,high
Synthetic_04098,generated,endocrinology,MD,5,2005,3,34.21,0.4846,7.56,1.996,0.029,33305,Generated based on literature patterns,1.6666666666666667,6661.0,10.41346281484728,2.23606797749979,moderate
Synthetic_04099,generated,endocrinology,HR,22,2010,8,6.71,0.0141,26.45,1.704,0.071,4112,Generated based on literature patterns,2.75,186.9090909090909,8.321664807135,4.69041575982343,low
Synthetic_04100,generated,ophthalmology,RR,13,2013,6,69.88,0.0937,36.73,0.779,0.274,5920,Generated based on literature patterns,2.1666666666666665,455.38461538461536,8.68609172787805,3.605551275463989,substantial
Synthetic_04101,generated,dermatology,HR,6,2013,16,6.1,0.044,4.98,0.649,0.15,608,Generated based on literature patterns,0.375,101.33333333333333,6.410174881966167,2.449489742783178,low
Synthetic_04102,generated,infectious_disease,RR,5,2014,4,79.43,0.1484,27.69,0.807,0.349,1491,Generated based on literature patterns,1.25,298.2,7.307202314764738,2.23606797749979,high
Synthetic_04103,generated,oncology,HR,13,2010,3,4.8,0.0477,11.69,0.621,0.087,9637,Generated based on literature patterns,4.333333333333333,741.3076923076923,9.173365135851288,3.605551275463989,low
Synthetic_04104,generated,pulmonology,MD,65,2024,5,61.59,1.0571,165.31,0.459,0.42,130,Generated based on literature patterns,13.0,2.0,4.867534450455582,8.06225774829855,substantial
Synthetic_04105,generated,urology,OR,5,2009,9,68.27,0.1789,11.72,0.773,0.114,5935,Generated based on literature patterns,0.5555555555555556,1187.0,8.688622307043769,2.23606797749979,substantial
Synthetic_04106,generated,ophthalmology,SMD,7,2011,30,31.1,0.0722,10.93,0.608,0.194,655,Generated based on literature patterns,0.23333333333333334,93.57142857142857,6.484635235635252,2.6457513110645907,moderate
Synthetic_04107,generated,dermatology,OR,17,2005,5,2.87,0.0594,18.36,0.87,0.037,7758,Generated based on literature patterns,3.4,456.3529411764706,8.956479847999912,4.123105625617661,low
Synthetic_04108,generated,ophthalmology,RR,12,2013,6,7.84,0.0378,16.24,1.364,0.285,449,Generated based on literature patterns,2.0,37.416666666666664,6.1070228877422545,3.4641016151377544,low
Synthetic_04109,generated,infectious_disease,SMD,8,2014,8,44.73,0.1625,13.39,0.166,0.052,25550,Generated based on literature patterns,1.0,3193.75,10.14839259563185,2.8284271247461903,moderate
Synthetic_04110,generated,infectious_disease,OR,26,2014,7,78.36,0.0361,129.69,0.703,0.108,10320,Generated based on literature patterns,3.7142857142857144,396.9230769230769,9.241839039035554,5.0990195135927845,high
Synthetic_04111,generated,gastroenterology,MD,24,2020,5,75.73,1.3046,95.15,-2.879,0.138,4651,Generated based on literature patterns,4.8,193.79166666666666,8.444837529224097,4.898979485566356,high
Synthetic_04112,generated,infectious_disease,SMD,14,2024,14,91.74,0.4371,188.48,-0.368,0.371,680,Generated based on literature patterns,1.0,48.57142857142857,6.522092798170152,3.7416573867739413,high
Synthetic_04113,generated,psychiatry,MD,7,2014,4,34.77,0.3089,8.32,0.615,0.048,15850,Generated based on literature patterns,1.75,2264.285714285714,9.670924779305427,2.6457513110645907,moderate
Synthetic_04114,generated,psychiatry,SMD,14,2001,3,11.4,0.1004,9.73,0.191,0.413,100,Generated based on literature patterns,4.666666666666667,7.142857142857143,4.605170185988092,3.7416573867739413,low
Synthetic_04115,generated,psychiatry,MD,5,2005,3,73.27,1.6602,14.56,0.181,0.646,278,Generated based on literature patterns,1.6666666666666667,55.6,5.627621113690637,2.23606797749979,substantial
Synthetic_04116,generated,endocrinology,HR,17,2014,16,60.51,0.1505,44.3,0.825,0.069,8123,Generated based on literature patterns,1.0625,477.8235294117647,9.002454823050954,4.123105625617661,substantial
Synthetic_04117,generated,dermatology,RR,11,2004,3,2.77,0.0172,10.88,0.744,0.035,13989,Generated based on literature patterns,3.6666666666666665,1271.7272727272727,9.546026585476431,3.3166247903554,low
Synthetic_04118,generated,urology,OR,10,2004,5,26.22,0.2629,15.11,0.849,0.136,2509,Generated based on literature patterns,2.0,250.9,7.827639546366422,3.1622776601683795,moderate
Synthetic_04119,generated,immunology,HR,12,2012,7,59.34,0.2021,48.08,0.734,0.09,9380,Generated based on literature patterns,1.7142857142857142,781.6666666666666,9.14633504200027,3.4641016151377544,substantial
Synthetic_04120,generated,neurology,HR,19,2023,5,80.45,0.0769,87.0,0.9,0.454,206,Generated based on literature patterns,3.8,10.842105263157896,5.327876168789581,4.358898943540674,high
Synthetic_04121,generated,psychiatry,OR,10,2026,3,65.27,0.191,25.89,1.487,0.327,936,Generated based on literature patterns,3.3333333333333335,93.6,6.841615476477592,3.1622776601683795,substantial
Synthetic_04122,generated,urology,MD,11,2013,3,60.07,1.5206,16.94,-1.2,0.659,105,Generated based on literature patterns,3.6666666666666665,9.545454545454545,4.653960350157523,3.3166247903554,substantial
Synthetic_04123,generated,cardiology,MD,11,2006,16,65.94,1.0147,24.17,1.497,0.175,1462,Generated based on literature patterns,0.6875,132.9090909090909,7.2875606403097235,3.3166247903554,substantial
Synthetic_04124,generated,immunology,MD,14,2002,10,41.53,0.6983,30.6,-2.876,0.123,2136,Generated based on literature patterns,1.4,152.57142857142858,7.666690200080086,3.7416573867739413,moderate
Synthetic_04125,generated,immunology,OR,6,2013,10,85.12,0.2722,33.51,0.768,0.704,288,Generated based on literature patterns,0.6,48.0,5.662960480135946,2.449489742783178,high
Synthetic_04126,generated,oncology,OR,12,2013,9,44.36,0.1527,19.22,0.712,0.509,197,Generated based on literature patterns,1.3333333333333333,16.416666666666668,5.2832037287379885,3.4641016151377544,moderate
Synthetic_04127,generated,infectious_disease,SMD,7,2012,4,70.4,0.1889,24.4,0.113,0.049,12489,Generated based on literature patterns,1.75,1784.142857142857,9.432603535863086,2.6457513110645907,substantial
Synthetic_04128,generated,dermatology,MD,25,2000,4,64.95,0.5339,51.04,-0.562,0.259,957,Generated based on literature patterns,6.25,38.28,6.863803391452954,5.0,substantial
Synthetic_04129,generated,oncology,COR,16,2004,13,43.06,0.4718,22.01,-0.065,0.226,329,Generated based on literature patterns,1.2307692307692308,20.5625,5.796057750765372,4.0,moderate
Synthetic_04130,generated,psychiatry,RR,5,2020,9,76.26,0.3296,16.95,0.48,0.13,8339,Generated based on literature patterns,0.5555555555555556,1667.8,9.028698584086985,2.23606797749979,high
Synthetic_04131,generated,infectious_disease,HR,10,2013,7,49.09,0.1011,13.97,0.337,0.167,1645,Generated based on literature patterns,1.4285714285714286,164.5,7.405495663199472,3.1622776601683795,moderate
Synthetic_04132,generated,neurology,RR,17,2016,7,46.78,0.118,35.68,0.592,0.101,7994,Generated based on literature patterns,2.4285714285714284,470.2352941176471,8.986446539271268,4.123105625617661,moderate
Synthetic_04133,generated,ophthalmology,RR,14,2004,3,28.24,0.1049,12.94,0.899,0.111,1676,Generated based on literature patterns,4.666666666666667,119.71428571428571,7.424165281042028,3.7416573867739413,moderate
Synthetic_04134,generated,immunology,COR,6,2018,4,4.41,0.1115,9.87,-0.154,0.207,496,Generated based on literature patterns,1.5,82.66666666666667,6.206575926724928,2.449489742783178,low
Synthetic_04135,generated,pulmonology,SMD,33,2006,24,76.99,0.5,149.43,-0.215,0.573,184,Generated based on literature patterns,1.375,5.575757575757576,5.214935757608986,5.744562646538029,high
Synthetic_04136,generated,infectious_disease,RR,19,2014,10,49.27,0.1043,37.7,0.555,0.12,1959,Generated based on literature patterns,1.9,103.10526315789474,7.580189417944541,4.358898943540674,moderate
Synthetic_04137,generated,rheumatology,MD,13,2008,9,36.36,0.973,10.91,0.53,0.123,2519,Generated based on literature patterns,1.4444444444444444,193.76923076923077,7.831617276352611,3.605551275463989,moderate
Synthetic_04138,generated,immunology,MD,15,2019,12,0.65,0.131,16.87,-0.632,0.043,29562,Generated based on literature patterns,1.25,1970.8,10.294245031772018,3.872983346207417,low
Synthetic_04139,generated,neurology,RR,14,2000,30,67.49,0.4606,49.61,0.498,0.23,1483,Generated based on literature patterns,0.4666666666666667,105.92857142857143,7.301822342137932,3.7416573867739413,substantial
Synthetic_04140,generated,infectious_disease,OR,15,2011,4,82.83,0.218,86.11,0.651,0.172,1632,Generated based on literature patterns,3.75,108.8,7.397561535524052,3.872983346207417,high
Synthetic_04141,generated,rheumatology,COR,6,2016,17,0.83,0.0515,4.68,-0.027,0.08,3530,Generated based on literature patterns,0.35294117647058826,588.3333333333334,8.169053149927343,2.449489742783178,low
Synthetic_04142,generated,oncology,MD,23,2012,5,39.33,0.773,48.05,4.221,0.165,1257,Generated based on literature patterns,4.6,54.65217391304348,7.136483208590247,4.795831523312719,moderate
Synthetic_04143,generated,rheumatology,COR,14,2005,3,5.37,0.0634,12.08,0.269,0.372,100,Generated based on literature patterns,4.666666666666667,7.142857142857143,4.605170185988092,3.7416573867739413,low
Synthetic_04144,generated,psychiatry,MD,8,2011,4,44.97,1.5709,9.34,3.981,0.065,6305,Generated based on literature patterns,2.0,788.125,8.74909824839902,2.8284271247461903,moderate
Synthetic_04145,generated,rheumatology,COR,5,2010,11,4.43,0.1709,10.38,-0.069,0.265,210,Generated based on literature patterns,0.45454545454545453,42.0,5.3471075307174685,2.23606797749979,low
Synthetic_04146,generated,ophthalmology,SMD,11,2017,8,83.57,0.48,66.21,-0.075,0.145,2540,Generated based on literature patterns,1.375,230.9090909090909,7.8399193600125825,3.3166247903554,high
Synthetic_04147,generated,gastroenterology,COR,6,2009,10,45.92,0.2939,8.56,-0.314,0.145,2363,Generated based on literature patterns,0.6,393.8333333333333,7.767687277186908,2.449489742783178,moderate
Synthetic_04148,generated,immunology,OR,8,2010,11,45.56,0.0588,8.8,0.798,0.043,16548,Generated based on literature patterns,0.7272727272727273,2068.5,9.714020527581303,2.8284271247461903,moderate
Synthetic_04149,generated,rheumatology,COR,5,2013,7,85.51,3.2415,37.83,-0.363,0.089,12461,Generated based on literature patterns,0.7142857142857143,2492.2,9.430359045942868,2.23606797749979,high
Synthetic_04150,generated,urology,SMD,7,2011,30,75.76,0.4579,22.84,-0.242,0.18,1663,Generated based on literature patterns,0.23333333333333334,237.57142857142858,7.416378479192928,2.6457513110645907,high
Synthetic_04151,generated,immunology,COR,14,1993,12,6.44,0.1072,18.24,0.162,0.117,3395,Generated based on literature patterns,1.1666666666666667,242.5,8.130059039992796,3.7416573867739413,low
Synthetic_04152,generated,rheumatology,HR,10,2024,24,46.78,0.1017,22.45,0.628,0.259,1058,Generated based on literature patterns,0.4166666666666667,105.8,6.964135612418245,3.1622776601683795,moderate
Synthetic_04153,generated,dermatology,MD,14,2016,12,31.41,0.9508,34.57,-1.979,0.399,749,Generated based on literature patterns,1.1666666666666667,53.5,6.618738983517219,3.7416573867739413,moderate
Synthetic_04154,generated,rheumatology,RR,14,2001,3,66.18,0.1483,54.81,1.025,0.42,360,Generated based on literature patterns,4.666666666666667,25.714285714285715,5.886104031450156,3.7416573867739413,substantial
Synthetic_04155,generated,immunology,RR,20,2016,6,3.5,0.0177,29.25,1.45,0.071,8988,Generated based on literature patterns,3.3333333333333335,449.4,9.10364563330522,4.47213595499958,low
Synthetic_04156,generated,urology,MD,45,2016,7,79.58,1.3154,211.25,0.107,0.176,2682,Generated based on literature patterns,6.428571428571429,59.6,7.894318063841624,6.708203932499369,high
Synthetic_04157,generated,dermatology,RR,5,2012,6,43.25,0.0768,6.72,1.275,0.233,426,Generated based on literature patterns,0.8333333333333334,85.2,6.054439346269371,2.23606797749979,moderate
Synthetic_04158,generated,ophthalmology,OR,17,2011,24,32.62,0.1357,23.46,1.011,0.088,5607,Generated based on literature patterns,0.7083333333333334,329.8235294117647,8.631771096123673,4.123105625617661,moderate
Synthetic_04159,generated,dermatology,OR,5,2010,4,34.71,0.3333,8.22,0.918,0.436,259,Generated based on literature patterns,1.25,51.8,5.556828061699537,2.23606797749979,moderate
Synthetic_04160,generated,nephrology,SMD,7,2022,5,33.36,0.1484,2.81,0.216,0.319,1123,Generated based on literature patterns,1.4,160.42857142857142,7.023758954738443,2.6457513110645907,moderate
Synthetic_04161,generated,dermatology,OR,27,2010,8,45.8,0.1279,69.12,0.654,0.089,7448,Generated based on literature patterns,3.375,275.85185185185185,8.915700818956903,5.196152422706632,moderate
Synthetic_04162,generated,pulmonology,MD,6,2015,8,35.84,0.2184,12.18,-2.56,0.091,2496,Generated based on literature patterns,0.75,416.0,7.822444729489319,2.449489742783178,moderate
Synthetic_04163,generated,psychiatry,RR,7,2010,3,6.19,0.0202,15.14,1.376,0.023,64203,Generated based on literature patterns,2.3333333333333335,9171.857142857143,11.069805217558251,2.6457513110645907,low
Synthetic_04164,generated,ophthalmology,SMD,22,2017,3,39.17,0.1159,43.06,0.501,0.345,350,Generated based on literature patterns,7.333333333333333,15.909090909090908,5.857933154483459,4.69041575982343,moderate
Synthetic_04165,generated,ophthalmology,OR,19,2008,7,69.27,0.555,69.63,0.964,0.168,1176,Generated based on literature patterns,2.7142857142857144,61.89473684210526,7.069874128458572,4.358898943540674,substantial
Synthetic_04166,generated,cardiology,OR,12,2003,7,6.23,0.0142,19.29,0.744,0.083,3426,Generated based on literature patterns,1.7142857142857142,285.5,8.139148678884066,3.4641016151377544,low
Synthetic_04167,generated,cardiology,RR,12,2014,30,1.4,0.0125,9.65,1.929,0.11,1513,Generated based on literature patterns,0.4,126.08333333333333,7.321849713788356,3.4641016151377544,low
Synthetic_04168,generated,immunology,MD,6,2008,4,82.49,0.772,14.2,-3.405,0.147,2025,Generated based on literature patterns,1.5,337.5,7.613324979540639,2.449489742783178,high
Synthetic_04169,generated,gastroenterology,OR,17,2021,6,83.41,0.1875,113.51,1.521,0.167,1243,Generated based on literature patterns,2.8333333333333335,73.11764705882354,7.1252830915107115,4.123105625617661,high
Synthetic_04170,generated,rheumatology,MD,9,2023,9,6.72,0.1484,10.82,-2.334,0.056,3096,Generated based on literature patterns,1.0,344.0,8.037866234709618,3.0,low
Synthetic_04171,generated,ophthalmology,SMD,11,2013,5,77.71,0.4904,46.5,0.427,0.204,1289,Generated based on literature patterns,2.2,117.18181818181819,7.161622002939187,3.3166247903554,high
Synthetic_04172,generated,urology,RR,35,2009,14,85.35,0.1619,224.6,1.557,0.192,4137,Generated based on literature patterns,2.5,118.2,8.327726166461412,5.916079783099616,high
Synthetic_04173,generated,infectious_disease,RR,8,2003,10,60.71,0.1228,15.49,1.285,0.419,507,Generated based on literature patterns,0.8,63.375,6.2285110035911835,2.8284271247461903,substantial
Synthetic_04174,generated,urology,RR,11,2009,8,4.11,0.0297,8.74,0.668,0.156,1436,Generated based on literature patterns,1.375,130.54545454545453,7.269616749608169,3.3166247903554,low
Synthetic_04175,generated,infectious_disease,MD,11,2020,6,8.9,0.1157,6.72,-0.517,0.28,352,Generated based on literature patterns,1.8333333333333333,32.0,5.863631175598097,3.3166247903554,low
Synthetic_04176,generated,psychiatry,RR,5,2019,6,30.8,0.1183,19.32,1.322,0.531,327,Generated based on literature patterns,0.8333333333333334,65.4,5.7899601708972535,2.23606797749979,moderate
Synthetic_04177,generated,psychiatry,MD,9,2010,8,76.07,0.3088,37.54,-1.992,0.432,676,Generated based on literature patterns,1.125,75.11111111111111,6.516193076042964,3.0,high
Synthetic_04178,generated,ophthalmology,OR,5,2012,3,57.34,0.3801,14.84,0.972,0.568,205,Generated based on literature patterns,1.6666666666666667,41.0,5.3230099791384085,2.23606797749979,substantial
Synthetic_04179,generated,infectious_disease,MD,5,2012,3,25.61,0.647,3.5,3.673,0.082,6466,Generated based on literature patterns,1.6666666666666667,1293.2,8.774312958285378,2.23606797749979,moderate
Synthetic_04180,generated,ophthalmology,RR,8,2005,3,83.95,0.3277,39.14,0.427,0.123,6328,Generated based on literature patterns,2.6666666666666665,791.0,8.75273950944749,2.8284271247461903,high
Synthetic_04181,generated,psychiatry,COR,9,2011,4,61.84,0.3726,35.12,0.112,0.186,730,Generated based on literature patterns,2.25,81.11111111111111,6.593044534142437,3.0,substantial
Synthetic_04182,generated,dermatology,HR,8,2003,3,62.38,0.403,29.67,0.584,0.127,4599,Generated based on literature patterns,2.6666666666666665,574.875,8.433594167539924,2.8284271247461903,substantial
Synthetic_04183,generated,endocrinology,MD,10,2003,4,3.67,0.4247,2.96,2.305,0.369,283,Generated based on literature patterns,2.5,28.3,5.645446897643238,3.1622776601683795,low
Synthetic_04184,generated,neurology,RR,20,2005,3,37.97,0.0485,26.7,0.479,0.182,1341,Generated based on literature patterns,6.666666666666667,67.05,7.201170883281678,4.47213595499958,moderate
Synthetic_04185,generated,pulmonology,OR,10,2018,6,31.43,0.1113,12.54,1.285,0.156,1230,Generated based on literature patterns,1.6666666666666667,123.0,7.114769448366463,3.1622776601683795,moderate
Synthetic_04186,generated,gastroenterology,OR,11,2008,5,79.39,0.4198,37.83,0.932,0.277,1827,Generated based on literature patterns,2.2,166.0909090909091,7.510430556378006,3.3166247903554,high
Synthetic_04187,generated,gastroenterology,SMD,6,2014,18,35.44,0.1257,10.11,-0.063,0.141,1259,Generated based on literature patterns,0.3333333333333333,209.83333333333334,7.138073034044347,2.449489742783178,moderate
Synthetic_04188,generated,nephrology,HR,5,2009,3,82.45,0.1266,27.89,1.278,0.149,4583,Generated based on literature patterns,1.6666666666666667,916.6,8.430109084509125,2.23606797749979,high
Synthetic_04189,generated,immunology,COR,5,2014,5,4.41,0.0878,1.54,0.127,0.157,2080,Generated based on literature patterns,1.0,416.0,7.640123172695364,2.23606797749979,low
Synthetic_04190,generated,endocrinology,OR,17,2007,10,1.42,0.0189,19.8,0.598,0.134,964,Generated based on literature patterns,1.7,56.705882352941174,6.871091294610546,4.123105625617661,low
Synthetic_04191,generated,oncology,OR,12,2011,14,2.1,0.0263,10.15,1.439,0.035,6932,Generated based on literature patterns,0.8571428571428571,577.6666666666666,8.843903650835497,3.4641016151377544,low
Synthetic_04192,generated,cardiology,COR,34,2013,6,3.28,0.0791,27.44,0.503,0.045,11782,Generated based on literature patterns,5.666666666666667,346.52941176470586,9.374328222081633,5.830951894845301,low
Synthetic_04193,generated,nephrology,MD,13,2010,10,59.96,1.0324,41.52,2.268,0.149,2259,Generated based on literature patterns,1.3,173.76923076923077,7.7226775164680035,3.605551275463989,substantial
Synthetic_04194,generated,cardiology,OR,10,2002,9,44.41,0.1182,15.45,1.586,0.324,750,Generated based on literature patterns,1.1111111111111112,75.0,6.620073206530356,3.1622776601683795,moderate
Synthetic_04195,generated,dermatology,OR,51,2012,6,1.07,0.0184,40.05,1.112,0.188,692,Generated based on literature patterns,8.5,13.568627450980392,6.539585955617669,7.14142842854285,low
Synthetic_04196,generated,oncology,MD,35,2014,8,61.8,1.4165,100.34,0.765,0.471,281,Generated based on literature patterns,4.375,8.028571428571428,5.638354669333745,5.916079783099616,substantial
Synthetic_04197,generated,urology,RR,10,2003,8,81.15,0.2738,51.59,1.263,0.24,1149,Generated based on literature patterns,1.25,114.9,7.046647277848756,3.1622776601683795,high
Synthetic_04198,generated,neurology,OR,8,2009,24,86.03,0.2405,79.78,0.57,0.156,3738,Generated based on literature patterns,0.3333333333333333,467.25,8.226305988015508,2.8284271247461903,high
Synthetic_04199,generated,gastroenterology,HR,13,2014,15,3.14,0.0262,15.55,0.877,0.073,10001,Generated based on literature patterns,0.8666666666666667,769.3076923076923,9.210440366976517,3.605551275463989,low
Synthetic_04200,generated,urology,OR,8,1999,3,40.98,0.2781,12.59,0.522,0.079,19115,Generated based on literature patterns,2.6666666666666665,2389.375,9.858228646130513,2.8284271247461903,moderate
Synthetic_04201,generated,nephrology,COR,10,2022,10,54.54,1.4567,19.17,0.423,0.096,4929,Generated based on literature patterns,1.0,492.9,8.502891406705377,3.1622776601683795,substantial
Synthetic_04202,generated,nephrology,HR,11,2008,11,44.16,0.1221,16.5,1.307,0.153,1726,Generated based on literature patterns,1.0,156.9090909090909,7.453561871643373,3.3166247903554,moderate
Synthetic_04203,generated,immunology,MD,9,2019,6,41.4,0.4078,11.42,1.307,0.06,7028,Generated based on literature patterns,1.5,780.8888888888889,8.857657449306988,3.0,moderate
Synthetic_04204,generated,neurology,COR,17,2015,8,79.29,3.0395,76.94,-0.169,0.159,3064,Generated based on literature patterns,2.125,180.23529411764707,8.027476530860483,4.123105625617661,high
Synthetic_04205,generated,urology,HR,19,2002,17,34.04,0.0753,29.59,0.883,0.416,443,Generated based on literature patterns,1.1176470588235294,23.31578947368421,6.093569770045136,4.358898943540674,moderate
Synthetic_04206,generated,cardiology,RR,10,2015,8,34.69,0.0268,24.26,1.078,0.232,297,Generated based on literature patterns,1.25,29.7,5.6937321388027,3.1622776601683795,moderate
Synthetic_04207,generated,infectious_disease,OR,9,2023,23,47.17,0.207,12.31,0.457,0.849,100,Generated based on literature patterns,0.391304347826087,11.11111111111111,4.605170185988092,3.0,moderate
Synthetic_04208,generated,psychiatry,RR,26,2018,4,35.2,0.159,41.4,1.038,0.085,6579,Generated based on literature patterns,6.5,253.03846153846155,8.791638037085997,5.0990195135927845,moderate
Synthetic_04209,generated,neurology,HR,5,2001,17,70.62,0.142,23.88,0.812,0.561,277,Generated based on literature patterns,0.29411764705882354,55.4,5.6240175061873385,2.23606797749979,substantial
Synthetic_04210,generated,oncology,COR,24,2005,3,62.96,0.8,81.56,0.164,0.073,17136,Generated based on literature patterns,8.0,714.0,9.74893679268753,4.898979485566356,substantial
Synthetic_04211,generated,rheumatology,MD,8,2004,18,68.27,0.4116,21.03,2.998,0.265,969,Generated based on literature patterns,0.4444444444444444,121.125,6.876264611890766,2.8284271247461903,substantial
Synthetic_04212,generated,nephrology,COR,18,2009,6,2.94,0.0584,26.57,-0.124,0.128,1449,Generated based on literature patterns,3.0,80.5,7.278628942320682,4.242640687119285,low
Synthetic_04213,generated,endocrinology,COR,14,2011,8,43.59,0.5652,23.38,-0.387,0.221,772,Generated based on literature patterns,1.75,55.142857142857146,6.648984550024776,3.7416573867739413,moderate
Synthetic_04214,generated,nephrology,HR,10,2020,3,82.05,0.1505,64.12,0.654,0.178,1970,Generated based on literature patterns,3.3333333333333335,197.0,7.585788821732034,3.1622776601683795,high
Synthetic_04215,generated,urology,RR,15,2013,9,63.56,0.1297,61.07,1.425,0.021,244392,Generated based on literature patterns,1.6666666666666667,16292.8,12.40652877251961,3.872983346207417,substantial
Synthetic_04216,generated,gastroenterology,SMD,20,2013,7,38.98,0.2211,39.09,0.069,0.161,1479,Generated based on literature patterns,2.857142857142857,73.95,7.2991214627108,4.47213595499958,moderate
Synthetic_04217,generated,cardiology,RR,10,2003,24,4.44,0.0353,22.5,0.721,0.05,18215,Generated based on literature patterns,0.4166666666666667,1821.5,9.810000709442663,3.1622776601683795,low
Synthetic_04218,generated,immunology,MD,33,2004,3,86.2,0.6175,241.17,-0.106,0.188,2721,Generated based on literature patterns,11.0,82.45454545454545,7.908754738783246,5.744562646538029,high
Synthetic_04219,generated,psychiatry,HR,22,2009,9,54.97,0.1041,62.25,1.84,0.342,559,Generated based on literature patterns,2.4444444444444446,25.40909090909091,6.326149473155099,4.69041575982343,substantial
Synthetic_04220,generated,psychiatry,MD,9,2009,9,46.29,1.0333,22.37,-0.148,0.046,5607,Generated based on literature patterns,1.0,623.0,8.631771096123673,3.0,moderate
Synthetic_04221,generated,neurology,OR,6,2009,17,41.12,0.0606,9.29,0.649,0.171,1906,Generated based on literature patterns,0.35294117647058826,317.6666666666667,7.552762084214147,2.449489742783178,moderate
Synthetic_04222,generated,urology,COR,19,2013,8,40.54,0.4556,51.58,0.188,0.109,4260,Generated based on literature patterns,2.375,224.21052631578948,8.357024439263416,4.358898943540674,moderate
Synthetic_04223,generated,cardiology,MD,7,2007,7,69.24,1.2214,15.7,-1.636,0.29,571,Generated based on literature patterns,1.0,81.57142857142857,6.3473892096560105,2.6457513110645907,substantial
Synthetic_04224,generated,ophthalmology,HR,20,2019,6,58.57,0.2931,43.17,1.115,0.176,8918,Generated based on literature patterns,3.3333333333333335,445.9,9.095826985187422,4.47213595499958,substantial
Synthetic_04225,generated,dermatology,RR,14,2018,7,82.15,0.451,79.68,1.408,0.204,897,Generated based on literature patterns,2.0,64.07142857142857,6.799055862058796,3.7416573867739413,high
Synthetic_04226,generated,endocrinology,HR,20,2014,3,78.7,0.1617,78.94,0.54,0.423,962,Generated based on literature patterns,6.666666666666667,48.1,6.8690144506657065,4.47213595499958,high
Synthetic_04227,generated,cardiology,HR,13,2008,4,82.36,0.203,56.38,1.084,0.926,113,Generated based on literature patterns,3.25,8.692307692307692,4.727387818712341,3.605551275463989,high
Synthetic_04228,generated,rheumatology,HR,12,2012,24,36.56,0.0846,19.55,0.656,0.094,3197,Generated based on literature patterns,0.5,266.4166666666667,8.069968149059841,3.4641016151377544,moderate
Synthetic_04229,generated,immunology,SMD,7,2004,4,37.88,0.1988,15.29,0.173,0.151,1549,Generated based on literature patterns,1.75,221.28571428571428,7.3453648404168685,2.6457513110645907,moderate
Synthetic_04230,generated,neurology,RR,13,2009,25,7.94,0.073,18.5,0.652,0.117,1603,Generated based on literature patterns,0.52,123.3076923076923,7.3796321526095525,3.605551275463989,low
Synthetic_04231,generated,dermatology,MD,15,2003,9,39.27,0.5725,28.26,1.079,0.277,674,Generated based on literature patterns,1.6666666666666667,44.93333333333333,6.513230110912307,3.872983346207417,moderate
Synthetic_04232,generated,rheumatology,MD,6,2006,9,30.52,0.3836,13.97,-2.559,0.247,424,Generated based on literature patterns,0.6666666666666666,70.66666666666667,6.049733455231958,2.449489742783178,moderate
Synthetic_04233,generated,nephrology,RR,11,2012,4,1.21,0.0142,17.25,1.114,0.124,988,Generated based on literature patterns,2.75,89.81818181818181,6.895682697747868,3.3166247903554,low
Synthetic_04234,generated,nephrology,OR,14,2008,16,7.09,0.0248,13.76,0.771,0.101,1642,Generated based on literature patterns,0.875,117.28571428571429,7.403670290012373,3.7416573867739413,low
Synthetic_04235,generated,cardiology,SMD,12,2008,7,39.04,0.2118,20.96,0.03,0.11,2575,Generated based on literature patterns,1.7142857142857142,214.58333333333334,7.853604813097837,3.4641016151377544,moderate
Synthetic_04236,generated,ophthalmology,RR,15,2011,8,32.1,0.066,17.19,2.575,0.016,90413,Generated based on literature patterns,1.875,6027.533333333334,11.41214334135101,3.872983346207417,moderate
Synthetic_04237,generated,dermatology,OR,5,2011,3,57.86,0.2108,8.73,1.319,0.119,4380,Generated based on literature patterns,1.6666666666666667,876.0,8.384804003370492,2.23606797749979,substantial
Synthetic_04238,generated,immunology,OR,60,2012,3,79.56,0.2347,296.67,1.577,0.264,1010,Generated based on literature patterns,20.0,16.833333333333332,6.917705609835305,7.745966692414834,high
Synthetic_04239,generated,gastroenterology,RR,12,2015,8,1.03,0.0188,15.49,0.553,0.096,1697,Generated based on literature patterns,1.5,141.41666666666666,7.436617265234227,3.4641016151377544,low
Synthetic_04240,generated,dermatology,COR,5,2002,14,3.61,0.1075,4.38,0.332,0.097,3866,Generated based on literature patterns,0.35714285714285715,773.2,8.259975659768276,2.23606797749979,low
Synthetic_04241,generated,neurology,HR,13,2011,26,59.96,0.0932,21.3,1.1,0.114,3261,Generated based on literature patterns,0.5,250.84615384615384,8.089789175789319,3.605551275463989,substantial
Synthetic_04242,generated,dermatology,OR,12,2016,12,10.67,0.0216,19.46,0.546,0.085,5272,Generated based on literature patterns,1.0,439.3333333333333,8.570165076182343,3.4641016151377544,low
Synthetic_04243,generated,pulmonology,MD,11,2008,30,85.26,1.2785,86.8,-0.431,0.104,13890,Generated based on literature patterns,0.36666666666666664,1262.7272727272727,9.53892443574839,3.3166247903554,high
Synthetic_04244,generated,pulmonology,RR,25,2004,6,42.07,0.0749,58.78,0.846,0.033,18416,Generated based on literature patterns,4.166666666666667,736.64,9.820975130961664,5.0,moderate
Synthetic_04245,generated,rheumatology,MD,6,2007,8,76.92,1.4662,34.42,-0.399,0.167,4357,Generated based on literature patterns,0.75,726.1666666666666,8.379539026117442,2.449489742783178,high
Synthetic_04246,generated,oncology,HR,7,2007,9,87.57,0.2783,57.64,0.764,0.947,100,Generated based on literature patterns,0.7777777777777778,14.285714285714286,4.605170185988092,2.6457513110645907,high
Synthetic_04247,generated,dermatology,MD,46,2014,8,7.86,0.2959,71.41,-1.477,0.06,4198,Generated based on literature patterns,5.75,91.26086956521739,8.342363500380579,6.782329983125268,low
Synthetic_04248,generated,endocrinology,MD,33,2010,3,12.7,0.2407,27.81,-2.813,0.257,195,Generated based on literature patterns,11.0,5.909090909090909,5.272999558563747,5.744562646538029,low
Synthetic_04249,generated,psychiatry,RR,7,2005,4,36.63,0.0497,7.54,0.752,0.2,424,Generated based on literature patterns,1.75,60.57142857142857,6.049733455231958,2.6457513110645907,moderate
Synthetic_04250,generated,dermatology,COR,5,1999,16,78.13,0.7594,18.13,-0.484,0.227,913,Generated based on literature patterns,0.3125,182.6,6.816735880594968,2.23606797749979,high
Synthetic_04251,generated,rheumatology,COR,18,2018,13,42.7,0.9493,47.83,-0.061,0.179,894,Generated based on literature patterns,1.3846153846153846,49.666666666666664,6.795705775173514,4.242640687119285,moderate
Synthetic_04252,generated,oncology,MD,8,2013,8,4.71,0.0349,5.47,-0.329,0.216,704,Generated based on literature patterns,1.0,88.0,6.556778356158042,2.8284271247461903,low
Synthetic_04253,generated,psychiatry,MD,12,2013,12,3.92,0.0738,8.79,0.493,0.063,2182,Generated based on literature patterns,1.0,181.83333333333334,7.687997166393016,3.4641016151377544,low
Synthetic_04254,generated,rheumatology,MD,10,2011,9,32.81,0.7701,10.6,1.824,0.136,1753,Generated based on literature patterns,1.1111111111111112,175.3,7.469083884921234,3.1622776601683795,moderate
Synthetic_04255,generated,ophthalmology,HR,7,2012,21,28.75,0.0382,11.51,1.04,0.076,8598,Generated based on literature patterns,0.3333333333333333,1228.2857142857142,9.059284897056227,2.6457513110645907,moderate
Synthetic_04256,generated,rheumatology,RR,8,2012,3,35.38,0.0708,14.4,0.715,0.021,49110,Generated based on literature patterns,2.6666666666666665,6138.75,10.80181795903329,2.8284271247461903,moderate
Synthetic_04257,generated,urology,MD,23,2008,10,3.36,0.1322,32.31,-2.716,0.106,2713,Generated based on literature patterns,2.3,117.95652173913044,7.905810312658931,4.795831523312719,low
Synthetic_04258,generated,oncology,HR,15,2004,17,80.88,0.193,72.43,0.945,0.421,624,Generated based on literature patterns,0.8823529411764706,41.6,6.436150368369428,3.872983346207417,high
Synthetic_04259,generated,pulmonology,RR,33,2012,8,66.74,0.1118,121.62,0.8,0.044,39419,Generated based on literature patterns,4.125,1194.5151515151515,10.582003212551355,5.744562646538029,substantial
Synthetic_04260,generated,pulmonology,RR,34,2013,5,4.42,0.0503,42.03,1.347,0.159,924,Generated based on literature patterns,6.8,27.176470588235293,6.828712071641684,5.830951894845301,low
Synthetic_04261,generated,neurology,HR,17,2021,12,38.3,0.1505,41.29,0.679,0.026,81983,Generated based on literature patterns,1.4166666666666667,4822.529411764706,11.314267187680064,4.123105625617661,moderate
Synthetic_04262,generated,dermatology,COR,12,2014,9,54.17,0.5901,25.43,-0.159,0.111,3130,Generated based on literature patterns,1.3333333333333333,260.8333333333333,8.048788283534199,3.4641016151377544,substantial
Synthetic_04263,generated,pulmonology,RR,11,2010,11,80.7,0.2409,60.08,0.861,0.87,161,Generated based on literature patterns,1.0,14.636363636363637,5.081404364984463,3.3166247903554,high
Synthetic_04264,generated,dermatology,RR,10,2020,13,82.2,0.1499,59.66,1.095,0.444,244,Generated based on literature patterns,0.7692307692307693,24.4,5.497168225293202,3.1622776601683795,high
Synthetic_04265,generated,rheumatology,SMD,28,2004,11,29.75,0.2203,37.27,-0.07,0.075,4453,Generated based on literature patterns,2.5454545454545454,159.03571428571428,8.401333305321703,5.291502622129181,moderate
Synthetic_04266,generated,pulmonology,OR,12,2009,13,81.3,0.2601,62.09,1.837,0.048,55707,Generated based on literature patterns,0.9230769230769231,4642.25,10.927861091268705,3.4641016151377544,high
Synthetic_04267,generated,neurology,OR,15,2001,19,78.92,0.5738,55.62,1.286,0.21,3338,Generated based on literature patterns,0.7894736842105263,222.53333333333333,8.11312710422178,3.872983346207417,high
Synthetic_04268,generated,cardiology,SMD,25,2017,26,40.57,0.1521,64.01,0.055,0.114,1748,Generated based on literature patterns,0.9615384615384616,69.92,7.466227556215481,5.0,moderate
Synthetic_04269,generated,gastroenterology,COR,11,2007,17,68.57,0.5893,49.11,-0.269,0.195,1890,Generated based on literature patterns,0.6470588235294118,171.8181818181818,7.5443321080536885,3.3166247903554,substantial
Synthetic_04270,generated,pulmonology,MD,5,2006,5,58.78,2.3411,4.68,-4.195,0.068,11301,Generated based on literature patterns,1.0,2260.2,9.332646496360152,2.23606797749979,substantial
Synthetic_04271,generated,urology,SMD,8,2014,3,84.54,0.46,53.73,-1.248,0.11,2805,Generated based on literature patterns,2.6666666666666665,350.625,7.9391588179567965,2.8284271247461903,high
Synthetic_04272,generated,infectious_disease,COR,8,2013,5,72.46,1.2354,16.04,0.292,0.54,292,Generated based on literature patterns,1.6,36.5,5.676753802268282,2.8284271247461903,substantial
Synthetic_04273,generated,dermatology,HR,6,2014,3,1.3,0.0094,3.93,1.415,0.094,2348,Generated based on literature patterns,2.0,391.3333333333333,7.761319180947987,2.449489742783178,low
Synthetic_04274,generated,rheumatology,COR,14,2014,3,90.35,1.0548,117.49,-0.034,0.234,2359,Generated based on literature patterns,4.666666666666667,168.5,7.765993079407675,3.7416573867739413,high
Synthetic_04275,generated,oncology,OR,11,2015,3,39.85,0.0735,8.78,1.191,0.07,5761,Generated based on literature patterns,3.6666666666666665,523.7272727272727,8.658866349732383,3.3166247903554,moderate
Synthetic_04276,generated,endocrinology,OR,37,1994,4,33.42,0.1839,54.19,1.007,0.287,321,Generated based on literature patterns,9.25,8.675675675675675,5.771441123130016,6.082762530298219,moderate
Synthetic_04277,generated,rheumatology,MD,7,1998,3,9.47,0.5933,15.01,-3.147,0.065,3111,Generated based on literature patterns,2.3333333333333335,444.42857142857144,8.042699496897637,2.6457513110645907,low
Synthetic_04278,generated,neurology,SMD,6,2020,9,71.51,0.3494,24.41,0.066,0.146,2964,Generated based on literature patterns,0.6666666666666666,494.0,7.994294986415977,2.449489742783178,substantial
Synthetic_04279,generated,urology,HR,16,2006,6,30.55,0.171,25.47,0.667,0.091,3681,Generated based on literature patterns,2.6666666666666665,230.0625,8.210939733379021,4.0,moderate
Synthetic_04280,generated,oncology,COR,23,2024,8,64.37,0.8809,88.15,0.162,0.334,431,Generated based on literature patterns,2.875,18.73913043478261,6.066108090103747,4.795831523312719,substantial
Synthetic_04281,generated,pulmonology,COR,14,2016,10,85.28,3.4005,119.63,0.247,0.501,271,Generated based on literature patterns,1.4,19.357142857142858,5.602118820879701,3.7416573867739413,high
Synthetic_04282,generated,dermatology,RR,15,2016,16,79.64,0.105,58.61,0.885,0.248,1137,Generated based on literature patterns,0.9375,75.8,7.036148493750536,3.872983346207417,high
Synthetic_04283,generated,gastroenterology,MD,20,2012,3,3.75,0.1682,24.4,0.479,0.18,1618,Generated based on literature patterns,6.666666666666667,80.9,7.388946097618437,4.47213595499958,low
Synthetic_04284,generated,rheumatology,RR,10,2017,4,63.5,0.2266,26.29,1.007,0.19,1275,Generated based on literature patterns,2.5,127.5,7.150701457592526,3.1622776601683795,substantial
Synthetic_04285,generated,cardiology,MD,14,2014,4,65.2,2.1128,36.82,2.497,0.139,4694,Generated based on literature patterns,3.5,335.2857142857143,8.454040376410969,3.7416573867739413,substantial
Synthetic_04286,generated,neurology,RR,10,2003,11,30.41,0.1621,9.4,1.132,0.143,3118,Generated based on literature patterns,0.9090909090909091,311.8,8.044947049617722,3.1622776601683795,moderate
Synthetic_04287,generated,nephrology,OR,12,2012,5,2.14,0.0143,20.57,0.826,0.041,4534,Generated based on literature patterns,2.4,377.8333333333333,8.419359831067474,3.4641016151377544,low
Synthetic_04288,generated,rheumatology,OR,8,2012,12,5.0,0.0342,13.06,1.158,0.461,239,Generated based on literature patterns,0.6666666666666666,29.875,5.476463551931511,2.8284271247461903,low
Synthetic_04289,generated,pulmonology,MD,19,2018,6,63.04,0.4018,47.14,-0.785,0.278,247,Generated based on literature patterns,3.1666666666666665,13.0,5.5093883366279774,4.358898943540674,substantial
Synthetic_04290,generated,oncology,HR,12,2025,4,57.17,0.1456,15.48,0.782,0.976,457,Generated based on literature patterns,3.0,38.083333333333336,6.124683390894205,3.4641016151377544,substantial
Synthetic_04291,generated,immunology,COR,5,2019,15,82.07,1.053,29.49,0.359,0.168,4577,Generated based on literature patterns,0.3333333333333333,915.4,8.428799040653642,2.23606797749979,high
Synthetic_04292,generated,endocrinology,MD,6,2003,5,84.03,2.9101,41.44,2.166,0.492,317,Generated based on literature patterns,1.2,52.833333333333336,5.75890177387728,2.449489742783178,high
Synthetic_04293,generated,ophthalmology,MD,7,2016,15,89.27,0.7343,79.26,-0.241,0.327,422,Generated based on literature patterns,0.4666666666666667,60.285714285714285,6.045005314036012,2.6457513110645907,high
Synthetic_04294,generated,infectious_disease,OR,12,2015,3,7.36,0.0186,16.75,1.805,0.071,3069,Generated based on literature patterns,4.0,255.75,8.029107054619736,3.4641016151377544,low
Synthetic_04295,generated,endocrinology,RR,8,2009,5,30.68,0.1755,3.98,1.643,0.08,4153,Generated based on literature patterns,1.6,519.125,8.331586243630754,2.8284271247461903,moderate
Synthetic_04296,generated,pulmonology,MD,10,2016,3,69.0,0.69,31.02,2.042,0.108,3105,Generated based on literature patterns,3.3333333333333335,310.5,8.040768994367578,3.1622776601683795,substantial
Synthetic_04297,generated,ophthalmology,SMD,36,2002,5,1.97,0.0222,35.7,-0.156,0.037,24764,Generated based on literature patterns,7.2,687.8888888888889,10.117146264639123,6.0,low
Synthetic_04298,generated,psychiatry,MD,6,2014,8,71.23,1.3743,20.29,0.232,0.094,6597,Generated based on literature patterns,0.75,1099.5,8.794370279222871,2.449489742783178,substantial
Synthetic_04299,generated,rheumatology,HR,10,2013,5,38.41,0.1345,14.73,0.991,0.232,1067,Generated based on literature patterns,2.0,106.7,6.9726062513017535,3.1622776601683795,moderate
Synthetic_04300,generated,rheumatology,RR,23,2011,3,68.2,0.1087,84.66,0.611,0.258,455,Generated based on literature patterns,7.666666666666667,19.782608695652176,6.12029741895095,4.795831523312719,substantial
Synthetic_04301,generated,psychiatry,MD,8,2021,4,42.17,0.4871,16.59,1.048,0.168,1262,Generated based on literature patterns,2.0,157.75,7.140453043101158,2.8284271247461903,moderate
Synthetic_04302,generated,psychiatry,RR,5,1999,3,57.38,0.1169,16.22,0.533,0.146,2713,Generated based on literature patterns,1.6666666666666667,542.6,7.905810312658931,2.23606797749979,substantial
Synthetic_04303,generated,psychiatry,RR,13,2011,6,2.17,0.028,16.29,1.682,0.304,533,Generated based on literature patterns,2.1666666666666665,41.0,6.278521424165844,3.605551275463989,low
Synthetic_04304,generated,oncology,MD,29,2017,10,82.25,1.3645,183.61,1.863,0.084,17572,Generated based on literature patterns,2.9,605.9310344827586,9.77406200509567,5.385164807134504,high
Synthetic_04305,generated,gastroenterology,SMD,10,2015,8,30.67,0.1057,11.91,0.581,0.618,130,Generated based on literature patterns,1.25,13.0,4.867534450455582,3.1622776601683795,moderate
Synthetic_04306,generated,gastroenterology,OR,9,2013,30,62.99,0.1691,21.39,1.314,0.255,1411,Generated based on literature patterns,0.3,156.77777777777777,7.252053951852814,3.0,substantial
Synthetic_04307,generated,infectious_disease,COR,15,2022,12,58.87,0.9008,19.32,-0.33,0.037,37411,Generated based on literature patterns,1.25,2494.0666666666666,10.529720057805566,3.872983346207417,substantial
Synthetic_04308,generated,urology,HR,19,2006,18,82.4,0.1968,117.66,0.892,1.09,100,Generated based on literature patterns,1.0555555555555556,5.2631578947368425,4.605170185988092,4.358898943540674,high
Synthetic_04309,generated,pulmonology,HR,8,2010,29,4.88,0.0156,7.69,0.699,0.215,689,Generated based on literature patterns,0.27586206896551724,86.125,6.535241271013659,2.8284271247461903,low
Synthetic_04310,generated,psychiatry,MD,7,2006,3,38.77,0.3823,17.36,-2.879,0.388,498,Generated based on literature patterns,2.3333333333333335,71.14285714285714,6.210600077024653,2.6457513110645907,moderate
Synthetic_04311,generated,pulmonology,RR,27,2021,5,6.42,0.02,35.68,0.979,0.352,163,Generated based on literature patterns,5.4,6.037037037037037,5.093750200806762,5.196152422706632,low
Synthetic_04312,generated,gastroenterology,MD,5,2004,5,82.37,2.1166,32.19,1.372,0.152,1790,Generated based on literature patterns,1.0,358.0,7.489970898834801,2.23606797749979,high
Synthetic_04313,generated,pulmonology,HR,5,2016,17,32.27,0.1257,3.85,1.484,0.043,17162,Generated based on literature patterns,0.29411764705882354,3432.4,9.750452916367067,2.23606797749979,moderate
Synthetic_04314,generated,oncology,SMD,28,2011,9,34.93,0.1989,43.06,0.559,0.009,133043,Generated based on literature patterns,3.111111111111111,4751.535714285715,11.79842766322171,5.291502622129181,moderate
Synthetic_04315,generated,urology,OR,9,2015,3,70.43,0.1536,41.96,0.785,0.161,2077,Generated based on literature patterns,3.0,230.77777777777777,7.638679823876112,3.0,substantial
Synthetic_04316,generated,dermatology,OR,7,2015,3,77.75,0.1268,21.54,0.906,0.164,2928,Generated based on literature patterns,2.3333333333333335,418.2857142857143,7.982074875081202,2.6457513110645907,high
Synthetic_04317,generated,neurology,HR,6,2016,7,3.87,0.0046,2.68,1.667,0.163,1736,Generated based on literature patterns,0.8571428571428571,289.3333333333333,7.459338895220296,2.449489742783178,low
Synthetic_04318,generated,gastroenterology,MD,8,2018,12,65.11,1.2374,23.84,2.287,0.128,1270,Generated based on literature patterns,0.6666666666666666,158.75,7.146772179452637,2.8284271247461903,substantial
Synthetic_04319,generated,dermatology,MD,18,2005,6,7.27,0.1871,16.75,-1.008,0.375,277,Generated based on literature patterns,3.0,15.38888888888889,5.6240175061873385,4.242640687119285,low
Synthetic_04320,generated,ophthalmology,OR,57,2007,20,6.55,0.0399,67.27,1.435,0.268,384,Generated based on literature patterns,2.85,6.7368421052631575,5.950642552587727,7.54983443527075,low
Synthetic_04321,generated,oncology,MD,10,2017,11,37.95,0.3944,20.43,0.818,0.688,100,Generated based on literature patterns,0.9090909090909091,10.0,4.605170185988092,3.1622776601683795,moderate
Synthetic_04322,generated,nephrology,OR,7,2009,9,67.75,0.0835,17.27,0.716,0.284,1214,Generated based on literature patterns,0.7777777777777778,173.42857142857142,7.101675971619444,2.6457513110645907,substantial
Synthetic_04323,generated,rheumatology,RR,19,2018,8,35.2,0.1511,35.94,1.518,0.34,441,Generated based on literature patterns,2.375,23.210526315789473,6.089044875446846,4.358898943540674,moderate
Synthetic_04324,generated,endocrinology,RR,6,2011,4,42.36,0.1046,21.53,0.886,0.145,1483,Generated based on literature patterns,1.5,247.16666666666666,7.301822342137932,2.449489742783178,moderate
Synthetic_04325,generated,infectious_disease,COR,5,2001,7,9.03,0.1071,6.11,-0.157,0.219,512,Generated based on literature patterns,0.7142857142857143,102.4,6.238324625039508,2.23606797749979,low
Synthetic_04326,generated,endocrinology,HR,21,2019,6,32.34,0.147,39.16,0.478,0.116,2827,Generated based on literature patterns,3.5,134.61904761904762,7.946971357693591,4.58257569495584,moderate
Synthetic_04327,generated,infectious_disease,COR,17,2009,13,66.61,1.2551,65.59,-0.032,0.299,423,Generated based on literature patterns,1.3076923076923077,24.88235294117647,6.0473721790462776,4.123105625617661,substantial
Synthetic_04328,generated,oncology,OR,19,2010,7,7.68,0.0334,11.73,0.729,0.152,951,Generated based on literature patterns,2.7142857142857144,50.05263157894737,6.85751406254539,4.358898943540674,low
Synthetic_04329,generated,pulmonology,MD,11,2017,15,60.22,2.8353,25.16,-3.104,0.164,1102,Generated based on literature patterns,0.7333333333333333,100.18181818181819,7.004881989712859,3.3166247903554,substantial
Synthetic_04330,generated,immunology,HR,21,2004,7,11.22,0.0232,31.41,0.962,0.273,143,Generated based on literature patterns,3.0,6.809523809523809,4.962844630259907,4.58257569495584,low
Synthetic_04331,generated,urology,MD,13,2014,4,83.26,1.874,70.95,5.556,0.652,146,Generated based on literature patterns,3.25,11.23076923076923,4.983606621708336,3.605551275463989,high
Synthetic_04332,generated,infectious_disease,COR,16,2003,3,66.05,0.9303,59.74,0.164,0.132,4358,Generated based on literature patterns,5.333333333333333,272.375,8.379768515504566,4.0,substantial
Synthetic_04333,generated,nephrology,RR,16,2015,3,61.15,0.2217,48.12,0.723,0.126,3943,Generated based on literature patterns,5.333333333333333,246.4375,8.279697133877628,4.0,substantial
Synthetic_04334,generated,pulmonology,RR,40,2019,3,7.61,0.0512,52.41,0.746,0.208,348,Generated based on literature patterns,13.333333333333334,8.7,5.8522024797744745,6.324555320336759,low
Synthetic_04335,generated,infectious_disease,RR,40,2005,30,32.88,0.1176,64.97,0.921,0.143,2103,Generated based on literature patterns,1.3333333333333333,52.575,7.6511201757027,6.324555320336759,moderate
Synthetic_04336,generated,psychiatry,SMD,14,2006,3,7.23,0.0382,8.63,0.542,0.231,560,Generated based on literature patterns,4.666666666666667,40.0,6.327936783729195,3.7416573867739413,low
Synthetic_04337,generated,neurology,SMD,10,2010,4,82.69,0.1413,41.52,0.355,0.073,15192,Generated based on literature patterns,2.5,1519.2,9.628524252492122,3.1622776601683795,high
Synthetic_04338,generated,ophthalmology,OR,7,2018,7,34.63,0.0319,11.88,0.62,0.34,100,Generated based on literature patterns,1.0,14.285714285714286,4.605170185988092,2.6457513110645907,moderate
Synthetic_04339,generated,endocrinology,RR,12,2011,14,7.73,0.0283,9.37,0.534,0.076,7069,Generated based on literature patterns,0.8571428571428571,589.0833333333334,8.863474306170954,3.4641016151377544,low
Synthetic_04340,generated,endocrinology,HR,13,2014,11,88.27,0.2735,123.05,1.262,0.23,3460,Generated based on literature patterns,1.1818181818181819,266.15384615384613,8.14902386805177,3.605551275463989,high
Synthetic_04341,generated,urology,SMD,11,2020,18,1.45,0.0266,14.15,-0.847,0.013,65296,Generated based on literature patterns,0.6111111111111112,5936.0,11.086686057645586,3.3166247903554,low
Synthetic_04342,generated,pulmonology,RR,22,2014,14,71.07,0.1984,92.5,0.974,0.11,4271,Generated based on literature patterns,1.5714285714285714,194.13636363636363,8.359603270841466,4.69041575982343,substantial
Synthetic_04343,generated,urology,RR,22,2019,3,63.46,0.268,52.46,0.694,0.162,2703,Generated based on literature patterns,7.333333333333333,122.86363636363636,7.902117546276448,4.69041575982343,substantial
Synthetic_04344,generated,nephrology,MD,23,2014,11,80.09,1.2187,113.43,2.102,0.163,1857,Generated based on literature patterns,2.090909090909091,80.73913043478261,7.526717561352706,4.795831523312719,high
Synthetic_04345,generated,urology,HR,11,2009,3,56.43,0.111,32.82,0.637,0.163,1649,Generated based on literature patterns,3.6666666666666665,149.9090909090909,7.407924322559599,3.3166247903554,substantial
Synthetic_04346,generated,pulmonology,SMD,7,2011,5,30.25,0.211,5.47,0.338,0.058,4608,Generated based on literature patterns,1.4,658.2857142857143,8.435549202375727,2.6457513110645907,moderate
Synthetic_04347,generated,ophthalmology,HR,10,2012,5,34.93,0.0838,13.03,0.734,0.192,953,Generated based on literature patterns,2.0,95.3,6.859614903654202,3.1622776601683795,moderate
Synthetic_04348,generated,ophthalmology,RR,11,2010,6,3.07,0.014,19.52,1.1,0.083,13116,Generated based on literature patterns,1.8333333333333333,1192.3636363636363,9.48158813796454,3.3166247903554,low
Synthetic_04349,generated,immunology,MD,9,2015,11,3.85,0.0837,4.18,1.179,0.174,1709,Generated based on literature patterns,0.8181818181818182,189.88888888888889,7.443663683115591,3.0,low
Synthetic_04350,generated,ophthalmology,RR,5,2015,8,29.19,0.0349,11.82,0.974,0.3,1009,Generated based on literature patterns,0.625,201.8,6.9167150203536085,2.23606797749979,moderate
Synthetic_04351,generated,endocrinology,SMD,12,2006,3,85.04,1.3381,78.57,-0.155,0.141,7555,Generated based on literature patterns,4.0,629.5833333333334,8.92996487470684,3.4641016151377544,high
Synthetic_04352,generated,immunology,HR,19,2008,3,77.3,0.2763,88.89,1.324,0.047,40302,Generated based on literature patterns,6.333333333333333,2121.157894736842,10.60415637449492,4.358898943540674,high
Synthetic_04353,generated,rheumatology,RR,28,2003,15,70.96,0.1638,87.78,0.44,0.186,2059,Generated based on literature patterns,1.8666666666666667,73.53571428571429,7.629975707027789,5.291502622129181,substantial
Synthetic_04354,generated,psychiatry,SMD,10,2009,18,32.92,0.4399,20.39,0.202,0.1,1946,Generated based on literature patterns,0.5555555555555556,194.6,7.57353126274595,3.1622776601683795,moderate
Synthetic_04355,generated,immunology,RR,16,2013,3,3.14,0.0113,11.08,1.239,0.311,582,Generated based on literature patterns,5.333333333333333,36.375,6.366470447731438,4.0,low
Synthetic_04356,generated,endocrinology,SMD,22,2017,3,71.83,0.2332,74.95,0.1,0.028,36031,Generated based on literature patterns,7.333333333333333,1637.7727272727273,10.49213495800589,4.69041575982343,substantial
Synthetic_04357,generated,dermatology,RR,12,2011,6,65.27,0.1982,30.23,1.787,0.106,3761,Generated based on literature patterns,2.0,313.4166666666667,8.232440158470336,3.4641016151377544,substantial
Synthetic_04358,generated,dermatology,RR,9,2013,9,37.57,0.3305,11.72,0.945,0.301,569,Generated based on literature patterns,1.0,63.22222222222222,6.343880434126331,3.0,moderate
Synthetic_04359,generated,gastroenterology,MD,5,2005,12,32.79,0.5896,5.61,2.67,0.174,2394,Generated based on literature patterns,0.4166666666666667,478.8,7.780720886117918,2.23606797749979,moderate
Synthetic_04360,generated,rheumatology,MD,5,2021,3,11.59,0.0989,2.82,4.389,0.176,352,Generated based on literature patterns,1.6666666666666667,70.4,5.863631175598097,2.23606797749979,low
Synthetic_04361,generated,pulmonology,OR,19,2018,11,35.45,0.1441,34.01,0.636,0.207,702,Generated based on literature patterns,1.7272727272727273,36.94736842105263,6.553933404025811,4.358898943540674,moderate
Synthetic_04362,generated,psychiatry,RR,17,2016,5,15.59,0.0354,17.71,1.028,0.036,9695,Generated based on literature patterns,3.4,570.2941176470588,9.179365567676752,4.123105625617661,low
Synthetic_04363,generated,endocrinology,MD,19,2015,24,4.14,0.1408,22.32,1.502,0.422,172,Generated based on literature patterns,0.7916666666666666,9.052631578947368,5.147494476813453,4.358898943540674,low
Synthetic_04364,generated,oncology,OR,13,2015,7,10.39,0.0865,10.37,1.144,0.135,3446,Generated based on literature patterns,1.8571428571428572,265.0769230769231,8.144969417087875,3.605551275463989,low
Synthetic_04365,generated,ophthalmology,RR,5,2016,3,37.96,0.0552,6.03,0.657,0.11,2036,Generated based on literature patterns,1.6666666666666667,407.2,7.618742377670413,2.23606797749979,moderate
Synthetic_04366,generated,ophthalmology,MD,47,2014,8,6.1,0.0789,49.86,2.297,0.152,935,Generated based on literature patterns,5.875,19.893617021276597,6.840546529288687,6.855654600401044,low
Synthetic_04367,generated,cardiology,COR,6,2019,30,38.37,0.3042,17.34,0.052,0.2,1922,Generated based on literature patterns,0.2,320.3333333333333,7.561121589530238,2.449489742783178,moderate
Synthetic_04368,generated,endocrinology,OR,31,2013,3,66.92,0.116,81.03,0.958,0.253,1682,Generated based on literature patterns,10.333333333333334,54.25806451612903,7.427738840532894,5.5677643628300215,substantial
Synthetic_04369,generated,psychiatry,RR,31,2030,17,3.44,0.009,44.14,0.745,0.187,1368,Generated based on literature patterns,1.8235294117647058,44.12903225806452,7.221105098182496,5.5677643628300215,low
Synthetic_04370,generated,gastroenterology,MD,10,2015,3,5.91,0.0834,4.77,2.343,0.672,100,Generated based on literature patterns,3.3333333333333335,10.0,4.605170185988092,3.1622776601683795,low
Synthetic_04371,generated,oncology,COR,26,2006,3,13.36,0.2687,33.55,-0.457,0.114,3405,Generated based on literature patterns,8.666666666666666,130.96153846153845,8.133000218583613,5.0990195135927845,low
Synthetic_04372,generated,immunology,COR,11,2011,3,84.99,0.3507,92.94,-0.344,0.42,608,Generated based on literature patterns,3.6666666666666665,55.27272727272727,6.410174881966167,3.3166247903554,high
Synthetic_04373,generated,nephrology,OR,19,2013,8,79.98,0.0918,64.35,0.738,0.331,514,Generated based on literature patterns,2.375,27.05263157894737,6.2422232654551655,4.358898943540674,high
Synthetic_04374,generated,endocrinology,COR,6,2003,7,84.26,1.9649,45.46,-0.139,0.262,836,Generated based on literature patterns,0.8571428571428571,139.33333333333334,6.728628613084702,2.449489742783178,high
Synthetic_04375,generated,nephrology,OR,11,2004,4,0.61,0.0081,18.27,0.686,0.306,344,Generated based on literature patterns,2.75,31.272727272727273,5.840641657373398,3.3166247903554,low
Synthetic_04376,generated,urology,OR,21,2015,13,41.17,0.0728,45.64,0.939,0.209,1166,Generated based on literature patterns,1.6153846153846154,55.523809523809526,7.061334366910438,4.58257569495584,moderate
Synthetic_04377,generated,ophthalmology,OR,11,2013,4,30.04,0.1294,13.32,0.484,0.298,139,Generated based on literature patterns,2.75,12.636363636363637,4.9344739331306915,3.3166247903554,moderate
Synthetic_04378,generated,psychiatry,COR,20,1998,5,40.42,0.392,30.22,-0.463,0.345,746,Generated based on literature patterns,4.0,37.3,6.61472560020376,4.47213595499958,moderate
Synthetic_04379,generated,urology,COR,9,2009,3,1.67,0.0224,11.4,-0.094,0.22,484,Generated based on literature patterns,3.0,53.77777777777778,6.182084906716632,3.0,low
Synthetic_04380,generated,pulmonology,SMD,21,2009,12,63.48,0.3972,55.34,0.516,0.813,210,Generated based on literature patterns,1.75,10.0,5.3471075307174685,4.58257569495584,substantial
Synthetic_04381,generated,immunology,RR,9,2017,3,0.12,0.0226,8.43,0.601,0.108,2397,Generated based on literature patterns,3.0,266.3333333333333,7.781973234434385,3.0,low
Synthetic_04382,generated,endocrinology,MD,9,2009,9,55.17,0.7162,20.24,-1.466,0.11,3706,Generated based on literature patterns,1.0,411.77777777777777,8.217708406845306,3.0,substantial
Synthetic_04383,generated,nephrology,MD,7,2017,19,55.59,1.2527,17.37,4.029,0.275,539,Generated based on literature patterns,0.3684210526315789,77.0,6.289715570908998,2.6457513110645907,substantial
Synthetic_04384,generated,cardiology,MD,22,2007,3,34.75,0.6416,27.41,-0.567,0.044,20976,Generated based on literature patterns,7.333333333333333,953.4545454545455,9.95113420600348,4.69041575982343,moderate
Synthetic_04385,generated,endocrinology,SMD,15,2014,3,31.63,0.192,24.9,0.643,0.056,15428,Generated based on literature patterns,5.0,1028.5333333333333,9.643939319328119,3.872983346207417,moderate
Synthetic_04386,generated,dermatology,COR,13,2012,15,81.06,1.5523,59.01,-0.397,0.326,948,Generated based on literature patterns,0.8666666666666667,72.92307692307692,6.854354502255021,3.605551275463989,high
Synthetic_04387,generated,oncology,SMD,7,2010,13,59.23,0.3493,6.86,0.373,0.244,1887,Generated based on literature patterns,0.5384615384615384,269.57142857142856,7.54274354536855,2.6457513110645907,substantial
Synthetic_04388,generated,rheumatology,OR,6,2019,17,45.28,0.112,6.45,1.304,0.404,1130,Generated based on literature patterns,0.35294117647058826,188.33333333333334,7.029972911706386,2.449489742783178,moderate
Synthetic_04389,generated,nephrology,MD,14,2012,9,78.91,0.9831,48.76,-0.371,0.344,892,Generated based on literature patterns,1.5555555555555556,63.714285714285715,6.79346613258001,3.7416573867739413,high
Synthetic_04390,generated,ophthalmology,OR,11,2011,6,3.79,0.0206,9.54,0.845,0.076,2654,Generated based on literature patterns,1.8333333333333333,241.27272727272728,7.8838232148921525,3.3166247903554,low
Synthetic_04391,generated,immunology,COR,16,2009,21,56.1,0.7369,39.75,0.253,0.181,1493,Generated based on literature patterns,0.7619047619047619,93.3125,7.30854279753919,4.0,substantial
Synthetic_04392,generated,dermatology,RR,11,2015,9,32.6,0.0812,12.15,1.215,0.092,5973,Generated based on literature patterns,1.2222222222222223,543.0,8.695004592732307,3.3166247903554,moderate
Synthetic_04393,generated,immunology,COR,9,2008,24,55.14,0.7242,18.19,-0.163,0.041,11769,Generated based on literature patterns,0.375,1307.6666666666667,9.373224234877663,3.0,substantial
Synthetic_04394,generated,immunology,SMD,13,2018,30,61.54,0.3708,25.51,-0.507,0.185,2790,Generated based on literature patterns,0.43333333333333335,214.6153846153846,7.933796874815411,3.605551275463989,substantial
Synthetic_04395,generated,pulmonology,OR,21,2007,5,32.95,0.0727,40.97,0.472,0.2,924,Generated based on literature patterns,4.2,44.0,6.828712071641684,4.58257569495584,moderate
Synthetic_04396,generated,gastroenterology,MD,5,2004,3,40.42,0.5639,5.07,0.387,0.29,2096,Generated based on literature patterns,1.6666666666666667,419.2,7.647786045440933,2.23606797749979,moderate
Synthetic_04397,generated,gastroenterology,SMD,8,2015,4,8.01,0.0409,4.01,0.1,0.163,413,Generated based on literature patterns,2.0,51.625,6.023447592961033,2.8284271247461903,low
Synthetic_04398,generated,gastroenterology,OR,11,2011,7,3.07,0.0068,9.84,1.438,0.209,1176,Generated based on literature patterns,1.5714285714285714,106.9090909090909,7.069874128458572,3.3166247903554,low
Synthetic_04399,generated,pulmonology,COR,18,2011,7,2.75,0.078,6.35,-0.046,0.146,973,Generated based on literature patterns,2.5714285714285716,54.05555555555556,6.880384082186005,4.242640687119285,low
Synthetic_04400,generated,infectious_disease,OR,28,2012,17,67.21,0.0647,80.25,1.198,0.347,568,Generated based on literature patterns,1.6470588235294117,20.285714285714285,6.342121418721152,5.291502622129181,substantial
Synthetic_04401,generated,psychiatry,HR,5,2002,8,71.6,0.1174,18.1,0.744,0.221,1064,Generated based on literature patterns,0.625,212.8,6.96979066990159,2.23606797749979,substantial
Synthetic_04402,generated,oncology,COR,16,2014,6,6.1,0.1581,21.35,0.006,0.262,1194,Generated based on literature patterns,2.6666666666666665,74.625,7.085064293952548,4.0,low
Synthetic_04403,generated,endocrinology,COR,14,2011,7,29.76,0.337,11.46,-0.518,0.108,1360,Generated based on literature patterns,2.0,97.14285714285714,7.215239978730097,3.7416573867739413,moderate
Synthetic_04404,generated,ophthalmology,HR,5,2011,9,62.1,0.2011,4.54,1.044,0.184,3298,Generated based on literature patterns,0.5555555555555556,659.6,8.101071503119543,2.23606797749979,substantial
Synthetic_04405,generated,pulmonology,RR,30,2006,3,1.99,0.0613,38.7,0.99,0.059,3081,Generated based on literature patterns,10.0,102.7,8.033009498596668,5.477225575051661,low
Synthetic_04406,generated,pulmonology,COR,10,2013,3,90.26,0.9651,83.03,0.109,0.328,418,Generated based on literature patterns,3.3333333333333335,41.8,6.035481432524756,3.1622776601683795,high
Synthetic_04407,generated,rheumatology,OR,5,2012,17,82.07,0.1418,36.7,1.366,0.298,1952,Generated based on literature patterns,0.29411764705882354,390.4,7.5766097669730375,2.23606797749979,high
Synthetic_04408,generated,pulmonology,COR,9,2004,6,5.15,0.1265,16.83,0.169,0.189,875,Generated based on literature patterns,1.5,97.22222222222223,6.774223886357614,3.0,low
Synthetic_04409,generated,immunology,MD,7,2003,8,34.17,0.444,10.68,1.643,0.048,13997,Generated based on literature patterns,0.875,1999.5714285714287,9.546598299920646,2.6457513110645907,moderate
Synthetic_04410,generated,ophthalmology,MD,14,2009,7,6.27,0.1189,12.19,0.395,0.023,35424,Generated based on literature patterns,2.0,2530.285714285714,10.475144835508363,3.7416573867739413,low
Synthetic_04411,generated,rheumatology,HR,14,2001,4,45.26,0.1117,16.57,0.424,0.464,348,Generated based on literature patterns,3.5,24.857142857142858,5.8522024797744745,3.7416573867739413,moderate
Synthetic_04412,generated,oncology,RR,5,2015,3,48.51,0.1538,17.66,0.32,0.108,3894,Generated based on literature patterns,1.6666666666666667,778.8,8.267192185932146,2.23606797749979,moderate
Synthetic_04413,generated,rheumatology,COR,27,2010,19,26.91,0.275,34.27,0.055,0.332,242,Generated based on literature patterns,1.4210526315789473,8.962962962962964,5.488937726156687,5.196152422706632,moderate
Synthetic_04414,generated,urology,OR,7,2016,19,26.22,0.0704,11.18,0.986,0.06,10104,Generated based on literature patterns,0.3684210526315789,1443.4285714285713,9.220686664030326,2.6457513110645907,moderate
Synthetic_04415,generated,infectious_disease,HR,58,2010,5,81.56,0.1906,322.53,1.913,0.211,2976,Generated based on literature patterns,11.6,51.310344827586206,7.998335395952982,7.615773105863909,high
Synthetic_04416,generated,neurology,HR,6,2006,8,90.86,0.1846,73.07,0.603,0.129,10710,Generated based on literature patterns,0.75,1785.0,9.278933163441794,2.449489742783178,high
Synthetic_04417,generated,ophthalmology,SMD,10,2014,7,3.24,0.0252,9.69,-0.294,0.105,2283,Generated based on literature patterns,1.4285714285714286,228.3,7.733245646529795,3.1622776601683795,low
Synthetic_04418,generated,cardiology,SMD,37,2004,8,36.38,0.1485,53.21,-0.264,0.06,6191,Generated based on literature patterns,4.625,167.32432432432432,8.730851903519232,6.082762530298219,moderate
Synthetic_04419,generated,cardiology,OR,6,2015,10,65.22,0.1587,8.05,1.159,0.301,645,Generated based on literature patterns,0.6,107.5,6.4692503167957724,2.449489742783178,substantial
Synthetic_04420,generated,cardiology,RR,12,2019,7,8.36,0.0603,8.16,0.843,0.024,34738,Generated based on literature patterns,1.7142857142857142,2894.8333333333335,10.455589467613958,3.4641016151377544,low
Synthetic_04421,generated,rheumatology,OR,7,2007,10,9.02,0.0278,18.47,1.725,0.052,6008,Generated based on literature patterns,0.7,858.2857142857143,8.700847193443972,2.6457513110645907,low
Synthetic_04422,generated,infectious_disease,MD,9,2019,4,88.07,2.0645,87.76,2.597,0.309,1301,Generated based on literature patterns,2.25,144.55555555555554,7.170888478512505,3.0,high
Synthetic_04423,generated,neurology,OR,30,2014,18,81.61,0.1927,144.03,0.428,0.539,273,Generated based on literature patterns,1.6666666666666667,9.1,5.60947179518496,5.477225575051661,high
Synthetic_04424,generated,gastroenterology,SMD,22,2013,8,83.84,0.282,137.07,0.891,0.625,369,Generated based on literature patterns,2.75,16.772727272727273,5.910796644040527,4.69041575982343,high
Synthetic_04425,generated,nephrology,HR,5,2019,7,78.7,0.2064,13.34,0.877,0.102,11055,Generated based on literature patterns,0.7142857142857143,2211.0,9.310638093291546,2.23606797749979,high
Synthetic_04426,generated,urology,COR,6,2012,3,32.13,0.7684,11.2,-0.031,0.272,671,Generated based on literature patterns,2.0,111.83333333333333,6.508769136971682,2.449489742783178,moderate
Synthetic_04427,generated,rheumatology,SMD,7,2010,25,63.93,0.1896,21.67,0.702,0.248,330,Generated based on literature patterns,0.28,47.142857142857146,5.799092654460526,2.6457513110645907,substantial
Synthetic_04428,generated,oncology,HR,6,2017,6,64.95,0.3137,22.58,0.646,0.11,4215,Generated based on literature patterns,1.0,702.5,8.346404870435956,2.449489742783178,substantial
Synthetic_04429,generated,oncology,COR,25,2013,4,61.3,1.1345,57.28,-0.092,0.208,389,Generated based on literature patterns,6.25,15.56,5.963579343618446,5.0,substantial
Synthetic_04430,generated,ophthalmology,COR,9,2020,30,34.32,0.3422,16.83,0.168,0.139,587,Generated based on literature patterns,0.3,65.22222222222223,6.375024819828097,3.0,moderate
Synthetic_04431,generated,infectious_disease,SMD,20,2009,4,85.58,0.2905,164.13,0.534,0.357,455,Generated based on literature patterns,5.0,22.75,6.12029741895095,4.47213595499958,high
Synthetic_04432,generated,immunology,RR,14,2002,17,57.34,0.1652,30.44,0.735,0.068,11202,Generated based on literature patterns,0.8235294117647058,800.1428571428571,9.323847612769777,3.7416573867739413,substantial
Synthetic_04433,generated,ophthalmology,HR,27,2018,8,9.37,0.0322,34.74,1.322,0.114,1471,Generated based on literature patterns,3.375,54.48148148148148,7.293697720601438,5.196152422706632,low
Synthetic_04434,generated,endocrinology,MD,5,2009,17,55.38,2.4821,13.59,1.912,0.557,298,Generated based on literature patterns,0.29411764705882354,59.6,5.697093486505405,2.23606797749979,substantial
Synthetic_04435,generated,rheumatology,COR,8,2014,15,1.39,0.1042,16.87,0.085,0.072,4161,Generated based on literature patterns,0.5333333333333333,520.125,8.333510708982942,2.8284271247461903,low
Synthetic_04436,generated,rheumatology,OR,29,2019,10,60.77,0.1544,68.44,0.885,0.181,3211,Generated based on literature patterns,2.9,110.72413793103448,8.074337694089515,5.385164807134504,substantial
Synthetic_04437,generated,nephrology,SMD,21,2007,12,79.29,0.2657,99.47,-0.01,0.431,213,Generated based on literature patterns,1.75,10.142857142857142,5.3612921657094255,4.58257569495584,high
Synthetic_04438,generated,ophthalmology,HR,8,2017,30,64.0,0.1168,16.64,0.9,0.224,1079,Generated based on literature patterns,0.26666666666666666,134.875,6.983789965258135,2.8284271247461903,substantial
Synthetic_04439,generated,neurology,OR,7,1998,11,26.85,0.0648,10.95,1.053,0.045,7984,Generated based on literature patterns,0.6363636363636364,1140.5714285714287,8.9851948179913,2.6457513110645907,moderate
Synthetic_04440,generated,infectious_disease,RR,6,2016,8,81.95,0.2439,31.12,0.65,0.117,13608,Generated based on literature patterns,0.75,2268.0,9.518413134075697,2.449489742783178,high
Synthetic_04441,generated,psychiatry,MD,15,2006,4,59.01,0.9907,34.52,-0.984,0.314,808,Generated based on literature patterns,3.75,53.86666666666667,6.694562058521095,3.872983346207417,substantial
Synthetic_04442,generated,ophthalmology,MD,44,2012,9,1.33,0.0615,32.42,-0.733,0.114,955,Generated based on literature patterns,4.888888888888889,21.704545454545453,6.86171134048073,6.6332495807108,low
Synthetic_04443,generated,pulmonology,COR,21,2020,6,4.9,0.146,26.49,-0.248,0.227,864,Generated based on literature patterns,3.5,41.142857142857146,6.761572768804055,4.58257569495584,low
Synthetic_04444,generated,nephrology,HR,8,2008,10,31.63,0.1438,9.8,1.665,0.267,667,Generated based on literature patterns,0.8,83.375,6.502790045915623,2.8284271247461903,moderate
Synthetic_04445,generated,infectious_disease,OR,5,2010,3,10.3,0.0646,10.62,0.439,0.175,538,Generated based on literature patterns,1.6666666666666667,107.6,6.2878585601617845,2.23606797749979,low
Synthetic_04446,generated,ophthalmology,RR,19,2011,5,63.06,0.1454,38.83,0.733,0.161,2980,Generated based on literature patterns,3.8,156.8421052631579,7.9996785794994505,4.358898943540674,substantial
Synthetic_04447,generated,neurology,MD,19,2012,7,7.64,0.1159,17.03,-1.341,0.111,919,Generated based on literature patterns,2.7142857142857144,48.36842105263158,6.823286122355687,4.358898943540674,low
Synthetic_04448,generated,infectious_disease,SMD,8,2017,6,65.44,0.1463,29.99,-0.184,0.357,1354,Generated based on literature patterns,1.3333333333333333,169.25,7.21081845347222,2.8284271247461903,substantial
Synthetic_04449,generated,nephrology,MD,39,2013,8,47.74,1.0848,85.39,2.113,0.361,989,Generated based on literature patterns,4.875,25.358974358974358,6.8966943316227125,6.244997998398398,moderate
Synthetic_04450,generated,neurology,MD,18,2006,8,8.06,0.2538,23.6,-1.367,0.026,9640,Generated based on literature patterns,2.25,535.5555555555555,9.17367638760459,4.242640687119285,low
Synthetic_04451,generated,cardiology,COR,10,2013,7,42.1,0.7078,14.76,0.211,0.205,1630,Generated based on literature patterns,1.4285714285714286,163.0,7.396335293800808,3.1622776601683795,moderate
Synthetic_04452,generated,oncology,OR,5,2008,3,90.58,0.2992,56.52,0.771,0.215,5403,Generated based on literature patterns,1.6666666666666667,1080.6,8.594709633844065,2.23606797749979,high
Synthetic_04453,generated,infectious_disease,HR,9,2007,5,30.95,0.0764,12.98,1.228,0.152,682,Generated based on literature patterns,1.8,75.77777777777777,6.525029657843462,3.0,moderate
Synthetic_04454,generated,endocrinology,HR,11,2016,8,39.05,0.0997,6.52,0.713,0.137,4227,Generated based on literature patterns,1.375,384.27272727272725,8.34924780056679,3.3166247903554,moderate
Synthetic_04455,generated,gastroenterology,MD,10,2006,5,40.35,0.5046,19.42,-0.076,0.053,5242,Generated based on literature patterns,2.0,524.2,8.564458383883352,3.1622776601683795,moderate
Synthetic_04456,generated,urology,SMD,6,2009,8,85.55,0.5451,56.32,0.721,0.906,260,Generated based on literature patterns,0.75,43.333333333333336,5.560681631015528,2.449489742783178,high
Synthetic_04457,generated,neurology,SMD,7,2012,4,76.74,0.3659,31.7,0.351,0.211,878,Generated based on literature patterns,1.75,125.42857142857143,6.777646593635117,2.6457513110645907,high
Synthetic_04458,generated,endocrinology,COR,32,2006,3,63.03,1.0051,86.14,0.059,0.2,2188,Generated based on literature patterns,10.666666666666666,68.375,7.690743163541872,5.656854249492381,substantial
Synthetic_04459,generated,gastroenterology,RR,20,2013,25,40.02,0.0849,22.42,1.642,0.145,786,Generated based on literature patterns,0.8,39.3,6.666956792429207,4.47213595499958,moderate
Synthetic_04460,generated,neurology,COR,11,2007,16,36.41,0.1838,17.86,-0.41,0.122,5680,Generated based on literature patterns,0.6875,516.3636363636364,8.644706511715198,3.3166247903554,moderate
Synthetic_04461,generated,cardiology,COR,18,2012,6,61.45,1.0126,49.94,0.124,0.061,10577,Generated based on literature patterns,3.0,587.6111111111111,9.266437111328052,4.242640687119285,substantial
Synthetic_04462,generated,cardiology,HR,13,2008,3,36.29,0.0879,21.42,0.869,0.247,1582,Generated based on literature patterns,4.333333333333333,121.6923076923077,7.366445148327599,3.605551275463989,moderate
Synthetic_04463,generated,psychiatry,OR,18,2011,4,36.79,0.3457,26.86,0.508,0.119,1911,Generated based on literature patterns,4.5,106.16666666666667,7.555381944240273,4.242640687119285,moderate
Synthetic_04464,generated,endocrinology,HR,28,2013,12,79.12,0.4404,157.86,0.377,0.021,71474,Generated based on literature patterns,2.3333333333333335,2552.6428571428573,11.177089026186728,5.291502622129181,high
Synthetic_04465,generated,dermatology,MD,5,2011,16,82.21,1.6608,33.52,-1.348,0.619,245,Generated based on literature patterns,0.3125,49.0,5.501258210544727,2.23606797749979,high
Synthetic_04466,generated,endocrinology,SMD,9,2004,11,61.47,0.3878,22.44,0.293,0.379,340,Generated based on literature patterns,0.8181818181818182,37.77777777777778,5.8289456176102075,3.0,substantial
Synthetic_04467,generated,rheumatology,SMD,10,2014,3,6.15,0.0485,8.04,1.43,0.034,19841,Generated based on literature patterns,3.3333333333333335,1984.1,9.895505782794471,3.1622776601683795,low
Synthetic_04468,generated,endocrinology,COR,13,2021,11,58.83,0.3991,26.31,-0.028,0.043,41455,Generated based on literature patterns,1.1818181818181819,3188.846153846154,10.63236378055032,3.605551275463989,substantial
Synthetic_04469,generated,cardiology,MD,6,2013,21,9.41,0.2709,8.82,1.165,0.077,2691,Generated based on literature patterns,0.2857142857142857,448.5,7.897668150726906,2.449489742783178,low
Synthetic_04470,generated,neurology,RR,40,2021,20,66.46,0.0688,112.1,0.636,0.234,1169,Generated based on literature patterns,2.0,29.225,7.063903961472068,6.324555320336759,substantial
Synthetic_04471,generated,oncology,MD,6,2025,6,79.14,1.2509,40.39,1.311,0.194,1471,Generated based on literature patterns,1.0,245.16666666666666,7.293697720601438,2.449489742783178,high
Synthetic_04472,generated,infectious_disease,SMD,15,2019,10,8.43,0.0331,10.28,0.308,0.114,2014,Generated based on literature patterns,1.5,134.26666666666668,7.607878073278507,3.872983346207417,low
Synthetic_04473,generated,psychiatry,RR,14,2004,14,62.92,0.1217,56.06,0.593,0.059,7023,Generated based on literature patterns,1.0,501.64285714285717,8.856945756159021,3.7416573867739413,substantial
Synthetic_04474,generated,endocrinology,MD,13,2013,3,30.94,0.4877,16.33,-0.215,0.283,703,Generated based on literature patterns,4.333333333333333,54.07692307692308,6.555356891810665,3.605551275463989,moderate
Synthetic_04475,generated,rheumatology,SMD,8,2003,5,30.51,0.1356,15.1,0.05,0.288,539,Generated based on literature patterns,1.6,67.375,6.289715570908998,2.8284271247461903,moderate
Synthetic_04476,generated,neurology,HR,14,2005,9,70.06,0.2039,44.81,2.671,0.078,3559,Generated based on literature patterns,1.5555555555555556,254.21428571428572,8.177234885510194,3.7416573867739413,substantial
Synthetic_04477,generated,dermatology,COR,7,2012,3,38.46,0.2613,18.78,0.565,0.072,5285,Generated based on literature patterns,2.3333333333333335,755.0,8.572627898304338,2.6457513110645907,moderate
Synthetic_04478,generated,neurology,SMD,8,2009,23,78.73,0.8072,38.47,-0.234,0.087,14442,Generated based on literature patterns,0.34782608695652173,1805.25,9.577895907011127,2.8284271247461903,high
Synthetic_04479,generated,ophthalmology,MD,5,2007,3,30.12,0.4587,9.66,-1.089,0.061,6197,Generated based on literature patterns,1.6666666666666667,1239.4,8.731820582962108,2.23606797749979,moderate
Synthetic_04480,generated,rheumatology,SMD,21,2006,10,6.11,0.0529,21.99,0.454,0.08,4325,Generated based on literature patterns,2.1,205.95238095238096,8.37216741936598,4.58257569495584,low
Synthetic_04481,generated,oncology,HR,12,2008,7,46.78,0.1925,36.11,0.719,0.12,2849,Generated based on literature patterns,1.7142857142857142,237.41666666666666,7.954723334497908,3.4641016151377544,moderate
Synthetic_04482,generated,dermatology,HR,27,2009,3,83.37,0.1802,141.97,1.641,0.125,5776,Generated based on literature patterns,9.0,213.92592592592592,8.661466680572662,5.196152422706632,high
Synthetic_04483,generated,nephrology,COR,6,2017,8,2.82,0.094,10.48,0.037,0.221,2408,Generated based on literature patterns,0.75,401.3333333333333,7.786551806428712,2.449489742783178,low
Synthetic_04484,generated,dermatology,HR,22,2016,5,3.63,0.0272,12.66,0.869,0.049,14672,Generated based on literature patterns,4.4,666.9090909090909,9.593696194496246,4.69041575982343,low
Synthetic_04485,generated,pulmonology,HR,11,2009,5,32.86,0.1347,14.88,2.458,0.06,3377,Generated based on literature patterns,2.2,307.0,8.124743020385568,3.3166247903554,moderate
Synthetic_04486,generated,infectious_disease,SMD,6,2006,8,29.45,0.1207,7.17,0.376,0.604,100,Generated based on literature patterns,0.75,16.666666666666668,4.605170185988092,2.449489742783178,moderate
Synthetic_04487,generated,immunology,RR,15,2010,15,79.09,0.2437,53.79,1.67,0.373,1634,Generated based on literature patterns,1.0,108.93333333333334,7.3987862754199485,3.872983346207417,high
Synthetic_04488,generated,ophthalmology,RR,5,2008,3,7.84,0.015,13.17,0.791,0.152,1706,Generated based on literature patterns,1.6666666666666667,341.2,7.441906728051625,2.23606797749979,low
Synthetic_04489,generated,oncology,OR,26,2005,18,80.58,0.3798,123.21,0.955,0.158,2935,Generated based on literature patterns,1.4444444444444444,112.88461538461539,7.984462732262196,5.0990195135927845,high
Synthetic_04490,generated,dermatology,SMD,15,2010,15,67.94,0.1447,80.19,0.819,0.119,6070,Generated based on literature patterns,1.0,404.6666666666667,8.711113884053544,3.872983346207417,substantial
Synthetic_04491,generated,gastroenterology,COR,34,2013,19,8.02,0.2276,46.23,0.231,0.04,11672,Generated based on literature patterns,1.7894736842105263,343.29411764705884,9.364948090202622,5.830951894845301,low
Synthetic_04492,generated,dermatology,SMD,7,2020,15,62.5,0.2312,17.96,0.066,0.055,14116,Generated based on literature patterns,0.4666666666666667,2016.5714285714287,9.55506418479516,2.6457513110645907,substantial
Synthetic_04493,generated,urology,OR,14,2010,6,5.08,0.0186,16.13,0.807,0.129,1067,Generated based on literature patterns,2.3333333333333335,76.21428571428571,6.9726062513017535,3.7416573867739413,low
Synthetic_04494,generated,gastroenterology,MD,6,2012,11,79.68,1.0509,29.08,4.163,0.968,169,Generated based on literature patterns,0.5454545454545454,28.166666666666668,5.1298987149230735,2.449489742783178,high
Synthetic_04495,generated,nephrology,SMD,38,2012,25,66.45,0.2825,91.99,0.345,0.406,317,Generated based on literature patterns,1.52,8.342105263157896,5.75890177387728,6.164414002968976,substantial
Synthetic_04496,generated,pulmonology,MD,36,2009,12,0.95,0.0592,43.63,-0.425,0.117,2261,Generated based on literature patterns,3.0,62.80555555555556,7.72356247227797,6.0,low
Synthetic_04497,generated,gastroenterology,RR,14,2022,10,38.99,0.109,17.64,0.676,0.048,6935,Generated based on literature patterns,1.4,495.35714285714283,8.844336332748933,3.7416573867739413,moderate
Synthetic_04498,generated,nephrology,MD,13,2012,20,43.16,0.649,31.54,-2.162,0.526,381,Generated based on literature patterns,0.65,29.307692307692307,5.942799375126701,3.605551275463989,moderate
Synthetic_04499,generated,endocrinology,OR,8,2004,4,55.0,0.1307,19.81,0.591,0.321,503,Generated based on literature patterns,2.0,62.875,6.220590170099739,2.8284271247461903,substantial
Synthetic_04500,generated,gastroenterology,SMD,14,2019,3,60.11,0.1441,44.04,-0.249,0.116,3004,Generated based on literature patterns,4.666666666666667,214.57142857142858,8.007700012884026,3.7416573867739413,substantial
Synthetic_04501,generated,rheumatology,MD,5,2011,3,7.41,0.2627,10.73,2.079,0.262,1273,Generated based on literature patterns,1.6666666666666667,254.6,7.149131598557407,2.23606797749979,low
Synthetic_04502,generated,endocrinology,COR,5,2016,4,31.87,0.4289,8.17,0.265,0.217,604,Generated based on literature patterns,1.25,120.8,6.403574197934815,2.23606797749979,moderate
Synthetic_04503,generated,ophthalmology,RR,6,2012,4,80.01,0.1144,25.21,0.483,0.196,2083,Generated based on literature patterns,1.5,347.1666666666667,7.641564441260972,2.449489742783178,high
Synthetic_04504,generated,rheumatology,COR,5,2022,16,78.51,2.0176,14.11,-0.021,0.872,102,Generated based on literature patterns,0.3125,20.4,4.624972813284271,2.23606797749979,high
Synthetic_04505,generated,dermatology,SMD,11,2012,3,38.0,0.173,31.16,0.273,0.117,2533,Generated based on literature patterns,3.6666666666666665,230.27272727272728,7.837159650001675,3.3166247903554,moderate
Synthetic_04506,generated,endocrinology,RR,13,2011,11,33.27,0.0397,16.23,0.669,0.139,672,Generated based on literature patterns,1.1818181818181819,51.69230769230769,6.51025834052315,3.605551275463989,moderate
Synthetic_04507,generated,ophthalmology,COR,30,2009,3,64.31,1.4576,78.43,-0.086,0.05,22353,Generated based on literature patterns,10.0,745.1,10.014715819221838,5.477225575051661,substantial
Synthetic_04508,generated,psychiatry,COR,16,2004,6,4.91,0.057,16.26,-0.142,0.071,1564,Generated based on literature patterns,2.6666666666666665,97.75,7.355001921105257,4.0,low
Synthetic_04509,generated,nephrology,COR,10,1998,9,44.67,0.7512,23.8,-0.205,0.081,4633,Generated based on literature patterns,1.1111111111111112,463.3,8.440959885416648,3.1622776601683795,moderate
Synthetic_04510,generated,nephrology,COR,13,2011,9,32.77,0.2782,14.02,-0.206,0.056,6609,Generated based on literature patterns,1.4444444444444444,508.38461538461536,8.796187635470453,3.605551275463989,moderate
Synthetic_04511,generated,rheumatology,MD,11,2024,9,64.21,1.0012,29.05,-0.09,0.202,1322,Generated based on literature patterns,1.2222222222222223,120.18181818181819,7.186901020411631,3.3166247903554,substantial
Synthetic_04512,generated,oncology,COR,6,1994,12,28.27,0.4841,7.46,-0.067,0.059,4094,Generated based on literature patterns,0.5,682.3333333333334,8.317277766221235,2.449489742783178,moderate
Synthetic_04513,generated,infectious_disease,HR,10,2013,3,65.28,0.1265,29.16,1.189,0.098,2083,Generated based on literature patterns,3.3333333333333335,208.3,7.641564441260972,3.1622776601683795,substantial
Synthetic_04514,generated,infectious_disease,HR,12,2011,3,67.48,0.2711,27.19,0.786,0.096,10268,Generated based on literature patterns,4.0,855.6666666666666,9.236787541991031,3.4641016151377544,substantial
Synthetic_04515,generated,nephrology,OR,10,2015,5,1.36,0.0162,16.43,1.062,0.245,1049,Generated based on literature patterns,2.0,104.9,6.955592608396297,3.1622776601683795,low
Synthetic_04516,generated,psychiatry,SMD,13,2014,3,59.05,0.2005,42.22,0.617,0.033,38561,Generated based on literature patterns,4.333333333333333,2966.230769230769,10.55999668199817,3.605551275463989,substantial
Synthetic_04517,generated,nephrology,SMD,9,2015,9,5.34,0.0413,7.52,0.968,0.154,917,Generated based on literature patterns,1.0,101.88888888888889,6.821107472256465,3.0,low
Synthetic_04518,generated,infectious_disease,COR,27,2004,5,45.18,0.3692,48.32,0.427,0.295,964,Generated based on literature patterns,5.4,35.7037037037037,6.871091294610546,5.196152422706632,moderate
Synthetic_04519,generated,endocrinology,COR,26,2022,13,40.34,0.5352,42.06,0.414,0.202,1498,Generated based on literature patterns,2.0,57.61538461538461,7.311886164077165,5.0990195135927845,moderate
Synthetic_04520,generated,oncology,RR,16,2016,5,40.07,0.172,18.03,0.714,0.145,3141,Generated based on literature patterns,3.2,196.3125,8.052296499538647,4.0,moderate
Synthetic_04521,generated,urology,MD,10,2021,4,61.96,0.5625,32.6,0.286,0.064,21546,Generated based on literature patterns,2.5,2154.6,9.977945463454137,3.1622776601683795,substantial
Synthetic_04522,generated,cardiology,MD,5,2001,7,78.46,1.3615,13.53,-0.493,0.456,1204,Generated based on literature patterns,0.7142857142857143,240.8,7.093404625868766,2.23606797749979,high
Synthetic_04523,generated,dermatology,OR,5,2011,6,63.1,0.1382,9.9,0.88,0.27,1026,Generated based on literature patterns,0.8333333333333334,205.2,6.933423025730715,2.23606797749979,substantial
Synthetic_04524,generated,nephrology,SMD,16,2001,5,2.08,0.0384,5.52,-0.111,0.103,983,Generated based on literature patterns,3.2,61.4375,6.890609120147166,4.0,low
Synthetic_04525,generated,infectious_disease,SMD,46,2015,24,1.17,0.0171,45.6,0.213,0.097,2910,Generated based on literature patterns,1.9166666666666667,63.26086956521739,7.975908360165538,6.782329983125268,low
Synthetic_04526,generated,gastroenterology,MD,24,2011,14,79.81,0.6253,136.39,0.973,0.346,218,Generated based on literature patterns,1.7142857142857142,9.083333333333334,5.384495062789089,4.898979485566356,high
Synthetic_04527,generated,cardiology,COR,9,2007,3,85.71,0.8989,60.38,-0.181,0.196,2086,Generated based on literature patterns,3.0,231.77777777777777,7.643003635560718,3.0,high
Synthetic_04528,generated,gastroenterology,RR,18,2017,10,72.46,0.1215,76.51,0.429,0.158,4183,Generated based on literature patterns,1.8,232.38888888888889,8.338783971442199,4.242640687119285,substantial
Synthetic_04529,generated,pulmonology,RR,15,2018,8,53.48,0.1568,25.16,1.012,0.096,5773,Generated based on literature patterns,1.875,384.8666666666667,8.660947155060933,3.872983346207417,substantial
Synthetic_04530,generated,rheumatology,COR,17,2016,15,88.93,2.496,145.87,-0.323,0.707,123,Generated based on literature patterns,1.1333333333333333,7.235294117647059,4.812184355372417,4.123105625617661,high
Synthetic_04531,generated,gastroenterology,COR,69,2007,7,6.74,0.22,86.83,-0.154,0.216,789,Generated based on literature patterns,9.857142857142858,11.434782608695652,6.670766320845874,8.306623862918075,low
Synthetic_04532,generated,ophthalmology,COR,37,2010,3,56.5,0.5331,74.15,0.246,0.687,100,Generated based on literature patterns,12.333333333333334,2.7027027027027026,4.605170185988092,6.082762530298219,substantial
Synthetic_04533,generated,pulmonology,HR,14,2003,6,39.34,0.0964,28.42,0.394,0.106,6600,Generated based on literature patterns,2.3333333333333335,471.42857142857144,8.794824928014517,3.7416573867739413,moderate
Synthetic_04534,generated,nephrology,COR,13,2005,14,82.03,1.5596,49.02,-0.109,0.097,3886,Generated based on literature patterns,0.9285714285714286,298.9230769230769,8.265135629937385,3.605551275463989,high
Synthetic_04535,generated,dermatology,COR,11,2002,5,11.0,0.4745,14.43,-0.137,0.065,4861,Generated based on literature patterns,2.2,441.90909090909093,8.488999457045455,3.3166247903554,low
Synthetic_04536,generated,ophthalmology,COR,10,2004,6,5.6,0.135,20.09,0.437,0.071,5458,Generated based on literature patterns,1.6666666666666667,545.8,8.604837701268284,3.1622776601683795,low
Synthetic_04537,generated,urology,RR,21,2002,10,41.51,0.0812,37.36,1.241,0.097,2921,Generated based on literature patterns,2.1,139.0952380952381,7.979681302387741,4.58257569495584,moderate
Synthetic_04538,generated,endocrinology,RR,6,2012,3,33.0,0.1404,7.58,1.13,0.165,3001,Generated based on literature patterns,2.0,500.1666666666667,8.006700845440367,2.449489742783178,moderate
Synthetic_04539,generated,pulmonology,SMD,5,2004,5,84.16,0.3642,45.84,0.243,0.108,4775,Generated based on literature patterns,1.0,955.0,8.471149252914831,2.23606797749979,high
Synthetic_04540,generated,psychiatry,RR,41,2014,9,28.38,0.0749,64.67,0.63,0.115,1426,Generated based on literature patterns,4.555555555555555,34.78048780487805,7.262628600974241,6.4031242374328485,moderate
Synthetic_04541,generated,nephrology,HR,22,2016,3,33.34,0.1206,42.2,0.868,0.084,3262,Generated based on literature patterns,7.333333333333333,148.27272727272728,8.09009578318096,4.69041575982343,moderate
Synthetic_04542,generated,immunology,COR,16,2011,3,63.74,0.6252,59.96,0.118,0.533,167,Generated based on literature patterns,5.333333333333333,10.4375,5.117993812416755,4.0,substantial
Synthetic_04543,generated,ophthalmology,HR,7,2022,3,77.2,0.3659,23.66,1.714,0.772,161,Generated based on literature patterns,2.3333333333333335,23.0,5.081404364984463,2.6457513110645907,high
Synthetic_04544,generated,neurology,HR,8,2010,11,42.26,0.063,5.71,2.321,0.128,3211,Generated based on literature patterns,0.7272727272727273,401.375,8.074337694089515,2.8284271247461903,moderate
Synthetic_04545,generated,dermatology,HR,10,2012,9,69.08,0.1133,28.99,0.796,0.137,5493,Generated based on literature patterns,1.1111111111111112,549.3,8.61122983334262,3.1622776601683795,substantial
Synthetic_04546,generated,ophthalmology,RR,5,2020,6,60.92,0.1502,10.56,0.551,0.075,17330,Generated based on literature patterns,0.8333333333333334,3466.0,9.760194382709651,2.23606797749979,substantial
Synthetic_04547,generated,urology,HR,6,2005,14,42.99,0.0317,9.93,1.409,0.03,20623,Generated based on literature patterns,0.42857142857142855,3437.1666666666665,9.934162236804047,2.449489742783178,moderate
Synthetic_04548,generated,rheumatology,RR,10,2005,3,81.1,0.1266,59.02,2.577,0.197,1719,Generated based on literature patterns,3.3333333333333335,171.9,7.449498005382849,3.1622776601683795,high
Synthetic_04549,generated,ophthalmology,COR,6,2004,15,2.43,0.0569,5.31,-0.147,0.053,3919,Generated based on literature patterns,0.4,653.1666666666666,8.273591798199632,2.449489742783178,low
Synthetic_04550,generated,pulmonology,MD,10,2014,4,82.15,0.8543,55.89,2.18,0.258,3061,Generated based on literature patterns,2.5,306.1,8.026496938945412,3.1622776601683795,high
Synthetic_04551,generated,immunology,OR,8,2007,14,2.78,0.0246,14.39,0.829,0.038,5890,Generated based on literature patterns,0.5714285714285714,736.25,8.681011276645632,2.8284271247461903,low
Synthetic_04552,generated,infectious_disease,HR,11,2005,3,7.85,0.0199,21.06,1.683,0.118,3194,Generated based on literature patterns,3.6666666666666665,290.3636363636364,8.069029328774958,3.3166247903554,low
Synthetic_04553,generated,neurology,MD,15,2003,11,38.33,0.4599,20.48,-0.5,0.073,4934,Generated based on literature patterns,1.3636363636363635,328.93333333333334,8.503905297089302,3.872983346207417,moderate
Synthetic_04554,generated,gastroenterology,SMD,12,2006,5,35.45,0.1202,11.02,-0.266,0.129,1852,Generated based on literature patterns,2.4,154.33333333333334,7.524021415206125,3.4641016151377544,moderate
Synthetic_04555,generated,dermatology,MD,29,2002,5,87.56,1.4203,257.15,-1.078,0.163,2535,Generated based on literature patterns,5.8,87.41379310344827,7.837948916025283,5.385164807134504,high
Synthetic_04556,generated,rheumatology,RR,11,2014,3,67.34,0.1485,38.82,0.64,0.131,5620,Generated based on literature patterns,3.6666666666666665,510.90909090909093,8.634086942887738,3.3166247903554,substantial
Synthetic_04557,generated,infectious_disease,COR,5,2012,12,32.6,0.4771,12.78,-0.382,0.631,157,Generated based on literature patterns,0.4166666666666667,31.4,5.056245805348308,2.23606797749979,moderate
Synthetic_04558,generated,urology,RR,18,2000,8,85.22,0.24,120.07,1.324,0.135,3788,Generated based on literature patterns,2.25,210.44444444444446,8.239593454305968,4.242640687119285,high
Synthetic_04559,generated,neurology,SMD,6,2003,11,26.27,0.1251,8.57,0.286,0.232,1626,Generated based on literature patterns,0.5454545454545454,271.0,7.3938782901077555,2.449489742783178,moderate
Synthetic_04560,generated,ophthalmology,MD,21,2016,18,54.12,0.5357,71.65,0.495,0.23,1937,Generated based on literature patterns,1.1666666666666667,92.23809523809524,7.5688956634069955,4.58257569495584,substantial
Synthetic_04561,generated,psychiatry,COR,40,2013,4,94.17,0.6672,712.65,-0.339,0.322,783,Generated based on literature patterns,10.0,19.575,6.663132695990803,6.324555320336759,high
Synthetic_04562,generated,dermatology,HR,6,2008,4,52.67,0.1869,6.72,0.315,0.331,997,Generated based on literature patterns,1.5,166.16666666666666,6.904750769961838,2.449489742783178,substantial
Synthetic_04563,generated,neurology,MD,9,2004,14,13.02,0.1907,12.49,-2.302,0.176,2012,Generated based on literature patterns,0.6428571428571429,223.55555555555554,7.60688453121963,3.0,low
Synthetic_04564,generated,rheumatology,MD,9,2015,26,56.16,1.0738,33.35,-0.167,0.131,2653,Generated based on literature patterns,0.34615384615384615,294.77777777777777,7.88344635413774,3.0,substantial
Synthetic_04565,generated,endocrinology,COR,7,2014,8,63.11,1.2317,10.19,-0.548,0.129,4706,Generated based on literature patterns,0.875,672.2857142857143,8.456593569287309,2.6457513110645907,substantial
Synthetic_04566,generated,dermatology,MD,16,2023,3,37.35,0.5692,36.27,2.78,0.446,201,Generated based on literature patterns,5.333333333333333,12.5625,5.303304908059076,4.0,moderate
Synthetic_04567,generated,infectious_disease,SMD,6,2023,4,65.65,0.3135,14.16,-0.781,0.188,1928,Generated based on literature patterns,1.5,321.3333333333333,7.564238475170491,2.449489742783178,substantial
Synthetic_04568,generated,neurology,MD,16,2017,11,40.39,0.354,26.0,0.523,0.32,315,Generated based on literature patterns,1.4545454545454546,19.6875,5.752572638825633,4.0,moderate
Synthetic_04569,generated,rheumatology,RR,13,2014,8,59.8,0.1851,64.45,0.777,0.538,402,Generated based on literature patterns,1.625,30.923076923076923,5.996452088619021,3.605551275463989,substantial
Synthetic_04570,generated,psychiatry,HR,18,2009,8,42.75,0.1303,19.7,1.668,0.109,11657,Generated based on literature patterns,2.25,647.6111111111111,9.363662136919832,4.242640687119285,moderate
Synthetic_04571,generated,pulmonology,COR,22,2027,6,40.33,0.3913,44.98,0.246,0.097,3406,Generated based on literature patterns,3.6666666666666665,154.8181818181818,8.133293861222633,4.69041575982343,moderate
Synthetic_04572,generated,infectious_disease,RR,8,2002,9,63.58,0.2662,34.82,0.824,0.014,144046,Generated based on literature patterns,0.8888888888888888,18005.75,11.877887971991068,2.8284271247461903,substantial
Synthetic_04573,generated,oncology,HR,5,2018,12,45.41,0.101,10.48,0.566,0.18,1634,Generated based on literature patterns,0.4166666666666667,326.8,7.3987862754199485,2.23606797749979,moderate
Synthetic_04574,generated,ophthalmology,HR,25,2017,8,27.38,0.102,32.13,0.999,0.084,4662,Generated based on literature patterns,3.125,186.48,8.447199819595703,5.0,moderate
Synthetic_04575,generated,urology,RR,5,2018,5,80.07,0.2284,21.18,1.125,0.054,12142,Generated based on literature patterns,1.0,2428.4,9.40442579569038,2.23606797749979,high
Synthetic_04576,generated,rheumatology,SMD,20,1999,7,40.04,0.1986,30.99,-0.062,0.507,100,Generated based on literature patterns,2.857142857142857,5.0,4.605170185988092,4.47213595499958,moderate
Synthetic_04577,generated,cardiology,MD,26,2005,3,55.08,0.9884,49.25,-4.168,0.281,958,Generated based on literature patterns,8.666666666666666,36.84615384615385,6.86484777797086,5.0990195135927845,substantial
Synthetic_04578,generated,pulmonology,MD,14,2015,17,79.25,0.9349,78.33,-0.267,0.186,1633,Generated based on literature patterns,0.8235294117647058,116.64285714285714,7.398174092970465,3.7416573867739413,high
Synthetic_04579,generated,dermatology,HR,8,2010,3,3.37,0.0072,9.97,0.594,0.146,755,Generated based on literature patterns,2.6666666666666665,94.375,6.626717749249025,2.8284271247461903,low
Synthetic_04580,generated,gastroenterology,HR,8,2003,3,4.56,0.022,7.57,0.924,0.059,9121,Generated based on literature patterns,2.6666666666666665,1140.125,9.118334726180159,2.8284271247461903,low
Synthetic_04581,generated,urology,OR,16,2012,3,37.71,0.1521,29.14,1.202,0.184,2071,Generated based on literature patterns,5.333333333333333,129.4375,7.635786861395585,4.0,moderate
Synthetic_04582,generated,urology,COR,11,2009,3,34.93,0.9211,19.47,0.156,0.204,1157,Generated based on literature patterns,3.6666666666666665,105.18181818181819,7.053585727193677,3.3166247903554,moderate
Synthetic_04583,generated,oncology,RR,13,2011,5,57.79,0.1298,29.65,0.784,0.287,596,Generated based on literature patterns,2.6,45.84615384615385,6.39024066706535,3.605551275463989,substantial
Synthetic_04584,generated,immunology,MD,9,2015,10,27.8,0.7057,7.73,0.069,0.21,2241,Generated based on literature patterns,0.9,249.0,7.714677473800927,3.0,moderate
Synthetic_04585,generated,ophthalmology,OR,7,2018,6,84.72,0.1845,34.58,0.793,0.126,1871,Generated based on literature patterns,1.1666666666666667,267.2857142857143,7.534228326274089,2.6457513110645907,high
Synthetic_04586,generated,rheumatology,HR,7,2016,19,57.4,0.2964,11.39,0.731,0.965,270,Generated based on literature patterns,0.3684210526315789,38.57142857142857,5.598421958998375,2.6457513110645907,substantial
Synthetic_04587,generated,immunology,HR,9,2011,7,42.86,0.1373,24.61,2.571,0.057,25243,Generated based on literature patterns,1.2857142857142858,2804.777777777778,10.136304168546024,3.0,moderate
Synthetic_04588,generated,immunology,RR,12,2007,9,35.02,0.103,12.41,1.249,0.26,997,Generated based on literature patterns,1.3333333333333333,83.08333333333333,6.904750769961838,3.4641016151377544,moderate
Synthetic_04589,generated,gastroenterology,SMD,11,2018,11,7.69,0.1156,17.81,-1.205,0.161,1171,Generated based on literature patterns,1.0,106.45454545454545,7.065613363597717,3.3166247903554,low
Synthetic_04590,generated,psychiatry,COR,12,2007,12,0.65,0.0382,13.61,-0.444,0.147,517,Generated based on literature patterns,1.0,43.083333333333336,6.248042874508429,3.4641016151377544,low
Synthetic_04591,generated,oncology,MD,5,2012,3,2.05,0.0542,5.61,-0.836,0.225,622,Generated based on literature patterns,1.6666666666666667,124.4,6.432940092739179,2.23606797749979,low
Synthetic_04592,generated,psychiatry,MD,11,1995,12,55.32,0.9839,32.58,-0.369,0.071,5447,Generated based on literature patterns,0.9166666666666666,495.1818181818182,8.602820277383675,3.3166247903554,substantial
Synthetic_04593,generated,infectious_disease,COR,8,2004,6,42.08,0.4016,14.39,0.094,0.074,5832,Generated based on literature patterns,1.3333333333333333,729.0,8.671115273688494,2.8284271247461903,moderate
Synthetic_04594,generated,rheumatology,SMD,24,2015,3,86.69,0.3784,188.29,0.074,0.407,492,Generated based on literature patterns,8.0,20.5,6.198478716492308,4.898979485566356,high
Synthetic_04595,generated,endocrinology,OR,7,2016,24,62.89,0.0671,12.49,0.839,0.492,146,Generated based on literature patterns,0.2916666666666667,20.857142857142858,4.983606621708336,2.6457513110645907,substantial
Synthetic_04596,generated,nephrology,RR,26,2014,3,4.08,0.0165,19.93,1.208,0.411,205,Generated based on literature patterns,8.666666666666666,7.884615384615385,5.3230099791384085,5.0990195135927845,low
Synthetic_04597,generated,pulmonology,HR,11,2022,10,9.22,0.0196,14.72,0.697,0.178,558,Generated based on literature patterns,1.1,50.72727272727273,6.324358962381311,3.3166247903554,low
Synthetic_04598,generated,urology,COR,15,2002,10,63.62,0.8091,44.25,0.371,0.373,408,Generated based on literature patterns,1.5,27.2,6.0112671744041615,3.872983346207417,substantial
Synthetic_04599,generated,psychiatry,OR,7,2015,4,6.59,0.0427,9.78,1.185,0.109,874,Generated based on literature patterns,1.75,124.85714285714286,6.773080375655535,2.6457513110645907,low
Synthetic_04600,generated,ophthalmology,COR,13,2003,6,73.43,0.8913,45.34,-0.346,0.075,7003,Generated based on literature patterns,2.1666666666666665,538.6923076923077,8.854093907655518,3.605551275463989,substantial
Synthetic_04601,generated,gastroenterology,RR,8,2014,3,56.23,0.2778,12.89,1.366,0.329,451,Generated based on literature patterns,2.6666666666666665,56.375,6.111467339502679,2.8284271247461903,substantial
Synthetic_04602,generated,nephrology,MD,8,2006,18,55.96,0.5133,16.51,0.352,0.109,3087,Generated based on literature patterns,0.4444444444444444,385.875,8.034955024502159,2.8284271247461903,substantial
Synthetic_04603,generated,infectious_disease,OR,12,2004,3,41.11,0.1203,20.15,0.856,0.268,982,Generated based on literature patterns,4.0,81.83333333333333,6.889591308354466,3.4641016151377544,moderate
Synthetic_04604,generated,psychiatry,OR,16,2009,11,43.03,0.1737,20.37,1.066,0.078,2490,Generated based on literature patterns,1.4545454545454546,155.625,7.820037989458753,4.0,moderate
Synthetic_04605,generated,endocrinology,COR,6,2014,17,75.55,1.606,17.59,-0.089,0.518,360,Generated based on literature patterns,0.35294117647058826,60.0,5.886104031450156,2.449489742783178,high
Synthetic_04606,generated,oncology,HR,6,2009,7,6.04,0.0086,6.49,0.542,0.056,8121,Generated based on literature patterns,0.8571428571428571,1353.5,9.002208578282412,2.449489742783178,low
Synthetic_04607,generated,urology,OR,10,2017,9,43.65,0.0996,14.09,1.428,0.47,329,Generated based on literature patterns,1.1111111111111112,32.9,5.796057750765372,3.1622776601683795,moderate
Synthetic_04608,generated,neurology,MD,10,2028,13,3.68,0.0395,6.02,-1.964,0.161,2874,Generated based on literature patterns,0.7692307692307693,287.4,7.96346006663897,3.1622776601683795,low
Synthetic_04609,generated,infectious_disease,OR,6,2002,10,8.23,0.0275,12.51,0.582,0.132,2440,Generated based on literature patterns,0.6,406.6666666666667,7.799753318287247,2.449489742783178,low
Synthetic_04610,generated,dermatology,SMD,21,2029,8,27.29,0.1203,21.38,-0.141,0.154,1601,Generated based on literature patterns,2.625,76.23809523809524,7.3783837129967145,4.58257569495584,moderate
Synthetic_04611,generated,nephrology,RR,36,2015,9,31.21,0.0876,47.52,0.575,0.197,815,Generated based on literature patterns,4.0,22.63888888888889,6.703188113240863,6.0,moderate
Synthetic_04612,generated,nephrology,OR,9,2008,3,1.55,0.023,4.95,1.012,0.159,910,Generated based on literature patterns,3.0,101.11111111111111,6.813444599510896,3.0,low
Synthetic_04613,generated,nephrology,OR,14,2016,10,81.17,0.1617,74.3,1.265,0.225,1411,Generated based on literature patterns,1.4,100.78571428571429,7.252053951852814,3.7416573867739413,high
Synthetic_04614,generated,pulmonology,MD,14,2021,3,56.23,0.7902,20.7,-1.447,0.165,3785,Generated based on literature patterns,4.666666666666667,270.35714285714283,8.23880116587155,3.7416573867739413,substantial
Synthetic_04615,generated,cardiology,SMD,12,2011,11,4.53,0.0248,14.42,-0.273,0.174,301,Generated based on literature patterns,1.0909090909090908,25.083333333333332,5.707110264748875,3.4641016151377544,low
Synthetic_04616,generated,nephrology,OR,35,2016,4,82.25,0.1053,166.3,0.879,0.136,2265,Generated based on literature patterns,8.75,64.71428571428571,7.725330037917135,5.916079783099616,high
Synthetic_04617,generated,rheumatology,HR,13,2010,6,77.33,0.2247,70.45,0.909,0.96,247,Generated based on literature patterns,2.1666666666666665,19.0,5.5093883366279774,3.605551275463989,high
Synthetic_04618,generated,immunology,RR,9,2012,8,5.97,0.0291,10.28,0.73,0.062,6604,Generated based on literature patterns,1.125,733.7777777777778,8.795430805040018,3.0,low
Synthetic_04619,generated,endocrinology,OR,12,2008,6,51.42,0.1222,23.62,0.903,0.561,220,Generated based on literature patterns,2.0,18.333333333333332,5.393627546352362,3.4641016151377544,substantial
Synthetic_04620,generated,pulmonology,MD,21,2013,8,8.3,0.1491,18.44,2.266,0.181,1254,Generated based on literature patterns,2.625,59.714285714285715,7.134093721192866,4.58257569495584,low
Synthetic_04621,generated,oncology,RR,9,2015,8,83.78,0.1823,54.16,0.592,0.328,429,Generated based on literature patterns,1.125,47.666666666666664,6.061456918928017,3.0,high
Synthetic_04622,generated,rheumatology,RR,10,2019,5,77.72,0.285,35.77,2.207,0.204,2154,Generated based on literature patterns,2.0,215.4,7.675081857716334,3.1622776601683795,high
Synthetic_04623,generated,gastroenterology,COR,24,2016,4,35.73,0.636,33.51,-0.373,0.464,334,Generated based on literature patterns,6.0,13.916666666666666,5.811140992976701,4.898979485566356,moderate
Synthetic_04624,generated,dermatology,OR,10,2016,5,43.09,0.0926,25.37,0.797,0.123,3928,Generated based on literature patterns,2.0,392.8,8.275885669474356,3.1622776601683795,moderate
Synthetic_04625,generated,neurology,OR,6,1993,20,4.07,0.0074,1.84,1.276,0.663,100,Generated based on literature patterns,0.3,16.666666666666668,4.605170185988092,2.449489742783178,low
Synthetic_04626,generated,infectious_disease,SMD,39,2017,16,7.82,0.0423,45.59,-0.231,0.095,2371,Generated based on literature patterns,2.4375,60.794871794871796,7.771067086065406,6.244997998398398,low
Synthetic_04627,generated,psychiatry,MD,10,2016,5,36.57,0.3163,21.4,-1.382,0.169,1135,Generated based on literature patterns,2.0,113.5,7.034387929915503,3.1622776601683795,moderate
Synthetic_04628,generated,pulmonology,RR,11,2022,3,1.61,0.0143,5.66,0.917,0.329,174,Generated based on literature patterns,3.6666666666666665,15.818181818181818,5.159055299214529,3.3166247903554,low
Synthetic_04629,generated,infectious_disease,COR,5,2007,15,66.89,1.4087,13.58,-0.085,0.267,1476,Generated based on literature patterns,0.3333333333333333,295.2,7.297091005160418,2.23606797749979,substantial
Synthetic_04630,generated,nephrology,MD,5,2012,3,77.69,0.4001,21.2,0.407,0.293,930,Generated based on literature patterns,1.6666666666666667,186.0,6.835184586147301,2.23606797749979,high
Synthetic_04631,generated,immunology,HR,17,2013,4,7.59,0.0344,15.78,1.194,0.057,2550,Generated based on literature patterns,4.25,150.0,7.843848638152472,4.123105625617661,low
Synthetic_04632,generated,cardiology,COR,23,2020,13,80.37,1.3144,109.62,0.135,0.524,330,Generated based on literature patterns,1.7692307692307692,14.347826086956522,5.799092654460526,4.795831523312719,high
Synthetic_04633,generated,gastroenterology,HR,16,2003,6,5.43,0.0232,32.92,0.389,0.217,630,Generated based on literature patterns,2.6666666666666665,39.375,6.4457198193855785,4.0,low
Synthetic_04634,generated,neurology,SMD,22,2026,3,31.03,0.117,30.18,0.236,0.324,317,Generated based on literature patterns,7.333333333333333,14.409090909090908,5.75890177387728,4.69041575982343,moderate
Synthetic_04635,generated,urology,HR,13,2013,3,1.81,0.045,10.54,0.899,0.118,1799,Generated based on literature patterns,4.333333333333333,138.3846153846154,7.4949862339505335,3.605551275463989,low
Synthetic_04636,generated,rheumatology,COR,14,2004,20,80.71,3.644,63.79,0.323,0.129,1797,Generated based on literature patterns,0.7,128.35714285714286,7.493873886783559,3.7416573867739413,high
Synthetic_04637,generated,ophthalmology,SMD,13,2018,19,67.05,0.4736,40.11,0.57,0.328,1294,Generated based on literature patterns,0.6842105263157895,99.53846153846153,7.165493475060845,3.605551275463989,substantial
Synthetic_04638,generated,endocrinology,RR,18,2003,5,57.53,0.0698,35.55,1.012,0.323,403,Generated based on literature patterns,3.6,22.38888888888889,5.998936561946683,4.242640687119285,substantial
Synthetic_04639,generated,urology,SMD,6,2003,4,29.57,0.2245,15.1,0.698,0.15,915,Generated based on literature patterns,1.5,152.5,6.818924065275521,2.449489742783178,moderate
Synthetic_04640,generated,cardiology,RR,20,2011,3,67.94,0.1271,64.36,0.932,0.097,2644,Generated based on literature patterns,6.666666666666667,132.2,7.880048200971577,4.47213595499958,substantial
Synthetic_04641,generated,infectious_disease,MD,5,2016,6,3.17,0.0764,7.02,-3.041,0.134,5130,Generated based on literature patterns,0.8333333333333334,1026.0,8.542860938164814,2.23606797749979,low
Synthetic_04642,generated,cardiology,OR,9,2017,15,7.59,0.0214,6.68,0.862,0.048,30556,Generated based on literature patterns,0.6,3395.1111111111113,10.32731634466125,3.0,low
Synthetic_04643,generated,psychiatry,COR,15,2013,8,40.93,0.5954,25.9,0.32,0.628,100,Generated based on literature patterns,1.875,6.666666666666667,4.605170185988092,3.872983346207417,moderate
Synthetic_04644,generated,infectious_disease,HR,10,2012,3,79.86,0.2664,32.78,0.614,0.176,9347,Generated based on literature patterns,3.3333333333333335,934.7,9.142810715182584,3.1622776601683795,high
Synthetic_04645,generated,pulmonology,COR,22,2015,26,1.08,0.0772,12.95,0.114,0.107,1054,Generated based on literature patterns,0.8461538461538461,47.90909090909091,6.960347729101308,4.69041575982343,low
Synthetic_04646,generated,pulmonology,RR,15,2014,3,71.44,0.1903,51.2,1.103,0.198,2245,Generated based on literature patterns,5.0,149.66666666666666,7.716460800176355,3.872983346207417,substantial
Synthetic_04647,generated,ophthalmology,SMD,13,2008,30,61.35,0.1086,25.19,0.286,0.236,395,Generated based on literature patterns,0.43333333333333335,30.384615384615383,5.978885764901122,3.605551275463989,substantial
Synthetic_04648,generated,psychiatry,OR,16,2015,14,36.45,0.0786,23.05,0.565,0.077,4670,Generated based on literature patterns,1.1428571428571428,291.875,8.448914350662942,4.0,moderate
Synthetic_04649,generated,cardiology,COR,38,2006,26,35.22,0.6915,50.39,0.567,0.367,720,Generated based on literature patterns,1.4615384615384615,18.94736842105263,6.579251212010101,6.164414002968976,moderate
Synthetic_04650,generated,oncology,HR,11,2013,3,82.73,0.505,61.8,0.667,0.151,1930,Generated based on literature patterns,3.6666666666666665,175.45454545454547,7.5652752818989315,3.3166247903554,high
Synthetic_04651,generated,rheumatology,COR,5,2016,19,79.01,0.6547,24.66,0.117,0.191,1666,Generated based on literature patterns,0.2631578947368421,333.2,7.418180822726788,2.23606797749979,high
Synthetic_04652,generated,gastroenterology,COR,9,2001,12,79.1,2.5057,62.87,0.239,0.087,4727,Generated based on literature patterns,0.75,525.2222222222222,8.461046030793236,3.0,high
Synthetic_04653,generated,urology,OR,12,2009,3,38.33,0.093,23.03,1.014,0.219,421,Generated based on literature patterns,4.0,35.083333333333336,6.042632833682381,3.4641016151377544,moderate
Synthetic_04654,generated,immunology,SMD,14,2018,7,56.1,0.1574,23.1,0.611,0.046,24583,Generated based on literature patterns,2.0,1755.9285714285713,10.109810426119994,3.7416573867739413,substantial
Synthetic_04655,generated,immunology,COR,14,2008,3,41.57,0.4236,19.07,0.292,0.288,710,Generated based on literature patterns,4.666666666666667,50.714285714285715,6.565264970035361,3.7416573867739413,moderate
Synthetic_04656,generated,oncology,COR,10,2011,8,28.22,0.218,16.33,-0.355,0.165,4273,Generated based on literature patterns,1.25,427.3,8.360071435644025,3.1622776601683795,moderate
Synthetic_04657,generated,dermatology,COR,8,2019,11,83.62,0.5916,32.33,-0.102,0.504,446,Generated based on literature patterns,0.7272727272727273,55.75,6.100318952020064,2.8284271247461903,high
Synthetic_04658,generated,pulmonology,MD,19,2024,4,81.25,1.4383,97.92,1.704,0.176,1124,Generated based on literature patterns,4.75,59.1578947368421,7.024649030453636,4.358898943540674,high
Synthetic_04659,generated,psychiatry,RR,14,2006,7,7.31,0.0176,10.83,1.451,0.068,2655,Generated based on literature patterns,2.0,189.64285714285714,7.884199933676039,3.7416573867739413,low
Synthetic_04660,generated,oncology,COR,6,1999,6,4.93,0.2108,1.65,-0.039,0.077,11406,Generated based on literature patterns,1.0,1901.0,9.341894811716484,2.449489742783178,low
Synthetic_04661,generated,ophthalmology,HR,31,2018,8,46.51,0.163,50.93,0.884,0.038,50196,Generated based on literature patterns,3.875,1619.225806451613,10.823690621230199,5.5677643628300215,moderate
Synthetic_04662,generated,dermatology,SMD,13,2009,7,63.38,0.3263,27.85,-0.364,0.52,324,Generated based on literature patterns,1.8571428571428572,24.923076923076923,5.780743515792329,3.605551275463989,substantial
Synthetic_04663,generated,pulmonology,HR,16,2022,3,51.48,0.0377,34.55,1.435,0.345,216,Generated based on literature patterns,5.333333333333333,13.5,5.375278407684165,4.0,substantial
Synthetic_04664,generated,nephrology,RR,10,2014,3,14.69,0.05,11.08,0.614,0.205,1075,Generated based on literature patterns,3.3333333333333335,107.5,6.980075940561763,3.1622776601683795,low
Synthetic_04665,generated,gastroenterology,SMD,12,2022,5,36.93,0.1222,8.39,0.133,0.571,615,Generated based on literature patterns,2.4,51.25,6.421622267806518,3.4641016151377544,moderate
Synthetic_04666,generated,immunology,MD,9,2014,6,66.82,0.8781,39.66,3.61,0.072,11490,Generated based on literature patterns,1.5,1276.6666666666667,9.3492323708428,3.0,substantial
Synthetic_04667,generated,endocrinology,COR,10,2010,18,5.14,0.1431,10.76,-0.099,0.133,3047,Generated based on literature patterns,0.5555555555555556,304.7,8.021912778985708,3.1622776601683795,low
Synthetic_04668,generated,neurology,COR,8,2012,3,5.73,0.0956,9.41,0.064,0.147,1102,Generated based on literature patterns,2.6666666666666665,137.75,7.004881989712859,2.8284271247461903,low
Synthetic_04669,generated,urology,HR,7,2018,4,76.88,0.1083,36.36,0.396,0.453,550,Generated based on literature patterns,1.75,78.57142857142857,6.309918278226516,2.6457513110645907,high
Synthetic_04670,generated,psychiatry,SMD,5,2000,9,36.39,0.1411,6.91,-0.645,0.093,10078,Generated based on literature patterns,0.5555555555555556,2015.6,9.218110109240543,2.23606797749979,moderate
Synthetic_04671,generated,rheumatology,MD,15,2007,5,26.87,0.3005,39.19,2.6,0.393,174,Generated based on literature patterns,3.0,11.6,5.159055299214529,3.872983346207417,moderate
Synthetic_04672,generated,neurology,SMD,15,2013,15,84.41,0.3469,74.0,-1.072,1.091,132,Generated based on literature patterns,1.0,8.8,4.882801922586371,3.872983346207417,high
Synthetic_04673,generated,dermatology,OR,39,2006,8,6.13,0.031,45.78,1.43,0.138,833,Generated based on literature patterns,4.875,21.358974358974358,6.725033642166843,6.244997998398398,low
Synthetic_04674,generated,urology,OR,14,2007,10,36.65,0.0719,27.01,1.771,0.276,1745,Generated based on literature patterns,1.4,124.64285714285714,7.4645098346365275,3.7416573867739413,moderate
Synthetic_04675,generated,nephrology,RR,31,2015,9,35.61,0.0609,61.66,1.834,0.38,271,Generated based on literature patterns,3.4444444444444446,8.741935483870968,5.602118820879701,5.5677643628300215,moderate
Synthetic_04676,generated,gastroenterology,RR,33,2014,7,6.38,0.0394,32.84,1.776,0.084,2266,Generated based on literature patterns,4.714285714285714,68.66666666666667,7.725771441587952,5.744562646538029,low
Synthetic_04677,generated,ophthalmology,MD,20,2020,10,36.72,0.1755,25.0,-2.362,0.085,4554,Generated based on literature patterns,2.0,227.7,8.423761246623686,4.47213595499958,moderate
Synthetic_04678,generated,endocrinology,COR,10,2013,8,55.28,1.8529,21.03,0.037,0.065,7434,Generated based on literature patterns,1.25,743.4,8.913819350857198,3.1622776601683795,substantial
Synthetic_04679,generated,endocrinology,HR,14,2016,3,4.72,0.0288,25.26,1.144,0.12,1017,Generated based on literature patterns,4.666666666666667,72.64285714285714,6.92461239604856,3.7416573867739413,low
Synthetic_04680,generated,rheumatology,OR,18,2013,7,4.13,0.0085,10.63,1.705,0.111,3018,Generated based on literature patterns,2.5714285714285716,167.66666666666666,8.012349639327795,4.242640687119285,low
Synthetic_04681,generated,cardiology,COR,5,2016,4,5.67,0.1615,5.83,-0.059,0.038,4381,Generated based on literature patterns,1.25,876.2,8.385032287813898,2.23606797749979,low
Synthetic_04682,generated,rheumatology,OR,22,2008,5,35.18,0.0494,22.69,1.145,0.048,6930,Generated based on literature patterns,4.4,315.0,8.84361509218395,4.69041575982343,moderate
Synthetic_04683,generated,psychiatry,OR,15,2018,8,85.37,0.2159,102.76,0.737,0.225,1977,Generated based on literature patterns,1.875,131.8,7.589335823170617,3.872983346207417,high
Synthetic_04684,generated,dermatology,COR,7,1998,7,82.2,1.0195,49.2,0.521,0.173,950,Generated based on literature patterns,1.0,135.71428571428572,6.856461984594587,2.6457513110645907,high
Synthetic_04685,generated,gastroenterology,HR,10,2014,7,56.94,0.2499,24.05,0.744,0.138,2735,Generated based on literature patterns,1.4285714285714286,273.5,7.913886714856082,3.1622776601683795,substantial
Synthetic_04686,generated,pulmonology,OR,15,2012,3,79.71,0.1122,86.04,1.603,0.215,1862,Generated based on literature patterns,5.0,124.13333333333334,7.529406457837013,3.872983346207417,high
Synthetic_04687,generated,neurology,MD,15,2017,6,36.89,1.0069,39.29,2.802,0.045,9833,Generated based on literature patterns,2.5,655.5333333333333,9.193499354780156,3.872983346207417,moderate
Synthetic_04688,generated,cardiology,HR,27,2019,10,83.3,0.2054,146.75,0.512,0.073,11838,Generated based on literature patterns,2.7,438.44444444444446,9.37906997525067,5.196152422706632,high
Synthetic_04689,generated,infectious_disease,HR,18,2008,17,61.64,0.2911,46.85,0.674,0.034,83795,Generated based on literature patterns,1.0588235294117647,4655.277777777777,11.336128618818973,4.242640687119285,substantial
Synthetic_04690,generated,ophthalmology,COR,7,2007,4,57.06,2.5003,23.46,0.331,0.082,7955,Generated based on literature patterns,1.75,1136.4285714285713,8.981555940771887,2.6457513110645907,substantial
Synthetic_04691,generated,immunology,OR,57,2014,13,77.14,0.1342,286.06,1.093,0.19,878,Generated based on literature patterns,4.384615384615385,15.403508771929825,6.777646593635117,7.54983443527075,high
Synthetic_04692,generated,urology,MD,18,2021,6,79.23,0.8501,98.35,-0.348,0.329,559,Generated based on literature patterns,3.0,31.055555555555557,6.326149473155099,4.242640687119285,high
Synthetic_04693,generated,pulmonology,OR,8,2021,5,4.1,0.0201,7.19,0.931,0.124,2579,Generated based on literature patterns,1.6,322.375,7.8551570058813445,2.8284271247461903,low
Synthetic_04694,generated,gastroenterology,HR,15,2015,4,5.71,0.0127,23.39,1.248,0.685,100,Generated based on literature patterns,3.75,6.666666666666667,4.605170185988092,3.872983346207417,low
Synthetic_04695,generated,dermatology,SMD,14,2012,3,61.16,0.3043,28.79,0.039,0.051,6678,Generated based on literature patterns,4.666666666666667,477.0,8.8065738205036,3.7416573867739413,substantial
Synthetic_04696,generated,urology,MD,9,2019,12,37.61,0.5972,5.43,-0.841,0.162,2325,Generated based on literature patterns,0.75,258.3333333333333,7.751475318021456,3.0,moderate
Synthetic_04697,generated,dermatology,MD,16,2010,3,66.88,1.0409,44.62,0.131,0.215,655,Generated based on literature patterns,5.333333333333333,40.9375,6.484635235635252,4.0,substantial
Synthetic_04698,generated,infectious_disease,COR,14,2001,3,57.38,0.6712,32.7,-0.249,0.113,3088,Generated based on literature patterns,4.666666666666667,220.57142857142858,8.035278911144667,3.7416573867739413,substantial
Synthetic_04699,generated,neurology,MD,14,2018,23,33.72,0.7966,20.26,-3.564,0.131,1672,Generated based on literature patterns,0.6086956521739131,119.42857142857143,7.421775793644647,3.7416573867739413,moderate
Synthetic_04700,generated,immunology,SMD,10,1999,17,1.79,0.0457,24.79,-0.175,0.103,1733,Generated based on literature patterns,0.5882352941176471,173.3,7.457609289715606,3.1622776601683795,low
Synthetic_04701,generated,immunology,COR,7,2014,4,81.3,1.4142,29.56,-0.158,0.31,340,Generated based on literature patterns,1.75,48.57142857142857,5.8289456176102075,2.6457513110645907,high
Synthetic_04702,generated,immunology,RR,14,2009,5,2.59,0.0111,16.54,1.067,0.059,6267,Generated based on literature patterns,2.8,447.64285714285717,8.743053050224676,3.7416573867739413,low
Synthetic_04703,generated,psychiatry,COR,5,2004,22,1.29,0.0969,5.77,-0.035,0.25,976,Generated based on literature patterns,0.22727272727272727,195.2,6.883462586413092,2.23606797749979,low
Synthetic_04704,generated,infectious_disease,OR,19,2026,9,4.31,0.0155,10.9,0.911,0.03,18848,Generated based on literature patterns,2.111111111111111,992.0,9.844162086451313,4.358898943540674,low
Synthetic_04705,generated,dermatology,MD,10,2001,8,41.08,1.0514,14.4,3.879,0.287,294,Generated based on literature patterns,1.25,29.4,5.683579767338681,3.1622776601683795,moderate
Synthetic_04706,generated,nephrology,COR,16,2005,18,10.49,1.1616,14.71,-0.009,0.325,229,Generated based on literature patterns,0.8888888888888888,14.3125,5.43372200355424,4.0,low
Synthetic_04707,generated,psychiatry,COR,6,2016,5,39.43,0.2749,8.05,0.092,0.075,6463,Generated based on literature patterns,1.2,1077.1666666666667,8.773848885262895,2.449489742783178,moderate
Synthetic_04708,generated,rheumatology,SMD,26,2011,3,61.08,0.2033,50.45,0.17,0.177,2567,Generated based on literature patterns,8.666666666666666,98.73076923076923,7.8504931808711405,5.0990195135927845,substantial
Synthetic_04709,generated,nephrology,RR,13,2012,4,41.96,0.0765,21.46,1.274,0.13,5548,Generated based on literature patterns,3.25,426.7692307692308,8.621192781434722,3.605551275463989,moderate
Synthetic_04710,generated,nephrology,MD,6,2020,5,83.06,1.3806,43.97,2.096,0.731,100,Generated based on literature patterns,1.2,16.666666666666668,4.605170185988092,2.449489742783178,high
Synthetic_04711,generated,pulmonology,RR,10,2011,7,77.6,0.1731,58.71,1.202,0.118,5553,Generated based on literature patterns,1.4285714285714286,555.3,8.622093601241607,3.1622776601683795,high
Synthetic_04712,generated,dermatology,RR,15,2009,8,0.05,0.017,18.52,0.396,0.077,3891,Generated based on literature patterns,1.875,259.4,8.266421472984554,3.872983346207417,low
Synthetic_04713,generated,ophthalmology,COR,28,2020,8,4.69,0.1306,34.08,0.38,0.097,4060,Generated based on literature patterns,3.5,145.0,8.308938252595778,5.291502622129181,low
Synthetic_04714,generated,gastroenterology,HR,15,2011,8,87.02,0.3045,111.23,0.341,0.106,4806,Generated based on literature patterns,1.875,320.4,8.477620416296414,3.872983346207417,high
Synthetic_04715,generated,ophthalmology,SMD,5,2014,6,53.36,0.5806,12.51,-0.136,0.14,5963,Generated based on literature patterns,0.8333333333333334,1192.6,8.693328989123106,2.23606797749979,substantial
Synthetic_04716,generated,endocrinology,RR,13,2003,10,2.26,0.0159,4.76,0.491,0.257,334,Generated based on literature patterns,1.3,25.692307692307693,5.811140992976701,3.605551275463989,low
Synthetic_04717,generated,rheumatology,SMD,16,2016,4,65.76,0.3723,60.1,1.071,0.189,1210,Generated based on literature patterns,4.0,75.625,7.098375638590786,4.0,substantial
Synthetic_04718,generated,endocrinology,SMD,17,2006,8,2.9,0.0298,25.42,0.718,0.051,3349,Generated based on literature patterns,2.125,197.0,8.116417072794205,4.123105625617661,low
Synthetic_04719,generated,rheumatology,COR,8,2013,3,3.8,0.092,14.51,-0.055,0.157,1206,Generated based on literature patterns,2.6666666666666665,150.75,7.095064377287131,2.8284271247461903,low
Synthetic_04720,generated,endocrinology,COR,25,2019,12,42.35,0.317,44.29,0.219,0.185,1133,Generated based on literature patterns,2.0833333333333335,45.32,7.0326242610280065,5.0,moderate
Synthetic_04721,generated,dermatology,HR,33,2008,3,55.38,0.1806,80.0,1.073,0.067,4422,Generated based on literature patterns,11.0,134.0,8.394347361417392,5.744562646538029,substantial
Synthetic_04722,generated,psychiatry,MD,9,2004,3,4.6,0.0844,9.04,-0.749,0.244,267,Generated based on literature patterns,3.0,29.666666666666668,5.58724865840025,3.0,low
Synthetic_04723,generated,infectious_disease,MD,6,2016,13,54.82,1.7085,7.26,1.852,0.165,1252,Generated based on literature patterns,0.46153846153846156,208.66666666666666,7.132497551660044,2.449489742783178,substantial
Synthetic_04724,generated,neurology,HR,14,2007,3,38.99,0.1106,20.07,1.569,0.072,2383,Generated based on literature patterns,4.666666666666667,170.21428571428572,7.776115477098742,3.7416573867739413,moderate
Synthetic_04725,generated,psychiatry,MD,8,2021,8,2.23,0.2164,10.83,-2.1,0.036,17781,Generated based on literature patterns,1.0,2222.625,9.785885750455948,2.8284271247461903,low
